	WormGEMid	GeneID1
2	pfas-1	V3C99_000006
3	egl-5	V3C99_000008
4	ppm-1.G	V3C99_000011
5	gly-5	V3C99_000014
6	abce-1	V3C99_000015
7	NNNNNN	V3C99_000017
29	T12B3.3	V3C99_000022
30	NNNNNN	V3C99_000022
33	NNNNNN	V3C99_000023
37	magu-1	V3C99_000024
38	ser-4	V3C99_000025
46	rnr-1	V3C99_000041
47	ift-139	V3C99_000042
48	NNNNNN	V3C99_000043
49	NNNNNN	V3C99_000045
53	pcaf-1	V3C99_000051
57	F47G4.4	V3C99_000054
59	NNNNNN	V3C99_000057
63	osg-1	V3C99_000064
64	lit-1	V3C99_000065
65	NNNNNN	V3C99_000069
66	NNNNNN	V3C99_000070
67	Y32H12A.8	V3C99_000072
68	Y32H12A.7	V3C99_000074
69	NNNNNN	V3C99_000075
70	ugt-60	V3C99_000076
71	fli-1	V3C99_000077
72	anmt-1	V3C99_000078
73	swp-1	V3C99_000079
74	NNNNNN	V3C99_000082
75	T28D6.7	V3C99_000085
76	mdh-2	V3C99_000087
77	mrps-31	V3C99_000088
79	ptp-1	V3C99_000096
80	NNNNNN	V3C99_000098
81	NNNNNN	V3C99_000100
82	tim-1	V3C99_000105
83	Y44F5A.1	V3C99_000106
84	zhit-2	V3C99_000107
85	mrpl-21	V3C99_000108
87	NNNNNN	V3C99_000111
88	lron-5	V3C99_000112
90	F56A8.3	V3C99_000114
91	F56A8.9	V3C99_000115
92	K11H3.3	V3C99_000116
93	Y37B11A.3	V3C99_000116
94	slc-36.1	V3C99_000117
96	Y43F4B.5	V3C99_000120
98	npp-18	V3C99_000121
99	unc-64	V3C99_000122
100	ubc-7	V3C99_000123
101	rpac-19	V3C99_000124
102	tbg-1	V3C99_000125
103	nipa-1	V3C99_000126
104	T19C3.4	V3C99_000128
105	mog-1	V3C99_000129
106	T19C3.4	V3C99_000130
107	NNNNNN	V3C99_000131
108	K03H1.13	V3C99_000132
110	teg-1	V3C99_000135
112	rab-35	V3C99_000136
114	eef-1B.2	V3C99_000139
116	NNNNNN	V3C99_000140
121	sup-26	V3C99_000151
122	nex-2	V3C99_000152
123	nex-2	V3C99_000153
124	ccdc-55	V3C99_000154
125	rnf-121	V3C99_000155
126	rnf-5	V3C99_000156
127	odr-4	V3C99_000157
128	imph-1	V3C99_000158
130	NNNNNN	V3C99_000160
131	mlc-3	V3C99_000161
132	rpc-2	V3C99_000162
133	mlc-4	V3C99_000163
134	NNNNNN	V3C99_000164
137	elmd-1	V3C99_000165
138	tir-1	V3C99_000166
139	NNNNNN	V3C99_000167
140	spop-1	V3C99_000168
144	mpk-1	V3C99_000172
149	dagl-2	V3C99_000186
150	alh-11	V3C99_000187
151	chin-1	V3C99_000188
152	nra-4	V3C99_000189
155	Y50D7A.10	V3C99_000192
156	NNNNNN	V3C99_000193
157	ads-1	V3C99_000194
158	NNNNNN	V3C99_000195
159	NNNNNN	V3C99_000196
161	nmad-1	V3C99_000202
162	kin-18	V3C99_000203
163	nmad-1	V3C99_000204
165	NNNNNN	V3C99_000206
166	chc-1	V3C99_000207
167	pvf-1	V3C99_000208
168	rsp-3	V3C99_000213
169	rsp-3	V3C99_000214
171	NNNNNN	V3C99_000217
172	B0464.9	V3C99_000218
173	set-17	V3C99_000219
175	sbp-1	V3C99_000222
176	emb-30	V3C99_000223
177	pir-2	V3C99_000225
178	dhhc-8	V3C99_000226
179	Y73B6BL.29	V3C99_000227
180	cul-4	V3C99_000228
181	atx-2	V3C99_000231
182	gpch-1	V3C99_000241
183	prdx-3	V3C99_000242
184	rnp-4	V3C99_000243
185	snfc-5	V3C99_000244
186	NNNNNN	V3C99_000245
187	pac-1	V3C99_000247
191	NNNNNN	V3C99_000250
195	NNNNNN	V3C99_000252
199	NNNNNN	V3C99_000253
208	ima-2	V3C99_000261
209	NNNNNN	V3C99_000262
211	gbf-1	V3C99_000264
212	immp-1	V3C99_000265
213	C46F11.4	V3C99_000266
215	F17C8.9	V3C99_000277
216	him-18	V3C99_000279
217	NNNNNN	V3C99_000281
219	dac-1	V3C99_000283
220	NNNNNN	V3C99_000284
221	NNNNNN	V3C99_000285
223	cul-1	V3C99_000287
224	D2045.9	V3C99_000288
226	D2045.7	V3C99_000289
227	pes-4	V3C99_000290
228	hpo-10	V3C99_000291
249	F09G8.5	V3C99_000293
250	NNNNNN	V3C99_000294
251	ceh-44	V3C99_000295
253	ndua-8	V3C99_000296
254	rbc-2	V3C99_000297
255	NNNNNN	V3C99_000298
257	exos-9	V3C99_000299
259	pfd-5	V3C99_000300
260	NNNNNN	V3C99_000302
261	NNNNNN	V3C99_000303
262	NNNNNN	V3C99_000304
264	tkr-1	V3C99_000305
265	pdfr-1	V3C99_000306
266	C14B9.8	V3C99_000306
268	exos-8	V3C99_000309
269	R10E11.6	V3C99_000310
270	vha-2	V3C99_000311
271	vha-3	V3C99_000311
272	vha-1	V3C99_000312
273	sqv-3	V3C99_000313
287	NNNNNN	V3C99_000316
300	NNNNNN	V3C99_000319
304	NNNNNN	V3C99_000324
307	mcm-6	V3C99_000329
308	cor-1	V3C99_000331
309	NNNNNN	V3C99_000332
310	mrpl-30	V3C99_000334
313	W04B5.5	V3C99_000335
314	Y54F10BM.13	V3C99_000336
315	ppm-1.D	V3C99_000337
316	NNNNNN	V3C99_000338
317	NNNNNN	V3C99_000339
318	cct-5	V3C99_000341
319	atf-7	V3C99_000342
320	NNNNNN	V3C99_000343
321	dcn-1	V3C99_000345
322	mdt-21	V3C99_000346
323	dib-1	V3C99_000347
324	ran-2	V3C99_000348
326	NNNNNN	V3C99_000350
327	citk-2	V3C99_000350
329	cdd-2	V3C99_000351
331	Y75B8A.24	V3C99_000358
332	psme-3	V3C99_000362
333	Y66D12A.10	V3C99_000363
334	anp-1	V3C99_000364
335	NNNNNN	V3C99_000371
336	NNNNNN	V3C99_000372
337	rgr-1	V3C99_000373
338	NNNNNN	V3C99_000375
339	NNNNNN	V3C99_000376
340	rbg-3	V3C99_000377
341	rps-0	V3C99_000378
344	cox-6B	V3C99_000381
345	nduc-2	V3C99_000382
346	tbcc-1	V3C99_000383
347	NNNNNN	V3C99_000386
348	rps-5	V3C99_000387
349	mcm-5	V3C99_000388
354	T23G11.7	V3C99_000402
355	Y34B4A.2	V3C99_000402
356	vps-41	V3C99_000403
360	hsp-16.41	V3C99_000406
361	hsp-16.48	V3C99_000406
362	hsp-16.49	V3C99_000406
370	inf-1	V3C99_000408
371	mrpl-11	V3C99_000410
372	NNNNNN	V3C99_000414
373	gfi-3	V3C99_000415
374	such-1	V3C99_000415
375	ras-2	V3C99_000416
377	mrps-10	V3C99_000422
378	F42A10.9	V3C99_000423
379	NNNNNN	V3C99_000424
387	tbx-9	V3C99_000427
392	NNNNNN	V3C99_000430
393	mdt-19	V3C99_000431
395	NNNNNN	V3C99_000434
437	rml-1	V3C99_000456
439	NNNNNN	V3C99_000461
446	NNNNNN	V3C99_000471
447	NNNNNN	V3C99_000472
450	NNNNNN	V3C99_000476
452	NNNNNN	V3C99_000480
459	tyr-1	V3C99_000492
463	Y50D7A.13	V3C99_000498
464	NNNNNN	V3C99_000499
465	NNNNNN	V3C99_000501
469	nud-1	V3C99_000506
470	acaa-2	V3C99_000507
471	cya-1	V3C99_000508
479	NNNNNN	V3C99_000509
480	fbn-1	V3C99_000510
481	NNNNNN	V3C99_000511
482	NNNNNN	V3C99_000512
483	lonp-2	V3C99_000513
486	nud-1	V3C99_000516
487	cya-1	V3C99_000517
495	NNNNNN	V3C99_000518
496	wrn-1	V3C99_000519
502	NNNNNN	V3C99_000528
503	cnx-1	V3C99_000531
504	panl-3	V3C99_000532
505	NNNNNN	V3C99_000533
506	NNNNNN	V3C99_000534
507	NNNNNN	V3C99_000535
508	NNNNNN	V3C99_000536
509	NNNNNN	V3C99_000537
510	NNNNNN	V3C99_000538
511	NNNNNN	V3C99_000539
512	NNNNNN	V3C99_000540
513	NNNNNN	V3C99_000541
516	ckk-1	V3C99_000547
528	NNNNNN	V3C99_000558
529	vps-16	V3C99_000559
530	txdc-9	V3C99_000560
533	clec-149	V3C99_000569
534	NNNNNN	V3C99_000572
535	frm-8	V3C99_000573
538	NNNNNN	V3C99_000577
539	F40G9.17	V3C99_000578
540	sec-20	V3C99_000579
541	ubc-20	V3C99_000580
542	cox-17	V3C99_000580
543	mxl-2	V3C99_000581
545	NNNNNN	V3C99_000585
546	B0393.3	V3C99_000588
547	mat-3	V3C99_000589
549	C36E8.4	V3C99_000593
550	NNNNNN	V3C99_000594
551	hsp-25	V3C99_000595
552	rpc-1	V3C99_000596
553	ets-4	V3C99_000597
554	NNNNNN	V3C99_000598
555	NNNNNN	V3C99_000599
556	ubq-2	V3C99_000601
557	frg-1	V3C99_000602
558	let-711	V3C99_000603
559	rpn-6.1	V3C99_000604
560	riok-3	V3C99_000605
561	NNNNNN	V3C99_000606
562	lgc-42	V3C99_000607
565	ani-1	V3C99_000611
566	him-6	V3C99_000612
568	ZC262.2	V3C99_000614
569	NNNNNN	V3C99_000618
573	NNNNNN	V3C99_000622
578	NNNNNN	V3C99_000625
579	Y39G8B.1	V3C99_000626
581	let-756	V3C99_000627
582	znf-622	V3C99_000628
583	C16A3.6	V3C99_000629
584	NNNNNN	V3C99_000630
585	NNNNNN	V3C99_000632
586	NNNNNN	V3C99_000635
587	NNNNNN	V3C99_000636
588	NNNNNN	V3C99_000636
589	NNNNNN	V3C99_000636
591	NNNNNN	V3C99_000639
592	NNNNNN	V3C99_000640
593	NNNNNN	V3C99_000642
594	NNNNNN	V3C99_000643
595	NNNNNN	V3C99_000643
596	NNNNNN	V3C99_000643
597	NNNNNN	V3C99_000643
598	NNNNNN	V3C99_000643
600	NNNNNN	V3C99_000643
601	dyf-2	V3C99_000644
602	rps-13	V3C99_000646
603	nfx-1	V3C99_000647
604	NNNNNN	V3C99_000648
605	NNNNNN	V3C99_000650
653	zyg-8	V3C99_000657
654	mrps-34	V3C99_000660
655	NNNNNN	V3C99_000662
656	NNNNNN	V3C99_000663
657	NNNNNN	V3C99_000665
658	NNNNNN	V3C99_000666
659	NNNNNN	V3C99_000666
661	R05D3.2	V3C99_000668
662	Y71G10AR.4	V3C99_000669
663	met-2	V3C99_000670
664	NNNNNN	V3C99_000671
665	rbm-7	V3C99_000673
666	pxl-1	V3C99_000674
667	rib-2	V3C99_000675
668	ran-1	V3C99_000677
669	dkc-1	V3C99_000678
671	nhr-6	V3C99_000680
672	mre-11	V3C99_000681
673	ufc-1	V3C99_000682
675	mrpl-18	V3C99_000684
676	aman-2	V3C99_000685
678	rpl-24.2	V3C99_000687
679	F01F1.2	V3C99_000688
680	rilp-1	V3C99_000689
681	lipl-7	V3C99_000690
682	unc-103	V3C99_000691
683	NNNNNN	V3C99_000695
684	mtm-3	V3C99_000697
685	NNNNNN	V3C99_000699
686	unc-47	V3C99_000700
687	K01G5.8	V3C99_000701
688	dxbp-1	V3C99_000702
689	vps-53	V3C99_000703
694	F48F7.3	V3C99_000708
696	mapk-15	V3C99_000710
701	NNNNNN	V3C99_000711
703	NNNNNN	V3C99_000711
706	C18F10.7	V3C99_000712
707	hmg-1.2	V3C99_000713
708	F20H11.1	V3C99_000715
709	NNNNNN	V3C99_000716
710	sel-9	V3C99_000719
713	arrd-24	V3C99_000723
718	arrd-7	V3C99_000723
729	Y105E8B.7	V3C99_000724
730	cccp-1	V3C99_000725
731	NNNNNN	V3C99_000726
732	NNNNNN	V3C99_000726
733	NNNNNN	V3C99_000726
739	NNNNNN	V3C99_000726
740	NNNNNN	V3C99_000726
748	NNNNNN	V3C99_000730
751	tag-340	V3C99_000734
752	arl-5	V3C99_000736
753	NNNNNN	V3C99_000737
754	hlh-11	V3C99_000738
755	NNNNNN	V3C99_000739
756	stau-1	V3C99_000741
757	swsn-3	V3C99_000742
758	Y71H2AM.6	V3C99_000743
759	ZK632.14	V3C99_000744
760	NNNNNN	V3C99_000746
762	ZK1010.2	V3C99_000750
763	bckd-1A	V3C99_000751
765	dro-1	V3C99_000752
766	mrpl-51	V3C99_000753
767	ttm-1	V3C99_000754
773	ceh-13	V3C99_000768
774	lin-39	V3C99_000771
775	lig-4	V3C99_000772
776	NNNNNN	V3C99_000773
777	vglu-2	V3C99_000774
778	vglu-3	V3C99_000774
779	F23F12.3	V3C99_000776
780	F23F12.13	V3C99_000776
781	NNNNNN	V3C99_000778
782	sftb-1	V3C99_000779
783	T08A11.1	V3C99_000780
784	gex-4	V3C99_000781
785	NNNNNN	V3C99_000783
786	NNNNNN	V3C99_000784
787	usp-46	V3C99_000785
788	ZK632.2	V3C99_000786
789	hach-1	V3C99_000787
790	hum-5	V3C99_000788
791	cul-3	V3C99_000790
792	rpl-6	V3C99_000791
793	dcr-1	V3C99_000792
794	klp-15	V3C99_000793
795	NNNNNN	V3C99_000793
796	NNNNNN	V3C99_000795
814	NNNNNN	V3C99_000806
815	NNNNNN	V3C99_000807
816	C16C10.8	V3C99_000808
817	pgap-2	V3C99_000809
818	mrpl-16	V3C99_000810
819	blos-1	V3C99_000811
820	T20G5.9	V3C99_000812
822	sorf-2	V3C99_000815
823	NNNNNN	V3C99_000817
824	mrt-2	V3C99_000818
825	mig-10	V3C99_000819
826	NNNNNN	V3C99_000821
827	twk-39	V3C99_000822
828	NNNNNN	V3C99_000823
829	NNNNNN	V3C99_000823
830	NNNNNN	V3C99_000823
831	NNNNNN	V3C99_000823
834	NNNNNN	V3C99_000823
836	NNNNNN	V3C99_000823
837	NNNNNN	V3C99_000823
838	NNNNNN	V3C99_000823
859	NNNNNN	V3C99_000829
860	NNNNNN	V3C99_000829
861	NNNNNN	V3C99_000829
862	NNNNNN	V3C99_000829
865	NNNNNN	V3C99_000829
867	NNNNNN	V3C99_000829
868	NNNNNN	V3C99_000829
869	NNNNNN	V3C99_000829
870	NNNNNN	V3C99_000829
872	NNNNNN	V3C99_000829
873	NNNNNN	V3C99_000830
874	NNNNNN	V3C99_000830
875	NNNNNN	V3C99_000830
876	NNNNNN	V3C99_000830
879	NNNNNN	V3C99_000830
881	NNNNNN	V3C99_000830
882	NNNNNN	V3C99_000830
883	NNNNNN	V3C99_000830
889	NNNNNN	V3C99_000832
890	NNNNNN	V3C99_000832
891	NNNNNN	V3C99_000832
892	NNNNNN	V3C99_000832
895	NNNNNN	V3C99_000832
897	NNNNNN	V3C99_000832
898	NNNNNN	V3C99_000832
899	NNNNNN	V3C99_000832
900	NNNNNN	V3C99_000832
902	NNNNNN	V3C99_000832
903	NNNNNN	V3C99_000835
904	NNNNNN	V3C99_000835
905	NNNNNN	V3C99_000835
906	NNNNNN	V3C99_000835
909	NNNNNN	V3C99_000835
911	NNNNNN	V3C99_000835
912	NNNNNN	V3C99_000835
913	NNNNNN	V3C99_000835
914	NNNNNN	V3C99_000835
916	NNNNNN	V3C99_000835
918	NNNNNN	V3C99_000837
919	NNNNNN	V3C99_000837
920	NNNNNN	V3C99_000837
921	NNNNNN	V3C99_000837
924	NNNNNN	V3C99_000837
926	NNNNNN	V3C99_000837
927	NNNNNN	V3C99_000837
928	NNNNNN	V3C99_000837
932	NNNNNN	V3C99_000838
933	NNNNNN	V3C99_000838
934	NNNNNN	V3C99_000838
935	NNNNNN	V3C99_000838
938	NNNNNN	V3C99_000838
940	NNNNNN	V3C99_000838
941	NNNNNN	V3C99_000838
942	NNNNNN	V3C99_000838
946	NNNNNN	V3C99_000839
947	NNNNNN	V3C99_000839
948	NNNNNN	V3C99_000839
949	NNNNNN	V3C99_000839
952	NNNNNN	V3C99_000839
954	NNNNNN	V3C99_000839
955	NNNNNN	V3C99_000839
956	NNNNNN	V3C99_000839
957	NNNNNN	V3C99_000839
959	NNNNNN	V3C99_000839
960	NNNNNN	V3C99_000841
961	NNNNNN	V3C99_000841
962	NNNNNN	V3C99_000841
963	NNNNNN	V3C99_000841
966	NNNNNN	V3C99_000841
968	NNNNNN	V3C99_000841
969	NNNNNN	V3C99_000841
970	NNNNNN	V3C99_000841
971	NNNNNN	V3C99_000841
973	NNNNNN	V3C99_000841
974	bcmo-1	V3C99_000842
975	bcmo-2	V3C99_000842
977	NNNNNN	V3C99_000844
978	NNNNNN	V3C99_000846
1037	ZK353.9	V3C99_000869
1038	cyy-1	V3C99_000871
1039	obr-1	V3C99_000872
1040	smg-6	V3C99_000873
1041	NNNNNN	V3C99_000874
1042	NNNNNN	V3C99_000875
1048	sucl-2	V3C99_000877
1052	NNNNNN	V3C99_000879
1053	ddx-35	V3C99_000880
1055	arx-4	V3C99_000881
1056	ced-9	V3C99_000882
1057	mev-1	V3C99_000883
1063	tag-131	V3C99_000889
1064	acr-21	V3C99_000891
1065	F44E2.6	V3C99_000892
1066	smu-2	V3C99_000893
1067	NNNNNN	V3C99_000894
1068	gcy-32	V3C99_000895
1069	gcy-34	V3C99_000895
1071	B0303.7	V3C99_000896
1073	NNNNNN	V3C99_000898
1075	NNNNNN	V3C99_000902
1082	baz-2	V3C99_000904
1083	upp-1	V3C99_000905
1084	C27D8.1	V3C99_000906
1085	Y39G8C.2	V3C99_000906
1087	F53C3.1	V3C99_000906
1088	par-3	V3C99_000907
1089	C35D10.5	V3C99_000910
1090	seb-2	V3C99_000911
1093	NNNNNN	V3C99_000918
1094	swt-4	V3C99_000922
1095	Y39A1A.9	V3C99_000923
1096	mrps-9	V3C99_000924
1097	F23H11.4	V3C99_000925
1098	F26F2.7	V3C99_000926
1100	vnut-1	V3C99_000928
1101	NNNNNN	V3C99_000929
1102	mrpl-45	V3C99_000930
1105	F56C9.10	V3C99_000934
1106	gsp-2	V3C99_000935
1107	sma-4	V3C99_000936
1108	Y43F8C.6	V3C99_000937
1109	NNNNNN	V3C99_000938
1117	NNNNNN	V3C99_000955
1122	NNNNNN	V3C99_000961
1123	F13H10.3	V3C99_000962
1124	col-14	V3C99_000964
1126	prk-2	V3C99_000970
1127	NNNNNN	V3C99_000971
1128	NNNNNN	V3C99_000973
1129	vps-36	V3C99_000974
1130	fipp-1	V3C99_000975
1131	NNNNNN	V3C99_000976
1133	F48B9.8	V3C99_000978
1134	abt-4	V3C99_000981
1135	arx-6	V3C99_000982
1136	arl-6	V3C99_000983
1137	C35D10.1	V3C99_000983
1138	pal-1	V3C99_000984
1139	cyk-3	V3C99_000985
1140	ZK418.5	V3C99_000987
1141	NNNNNN	V3C99_000988
1142	C05D11.5	V3C99_000989
1143	NNNNNN	V3C99_000992
1144	atgl-1	V3C99_000993
1145	C05D11.8	V3C99_000994
1146	popl-1	V3C99_000995
1147	mrps-17	V3C99_000997
1149	F44B9.8	V3C99_000999
1150	hpr-9	V3C99_001000
1151	emg-1	V3C99_001001
1152	dhhc-4	V3C99_001002
1155	unc-51	V3C99_001005
1156	tufm-1	V3C99_001006
1157	Y71H2AM.3	V3C99_001007
1162	ZK370.4	V3C99_001011
1165	elpc-3	V3C99_001014
1166	NNNNNN	V3C99_001015
1189	NNNNNN	V3C99_001026
1190	T03F6.3	V3C99_001028
1191	apc-2	V3C99_001029
1192	grp-1	V3C99_001030
1193	vms-1	V3C99_001031
1194	idi-1	V3C99_001032
1195	spcs-3	V3C99_001033
1196	ida-1	V3C99_001034
1197	cit-1.1	V3C99_001035
1200	NNNNNN	V3C99_001036
1201	thoc-2	V3C99_001037
1207	cdk-8	V3C99_001039
1208	NNNNNN	V3C99_001040
1222	T07D3.4	V3C99_001045
1223	W02B3.4	V3C99_001045
1225	Y22D7AL.11	V3C99_001045
1231	NNNNNN	V3C99_001046
1243	NNNNNN	V3C99_001048
1245	NNNNNN	V3C99_001048
1246	NNNNNN	V3C99_001048
1247	NNNNNN	V3C99_001048
1248	NNNNNN	V3C99_001048
1249	NNNNNN	V3C99_001048
1251	NNNNNN	V3C99_001048
1253	NNNNNN	V3C99_001048
1254	NNNNNN	V3C99_001048
1256	NNNNNN	V3C99_001048
1257	NNNNNN	V3C99_001048
1258	NNNNNN	V3C99_001048
1259	NNNNNN	V3C99_001048
1260	NNNNNN	V3C99_001048
1264	NNNNNN	V3C99_001050
1265	W09D10.4	V3C99_001053
1266	W09D10.4	V3C99_001054
1268	NNNNNN	V3C99_001057
1270	tat-3	V3C99_001060
1272	lec-6	V3C99_001064
1273	lec-6	V3C99_001065
1276	dpy-19	V3C99_001072
1277	NNNNNN	V3C99_001073
1279	T07D3.4	V3C99_001074
1280	W02B3.4	V3C99_001074
1282	Y22D7AL.11	V3C99_001074
1283	NNNNNN	V3C99_001076
1284	slo-2	V3C99_001080
1285	mab-5	V3C99_001082
1286	NNNNNN	V3C99_001091
1287	set-16	V3C99_001092
1291	cids-1	V3C99_001104
1292	C02F5.3	V3C99_001105
1293	C02F5.13	V3C99_001106
1294	dpy-23	V3C99_001107
1296	Y34D9A.7	V3C99_001115
1297	trxr-2	V3C99_001116
1298	tpk-1	V3C99_001117
1299	unc-32	V3C99_001118
1300	lin-9	V3C99_001119
1304	NNNNNN	V3C99_001120
1305	C35D10.12	V3C99_001121
1306	fozi-1	V3C99_001122
1307	Y46E12A.3	V3C99_001127
1308	klp-20	V3C99_001128
1309	ppk-2	V3C99_001129
1310	dars-1	V3C99_001130
1311	NNNNNN	V3C99_001131
1312	NNNNNN	V3C99_001132
1313	NNNNNN	V3C99_001133
1314	NNNNNN	V3C99_001134
1315	npp-25	V3C99_001136
1316	pdr-1	V3C99_001137
1317	lpd-7	V3C99_001138
1318	rpl-9	V3C99_001139
1320	alh-12	V3C99_001141
1321	NNNNNN	V3C99_001142
1322	mfsd-6	V3C99_001143
1323	NNNNNN	V3C99_001147
1330	mvk-1	V3C99_001163
1332	NNNNNN	V3C99_001166
1333	NNNNNN	V3C99_001167
1334	NNNNNN	V3C99_001168
1335	NNNNNN	V3C99_001169
1336	NNNNNN	V3C99_001170
1337	NNNNNN	V3C99_001170
1339	NNNNNN	V3C99_001171
1341	NNNNNN	V3C99_001172
1345	ogt-1	V3C99_001174
1346	rnp-7	V3C99_001175
1347	nuo-4	V3C99_001175
1348	NNNNNN	V3C99_001176
1349	acs-4	V3C99_001177
1350	mfsd-8	V3C99_001178
1352	NNNNNN	V3C99_001181
1353	Y105E8A.20	V3C99_001182
1356	NNNNNN	V3C99_001189
1362	NNNNNN	V3C99_001192
1364	NNNNNN	V3C99_001193
1366	NNNNNN	V3C99_001193
1367	NNNNNN	V3C99_001193
1368	glr-2	V3C99_001194
1369	clpf-1	V3C99_001195
1370	NNNNNN	V3C99_001196
1371	NNNNNN	V3C99_001197
1372	NNNNNN	V3C99_001197
1373	doxa-1	V3C99_001198
1374	nhl-1	V3C99_001199
1375	ZK512.4	V3C99_001200
1376	klp-19	V3C99_001201
1377	ceh-10	V3C99_001203
1378	polq-1	V3C99_001204
1379	rev-3	V3C99_001205
1387	NNNNNN	V3C99_001206
1388	NNNNNN	V3C99_001207
1389	mls-2	V3C99_001208
1391	rom-1	V3C99_001212
1393	NNNNNN	V3C99_001215
1394	txbp-3	V3C99_001216
1396	lon-3	V3C99_001218
1397	rol-6	V3C99_001218
1398	NNNNNN	V3C99_001219
1399	NNNNNN	V3C99_001224
1400	tra-1	V3C99_001226
1401	dpy-18	V3C99_001230
1402	dpy-18	V3C99_001231
1403	npr-17	V3C99_001233
1405	smrc-1	V3C99_001236
1406	NNNNNN	V3C99_001237
1407	C56A3.6	V3C99_001238
1408	larp-1	V3C99_001239
1409	nekl-4	V3C99_001240
1410	let-765	V3C99_001241
1411	set-1	V3C99_001242
1412	T26A5.6	V3C99_001243
1413	let-721	V3C99_001244
1414	mel-32	V3C99_001245
1415	ptr-9	V3C99_001246
1416	sap-140	V3C99_001247
1419	F10E9.11	V3C99_001250
1428	NNNNNN	V3C99_001252
1429	NNNNNN	V3C99_001254
1431	egl-45	V3C99_001256
1432	kcmf-1	V3C99_001258
1436	NNNNNN	V3C99_001260
1437	NNNNNN	V3C99_001261
1438	mrpl-12	V3C99_001263
1439	Y39A1A.22	V3C99_001264
1440	Y39A1A.21	V3C99_001265
1441	NNNNNN	V3C99_001266
1442	NNNNNN	V3C99_001267
1443	NNNNNN	V3C99_001268
1444	mrpl-12	V3C99_001269
1445	Y39A1A.22	V3C99_001270
1446	NNNNNN	V3C99_001271
1447	NNNNNN	V3C99_001272
1450	aco-2	V3C99_001274
1451	eef-1B.1	V3C99_001275
1482	cua-1	V3C99_001280
1483	cua-1	V3C99_001281
1484	abcf-2	V3C99_001282
1485	NNNNNN	V3C99_001283
1486	ant-1.1	V3C99_001284
1487	ant-1.2	V3C99_001284
1488	ant-1.3	V3C99_001284
1489	ant-1.4	V3C99_001284
1491	gsto-2	V3C99_001285
1492	gsto-1	V3C99_001285
1493	C02D5.4	V3C99_001285
1494	NNNNNN	V3C99_001286
1495	maa-1	V3C99_001287
1496	popl-5	V3C99_001288
1498	nars-2	V3C99_001289
1499	NNNNNN	V3C99_001290
1500	NNNNNN	V3C99_001290
1501	dnc-2	V3C99_001294
1503	grk-2	V3C99_001303
1504	C24A3.1	V3C99_001304
1505	Y66D12A.21	V3C99_001305
1506	tin-10	V3C99_001306
1507	NNNNNN	V3C99_001307
1508	NNNNNN	V3C99_001308
1510	pdcd-2	V3C99_001311
1513	ncl-1	V3C99_001314
1514	rpb-8	V3C99_001315
1515	rars-1	V3C99_001316
1516	ZK512.2	V3C99_001318
1517	NNNNNN	V3C99_001319
1518	slc-17.2	V3C99_001320
1521	brc-1	V3C99_001326
1523	acs-19	V3C99_001327
1524	pigt-1	V3C99_001329
1525	clp-2	V3C99_001330
1526	dscc-1	V3C99_001331
1527	glr-1	V3C99_001332
1544	NNNNNN	V3C99_001338
1545	eat-4	V3C99_001342
1548	byn-1	V3C99_001346
1549	coq-2	V3C99_001347
1550	rfc-2	V3C99_001348
1551	flap-1	V3C99_001349
1552	NNNNNN	V3C99_001350
1553	C27F2.4	V3C99_001352
1554	vps-22	V3C99_001353
1555	C27F2.9	V3C99_001354
1556	ntl-9	V3C99_001355
1557	mrps-18C	V3C99_001356
1558	fsn-1	V3C99_001357
1559	rpb-2	V3C99_001358
1562	cts-1	V3C99_001377
1566	NNNNNN	V3C99_001379
1567	NNNNNN	V3C99_001379
1568	gldi-9	V3C99_001380
1569	cnk-1	V3C99_001381
1570	pad-2	V3C99_001381
1571	R01H10.7	V3C99_001382
1572	bbs-5	V3C99_001383
1573	ina-1	V3C99_001385
1574	tax-4	V3C99_001386
1575	NNNNNN	V3C99_001389
1576	NNNNNN	V3C99_001390
1577	NNNNNN	V3C99_001391
1579	slc-25A10	V3C99_001395
1580	NNNNNN	V3C99_001396
1581	Y67D2.5	V3C99_001399
1582	cisd-3.2	V3C99_001400
1583	rpc-11	V3C99_001401
1584	NNNNNN	V3C99_001402
1585	Y82E9BR.14	V3C99_001404
1586	Y82E9BR.3	V3C99_001405
1590	rsp-8	V3C99_001410
1591	cwf-19L2	V3C99_001411
1592	NNNNNN	V3C99_001413
1593	pef-1	V3C99_001414
1594	NNNNNN	V3C99_001416
1595	wip-1	V3C99_001417
1596	mdt-11	V3C99_001418
1597	NNNNNN	V3C99_001419
1598	R144.13	V3C99_001420
1599	Y22D7AL.10	V3C99_001421
1600	hsp-60	V3C99_001422
1602	Y71H2AM.2	V3C99_001429
1603	hipr-1	V3C99_001429
1604	alkb-8	V3C99_001432
1605	ears-2	V3C99_001433
1606	rpn-13	V3C99_001434
1607	let-767	V3C99_001435
1609	stdh-1	V3C99_001435
1610	stdh-3	V3C99_001435
1612	NNNNNN	V3C99_001436
1613	mua-3	V3C99_001437
1616	NNNNNN	V3C99_001439
1617	rps-28	V3C99_001441
1618	elpc-2	V3C99_001442
1619	hmg-3	V3C99_001443
1620	hmg-4	V3C99_001443
1621	scav-3	V3C99_001444
1622	T20B12.7	V3C99_001447
1623	mml-1	V3C99_001448
1624	cah-1	V3C99_001449
1625	cox-6A	V3C99_001452
1626	scc-3	V3C99_001453
1627	cox-6A	V3C99_001454
1628	NNNNNN	V3C99_001460
1629	sax-2	V3C99_001461
1630	tbx-2	V3C99_001462
1631	Y54H5A.2	V3C99_001463
1634	NNNNNN	V3C99_001469
1635	gcna-1	V3C99_001472
1639	bbs-4	V3C99_001483
1640	dgk-3	V3C99_001484
1641	txdc-17	V3C99_001486
1642	NNNNNN	V3C99_001487
1643	Y71H2AM.1	V3C99_001488
1644	asna-1	V3C99_001489
1645	best-18	V3C99_001490
1646	W02F12.2	V3C99_001490
1648	rabx-5	V3C99_001493
1649	gpdh-2	V3C99_001494
1651	NNNNNN	V3C99_001498
1652	abi-1	V3C99_001500
1653	F54F2.9	V3C99_001501
1654	pat-2	V3C99_001502
1655	bub-1	V3C99_001504
1660	act-1	V3C99_001505
1661	act-2	V3C99_001505
1662	act-3	V3C99_001505
1663	act-4	V3C99_001505
1665	prx-19	V3C99_001506
1666	F54F2.7	V3C99_001507
1667	unc-50	V3C99_001509
1668	unc-69	V3C99_001510
1670	C25G4.3	V3C99_001514
1671	F44B9.5	V3C99_001515
1672	NNNNNN	V3C99_001516
1673	cct-6	V3C99_001517
1674	ddx-23	V3C99_001518
1675	mdt-15	V3C99_001519
1676	NNNNNN	V3C99_001520
1679	trp-2	V3C99_001523
1680	ZK1236.1	V3C99_001524
1681	C16E9.2	V3C99_001525
1683	mmab-1	V3C99_001528
1684	ula-1	V3C99_001529
1685	div-1	V3C99_001531
1686	rnp-5	V3C99_001532
1687	dbn-1	V3C99_001533
1688	Y39A1A.3	V3C99_001534
1689	epg-6	V3C99_001535
1690	metl-18	V3C99_001536
1691	golg-4	V3C99_001537
1693	isw-1	V3C99_001541
1694	NNNNNN	V3C99_001542
1695	wdr-4	V3C99_001543
1696	cyld-1	V3C99_001546
1697	Y108G3AL.2	V3C99_001548
1698	Y108G3AL.2	V3C99_001550
1699	rps-22	V3C99_001551
1700	polh-1	V3C99_001552
1701	NNNNNN	V3C99_001555
1703	gpdh-2	V3C99_001557
1704	rabx-5	V3C99_001558
1708	NNNNNN	V3C99_001567
1709	Y75B8A.7	V3C99_001568
1710	bcl-7	V3C99_001569
1711	zmp-1	V3C99_001570
1712	NNNNNN	V3C99_001573
1713	NNNNNN	V3C99_001574
1714	svop-1	V3C99_001575
1715	NNNNNN	V3C99_001576
1716	mcm-3	V3C99_001581
1717	Y39A3A.4	V3C99_001582
1718	Y48G9A.9	V3C99_001582
1719	rsks-1	V3C99_001584
1720	cdh-4	V3C99_001587
1721	NNNNNN	V3C99_001589
1726	NNNNNN	V3C99_001592
1727	let-504	V3C99_001593
1728	NNNNNN	V3C99_001594
1729	amdh-1	V3C99_001595
1730	stt-3	V3C99_001596
1731	NNNNNN	V3C99_001597
1732	bcas-2	V3C99_001598
1733	esyt-2	V3C99_001599
1736	taf-12	V3C99_001605
1738	NNNNNN	V3C99_001611
1739	sel-13	V3C99_001612
1740	ubxn-4	V3C99_001613
1756	NNNNNN	V3C99_001618
1757	NNNNNN	V3C99_001619
1758	myo-6	V3C99_001623
1759	hlh-8	V3C99_001624
1760	cnd-1	V3C99_001625
1764	NNNNNN	V3C99_001627
1765	sgcb-1	V3C99_001630
1766	C33G3.4	V3C99_001632
1767	kap-1	V3C99_001634
1768	toc-1	V3C99_001635
1769	clk-1	V3C99_001636
1770	M04B2.4	V3C99_001641
1771	R12B2.2	V3C99_001642
1773	NNNNNN	V3C99_001643
1778	pde-12	V3C99_001646
1779	sbsp-1	V3C99_001650
1780	T28D6.6	V3C99_001657
1781	NNNNNN	V3C99_001658
1783	NNNNNN	V3C99_001665
1785	NNNNNN	V3C99_001668
1786	exoc-7	V3C99_001670
1787	ndx-7	V3C99_001671
1788	zfp-1	V3C99_001672
1789	T05G5.5	V3C99_001673
1791	NNNNNN	V3C99_001676
1792	NNNNNN	V3C99_001677
1793	NNNNNN	V3C99_001678
1794	tat-1	V3C99_001680
1795	NNNNNN	V3C99_001681
1796	nca-2	V3C99_001682
1798	NNNNNN	V3C99_001683
1799	cnd-1	V3C99_001685
1800	B0464.6	V3C99_001686
1801	prp-3	V3C99_001687
1802	pitp-1	V3C99_001689
1803	pph-4.1	V3C99_001690
1805	glrx-5	V3C99_001691
1806	mrpl-36	V3C99_001692
1807	ecps-1	V3C99_001693
1809	smrd-1	V3C99_001694
1811	NNNNNN	V3C99_001697
1813	sel-15	V3C99_001700
1814	R04F11.5	V3C99_001701
1815	C45E5.1	V3C99_001702
1816	K02D10.1	V3C99_001702
1821	mtss-1	V3C99_001705
1823	K02D10.1	V3C99_001706
1824	snap-29	V3C99_001707
1825	NNNNNN	V3C99_001708
1826	NNNNNN	V3C99_001709
1827	fars-1	V3C99_001710
1828	NNNNNN	V3C99_001711
1829	alh-9	V3C99_001712
1830	Y56A3A.2	V3C99_001712
1831	NNNNNN	V3C99_001713
1832	jmjd-4	V3C99_001716
1834	daf-4	V3C99_001722
1835	exo-1	V3C99_001724
1836	NNNNNN	V3C99_001725
1837	heh-1	V3C99_001726
1838	F35G12.12	V3C99_001729
1839	wdr-48	V3C99_001730
1840	prp-8	V3C99_001731
1841	NNNNNN	V3C99_001733
1842	cil-1	V3C99_001734
1843	dnpp-1	V3C99_001735
1844	C16C10.2	V3C99_001737
1845	C16C10.1	V3C99_001739
1847	lars-1	V3C99_001740
1850	NNNNNN	V3C99_001741
1851	gei-1	V3C99_001743
1852	NNNNNN	V3C99_001744
1853	T03F6.6	V3C99_001745
1854	mup-4	V3C99_001746
1855	NNNNNN	V3C99_001748
1856	NNNNNN	V3C99_001751
1857	NNNNNN	V3C99_001753
1858	har-1	V3C99_001755
1859	B0250.5	V3C99_001756
1860	glod-4	V3C99_001757
1861	ZK1098.11	V3C99_001758
1862	unc-16	V3C99_001759
1863	ZK1098.11	V3C99_001759
1864	rnf-113	V3C99_001760
1865	coq-8	V3C99_001761
1866	C35D10.17	V3C99_001763
1868	gos-28	V3C99_001769
1869	F08F8.7	V3C99_001770
1870	plr-1	V3C99_001771
1871	algn-1	V3C99_001773
1872	jhdm-1	V3C99_001775
1873	hpl-1	V3C99_001776
1874	NNNNNN	V3C99_001776
1878	NNNNNN	V3C99_001777
1883	coq-5	V3C99_001794
1884	tag-307	V3C99_001795
1885	F57B9.1	V3C99_001796
1886	R144.6	V3C99_001797
1887	R144.12	V3C99_001798
1888	R144.11	V3C99_001799
1889	slc-25A26	V3C99_001800
1890	NNNNNN	V3C99_001801
1891	nonu-1	V3C99_001802
1892	NNNNNN	V3C99_001803
1893	NNNNNN	V3C99_001807
1894	pod-1	V3C99_001809
1895	mlh-1	V3C99_001810
1897	NNNNNN	V3C99_001813
1898	orc-1	V3C99_001815
1899	NNNNNN	V3C99_001816
1900	K01G5.10	V3C99_001817
1901	mrpl-32	V3C99_001818
1902	rpn-3	V3C99_001819
1904	hsp-110	V3C99_001820
1905	tomm-7	V3C99_001822
1906	ufm-1	V3C99_001823
1907	NNNNNN	V3C99_001824
1910	Y70G10A.3	V3C99_001827
1911	NNNNNN	V3C99_001828
1929	unc-116	V3C99_001833
1930	ZC262.7	V3C99_001833
1931	T23B5.4	V3C99_001835
1932	C23G10.7	V3C99_001838
1935	nex-3	V3C99_001841
1936	ceh-43	V3C99_001843
1937	NNNNNN	V3C99_001844
1938	ifet-1	V3C99_001845
1939	rps-1	V3C99_001846
1940	NNNNNN	V3C99_001847
1941	NNNNNN	V3C99_001848
1942	rfp-1	V3C99_001850
1944	C23G10.7	V3C99_001852
1948	unc-119	V3C99_001854
1949	vps-50	V3C99_001855
1950	Y43F4A.1	V3C99_001856
1952	myo-2	V3C99_001858
1967	hip-1	V3C99_001863
1968	NNNNNN	V3C99_001864
1970	C10C5.3	V3C99_001866
1971	C10C5.4	V3C99_001866
1972	C10C5.5	V3C99_001866
1973	C06A6.4	V3C99_001866
1974	shpk-1	V3C99_001868
1975	C38H2.2	V3C99_001869
1976	cgh-1	V3C99_001870
1978	nol-14	V3C99_001872
1982	metl-5	V3C99_001877
1983	trpp-3	V3C99_001878
1984	prp-40	V3C99_001879
1985	klp-6	V3C99_001881
1986	der-2	V3C99_001883
1987	hsp-75	V3C99_001884
1988	lipt-1	V3C99_001885
1989	snrp-40.1	V3C99_001886
1991	R151.8	V3C99_001887
1992	adr-2	V3C99_001888
1993	ndus-8	V3C99_001889
1994	ndus-8	V3C99_001890
1995	ndus-8	V3C99_001891
1996	NNNNNN	V3C99_001892
1997	NNNNNN	V3C99_001893
1998	NNNNNN	V3C99_001894
1999	NNNNNN	V3C99_001895
2000	ndus-8	V3C99_001896
2002	ndus-8	V3C99_001898
2003	adr-2	V3C99_001899
2004	R151.8	V3C99_001900
2005	snrp-40.1	V3C99_001901
2007	lipt-1	V3C99_001902
2008	hsp-75	V3C99_001903
2009	der-2	V3C99_001904
2010	klp-6	V3C99_001905
2011	clu-1	V3C99_001907
2012	NNNNNN	V3C99_001908
2014	rnr-2	V3C99_001910
2015	lgc-37	V3C99_001913
2016	gab-1	V3C99_001915
2018	gut-2	V3C99_001917
2019	M01F1.9	V3C99_001918
2020	dph-7	V3C99_001919
2022	cuc-1	V3C99_001920
2024	Y41C4A.8	V3C99_001922
2025	Y41C4A.9	V3C99_001922
2026	elb-1	V3C99_001923
2027	imp-2	V3C99_001924
2030	F47D12.9	V3C99_001929
2033	NNNNNN	V3C99_001934
2035	scav-2	V3C99_001936
2036	Y55D5A.3	V3C99_001937
2037	Y76A2B.5	V3C99_001938
2038	ppat-1	V3C99_001939
2039	rpb-11	V3C99_001940
2040	F48E8.4	V3C99_001941
2041	F48E8.2	V3C99_001942
2042	NNNNNN	V3C99_001943
2043	sulp-1	V3C99_001944
2044	ift-81	V3C99_001945
2046	rab-30	V3C99_001947
2049	NNNNNN	V3C99_001949
2051	NNNNNN	V3C99_001951
2052	ntl-3	V3C99_001952
2053	mif-1	V3C99_001953
2055	klf-1	V3C99_001955
2056	nduf-9	V3C99_001956
2057	NNNNNN	V3C99_001958
2059	asah-2	V3C99_001960
2060	hmt-1	V3C99_001963
2061	Y48A6C.4	V3C99_001964
2062	NNNNNN	V3C99_001965
2063	bud-31	V3C99_001966
2064	set-3	V3C99_001967
2065	Y71H2AM.20	V3C99_001968
2066	R08D7.4	V3C99_001969
2067	R08D7.5	V3C99_001970
2068	lin-28	V3C99_001971
2069	clp-1	V3C99_001972
2070	kars-1	V3C99_001973
2071	daf-41	V3C99_001974
2075	eftu-2	V3C99_001977
2076	sly-1	V3C99_001978
2077	NNNNNN	V3C99_001980
2078	NNNNNN	V3C99_001981
2079	NNNNNN	V3C99_001982
2080	psd-1	V3C99_001984
2081	B0361.6	V3C99_001984
2082	NNNNNN	V3C99_001991
2083	dpyd-1	V3C99_001992
2085	NNNNNN	V3C99_001998
2086	NNNNNN	V3C99_001999
2087	NNNNNN	V3C99_001999
2088	NNNNNN	V3C99_001999
2089	kvs-4	V3C99_002005
2090	NNNNNN	V3C99_002006
2091	nono-1	V3C99_002007
2092	dlc-1	V3C99_002008
2095	png-1	V3C99_002009
2109	C56C10.6	V3C99_002010
2110	F54H5.2	V3C99_002010
2112	lim-8	V3C99_002011
2122	mans-3	V3C99_002018
2123	NNNNNN	V3C99_002019
2124	aakg-1	V3C99_002023
2125	nmt-1	V3C99_002024
2137	NNNNNN	V3C99_002033
2139	pros-1	V3C99_002036
2140	NNNNNN	V3C99_002037
2141	cbp-1	V3C99_002040
2147	Y67D2.2	V3C99_002041
2167	rep-1	V3C99_002044
2169	NNNNNN	V3C99_002045
2170	NNNNNN	V3C99_002045
2171	NNNNNN	V3C99_002045
2172	NNNNNN	V3C99_002045
2173	NNNNNN	V3C99_002045
2179	NNNNNN	V3C99_002047
2184	NNNNNN	V3C99_002048
2185	NNNNNN	V3C99_002048
2186	NNNNNN	V3C99_002048
2188	NNNNNN	V3C99_002048
2189	NNNNNN	V3C99_002048
2190	NNNNNN	V3C99_002048
2191	NNNNNN	V3C99_002048
2192	NNNNNN	V3C99_002048
2193	NNNNNN	V3C99_002048
2194	NNNNNN	V3C99_002048
2195	NNNNNN	V3C99_002048
2196	NNNNNN	V3C99_002048
2197	NNNNNN	V3C99_002049
2198	NNNNNN	V3C99_002049
2199	NNNNNN	V3C99_002049
2200	NNNNNN	V3C99_002049
2201	NNNNNN	V3C99_002049
2202	NNNNNN	V3C99_002049
2203	NNNNNN	V3C99_002049
2204	NNNNNN	V3C99_002050
2205	NNNNNN	V3C99_002050
2206	NNNNNN	V3C99_002050
2207	NNNNNN	V3C99_002050
2208	NNNNNN	V3C99_002050
2209	NNNNNN	V3C99_002050
2210	NNNNNN	V3C99_002050
2212	NNNNNN	V3C99_002051
2213	NNNNNN	V3C99_002051
2214	NNNNNN	V3C99_002051
2215	NNNNNN	V3C99_002051
2216	NNNNNN	V3C99_002051
2217	NNNNNN	V3C99_002051
2218	NNNNNN	V3C99_002051
2220	NNNNNN	V3C99_002052
2221	NNNNNN	V3C99_002052
2222	NNNNNN	V3C99_002052
2223	NNNNNN	V3C99_002052
2224	NNNNNN	V3C99_002052
2225	NNNNNN	V3C99_002052
2226	NNNNNN	V3C99_002052
2227	NNNNNN	V3C99_002053
2228	NNNNNN	V3C99_002053
2229	trf-1	V3C99_002054
2230	F45G2.8	V3C99_002056
2231	F45G2.9	V3C99_002057
2232	ciao-2B	V3C99_002058
2233	NNNNNN	V3C99_002059
2234	trd-1	V3C99_002060
2235	tbp-1	V3C99_002061
2236	T20B12.3	V3C99_002062
2237	Y75B8A.31	V3C99_002063
2238	H10E21.5	V3C99_002064
2239	evl-18	V3C99_002065
2241	D1054.3	V3C99_002067
2242	pas-2	V3C99_002068
2243	lin-48	V3C99_002069
2244	K04C2.2	V3C99_002070
2246	C35D10.10	V3C99_002072
2247	NNNNNN	V3C99_002073
2249	ced-4	V3C99_002076
2250	ssl-1	V3C99_002077
2251	hut-1	V3C99_002078
2253	Y37D8A.2	V3C99_002080
2255	Y37D8A.25	V3C99_002081
2256	arx-5	V3C99_002082
2257	NNNNNN	V3C99_002084
2258	NNNNNN	V3C99_002085
2259	yju-2	V3C99_002087
2260	pll-1	V3C99_002088
2261	NNNNNN	V3C99_002090
2262	NNNNNN	V3C99_002091
2263	tdp-1	V3C99_002092
2266	daf-7	V3C99_002096
2267	daf-7	V3C99_002097
2268	trpp-11	V3C99_002098
2269	trpp-11	V3C99_002099
2270	NNNNNN	V3C99_002101
2271	aldo-1	V3C99_002102
2272	aldo-1	V3C99_002103
2274	acsd-1	V3C99_002105
2276	NNNNNN	V3C99_002107
2279	acy-4	V3C99_002110
2280	NNNNNN	V3C99_002111
2281	NNNNNN	V3C99_002114
2282	NNNNNN	V3C99_002115
2283	NNNNNN	V3C99_002116
2284	feh-1	V3C99_002117
2285	NNNNNN	V3C99_002118
2286	ZK686.3	V3C99_002119
2287	snu-23	V3C99_002120
2288	NNNNNN	V3C99_002121
2334	NNNNNN	V3C99_002122
2335	rha-2	V3C99_002123
2336	NNNNNN	V3C99_002124
2337	C37C3.12	V3C99_002126
2338	NNNNNN	V3C99_002127
2343	NNNNNN	V3C99_002128
2346	NNNNNN	V3C99_002129
2348	NNNNNN	V3C99_002133
2349	acbp-5	V3C99_002134
2350	glrx-21	V3C99_002135
2352	NNNNNN	V3C99_002137
2365	T28D6.4	V3C99_002146
2366	trp-1	V3C99_002147
2367	sta-2	V3C99_002148
2370	cyp-34A1	V3C99_002149
2371	cyp-34A2	V3C99_002149
2372	cyp-34A5	V3C99_002149
2373	cyp-34A6	V3C99_002149
2374	cyp-34A7	V3C99_002149
2375	cyp-34A8	V3C99_002149
2376	cyp-34A9	V3C99_002149
2377	cyp-34A10	V3C99_002149
2387	NNNNNN	V3C99_002149
2390	cyp-34A1	V3C99_002150
2391	cyp-34A2	V3C99_002150
2392	cyp-34A5	V3C99_002150
2393	cyp-34A6	V3C99_002150
2394	cyp-34A7	V3C99_002150
2395	cyp-34A8	V3C99_002150
2396	cyp-34A9	V3C99_002150
2397	cyp-34A10	V3C99_002150
2407	NNNNNN	V3C99_002150
2410	php-3	V3C99_002153
2414	let-716	V3C99_002159
2415	C16A3.2	V3C99_002162
2424	NNNNNN	V3C99_002175
2425	NNNNNN	V3C99_002176
2429	NNNNNN	V3C99_002180
2433	cyp-34A1	V3C99_002185
2434	cyp-34A2	V3C99_002185
2436	cyp-34A5	V3C99_002185
2437	cyp-34A6	V3C99_002185
2438	cyp-34A7	V3C99_002185
2439	cyp-34A8	V3C99_002185
2440	cyp-34A9	V3C99_002185
2441	cyp-34A10	V3C99_002185
2456	NNNNNN	V3C99_002185
2472	unc-86	V3C99_002189
2473	gtf-2H2C	V3C99_002191
2474	C34C12.8	V3C99_002192
2475	pph-6	V3C99_002193
2476	C34C12.4	V3C99_002194
2477	dog-1	V3C99_002195
2484	rsu-1	V3C99_002199
2485	hus-1	V3C99_002201
2487	mlc-5	V3C99_002202
2488	taf-9	V3C99_002203
2489	NNNNNN	V3C99_002204
2490	rab-33	V3C99_002206
2491	taf-11.1	V3C99_002207
2492	taf-11.2	V3C99_002207
2493	NNNNNN	V3C99_002211
2494	sqrd-1	V3C99_002212
2495	Y9C9A.16	V3C99_002212
2496	sqrd-1	V3C99_002213
2497	Y9C9A.16	V3C99_002213
2500	cdh-1	V3C99_002216
2501	R10F2.5	V3C99_002217
2502	NNNNNN	V3C99_002218
2505	NNNNNN	V3C99_002221
2506	lis-1	V3C99_002224
2507	C40H1.3	V3C99_002225
2508	F10E7.5	V3C99_002228
2509	daz-1	V3C99_002229
2510	NNNNNN	V3C99_002230
2513	slc-30A9	V3C99_002234
2514	NNNNNN	V3C99_002235
2515	pbo-1	V3C99_002236
2524	NNNNNN	V3C99_002240
2526	NNNNNN	V3C99_002242
2527	NNNNNN	V3C99_002243
2529	henn-1	V3C99_002256
2530	rfs-1	V3C99_002257
2531	tpst-1	V3C99_002259
2532	sbds-1	V3C99_002260
2533	tag-266	V3C99_002261
2534	F55F8.3	V3C99_002262
2535	F55F8.2	V3C99_002263
2537	gsto-3	V3C99_002273
2552	fbxl-1	V3C99_002280
2553	ckr-2	V3C99_002283
2554	NNNNNN	V3C99_002286
2555	ubq-1	V3C99_002288
2556	npp-10	V3C99_002289
2558	mai-2	V3C99_002290
2559	srrt-1	V3C99_002291
2560	prp-19	V3C99_002292
2561	ulp-1	V3C99_002293
2562	T10F2.2	V3C99_002294
2563	gars-1	V3C99_002295
2564	NNNNNN	V3C99_002296
2565	NNNNNN	V3C99_002297
2566	K03H1.5	V3C99_002299
2567	gro-1	V3C99_002301
2568	hap-1	V3C99_002302
2569	gop-3	V3C99_002303
2570	gop-2	V3C99_002304
2571	gop-1	V3C99_002305
2574	nhl-2	V3C99_002312
2575	Y47D3A.14	V3C99_002313
2576	NNNNNN	V3C99_002314
2577	NNNNNN	V3C99_002315
2579	thoc-5	V3C99_002318
2580	nfm-1	V3C99_002319
2581	R151.2	V3C99_002320
2582	T12D8.10	V3C99_002322
2583	drr-2	V3C99_002323
2584	T12D8.10	V3C99_002325
2585	drr-2	V3C99_002326
2587	aqp-11	V3C99_002328
2588	NNNNNN	V3C99_002329
2589	NNNNNN	V3C99_002330
2590	agmo-1	V3C99_002332
2593	hex-3	V3C99_002335
2594	Y39A1C.1	V3C99_002336
2595	oxi-1	V3C99_002337
2600	cri-3	V3C99_002340
2601	C28H8.3	V3C99_002341
2602	NNNNNN	V3C99_002342
2603	NNNNNN	V3C99_002342
2604	R107.2	V3C99_002343
2605	nac-2	V3C99_002346
2606	NNNNNN	V3C99_002347
2607	R74.7	V3C99_002348
2608	F54B11.5	V3C99_002349
2610	dnj-24	V3C99_002354
2612	epg-3	V3C99_002356
2613	unc-25	V3C99_002357
2614	NNNNNN	V3C99_002358
2615	M01F1.4	V3C99_002359
2619	M01F1.4	V3C99_002364
2620	phlp-2	V3C99_002365
2621	helq-1	V3C99_002366
2623	ger-1	V3C99_002367
2624	NNNNNN	V3C99_002368
2625	C45G9.2	V3C99_002369
2626	vps-29	V3C99_002372
2627	pxd-1	V3C99_002373
2628	nas-7	V3C99_002374
2629	NNNNNN	V3C99_002378
2630	rcq-5	V3C99_002379
2634	eef-1A.1	V3C99_002383
2635	eef-1A.2	V3C99_002383
2636	panl-2	V3C99_002384
2637	xpb-1	V3C99_002385
2638	NNNNNN	V3C99_002389
2639	NNNNNN	V3C99_002390
2640	NNNNNN	V3C99_002392
2641	zer-1	V3C99_002393
2718	NNNNNN	V3C99_002396
2730	NNNNNN	V3C99_002401
2732	R08D7.7	V3C99_002403
2733	pde-2	V3C99_002404
2747	NNNNNN	V3C99_002405
2751	NNNNNN	V3C99_002405
2760	NNNNNN	V3C99_002405
2761	NNNNNN	V3C99_002405
2762	NNNNNN	V3C99_002405
2763	NNNNNN	V3C99_002405
2764	NNNNNN	V3C99_002405
2765	NNNNNN	V3C99_002405
2766	NNNNNN	V3C99_002405
2769	NNNNNN	V3C99_002405
2771	NNNNNN	V3C99_002405
2772	NNNNNN	V3C99_002405
2774	NNNNNN	V3C99_002405
2777	NNNNNN	V3C99_002405
2779	NNNNNN	V3C99_002405
2795	NNNNNN	V3C99_002407
2799	NNNNNN	V3C99_002407
2808	NNNNNN	V3C99_002407
2810	NNNNNN	V3C99_002407
2811	NNNNNN	V3C99_002407
2812	NNNNNN	V3C99_002407
2813	NNNNNN	V3C99_002407
2814	NNNNNN	V3C99_002407
2817	NNNNNN	V3C99_002407
2819	NNNNNN	V3C99_002407
2820	NNNNNN	V3C99_002407
2822	NNNNNN	V3C99_002407
2825	NNNNNN	V3C99_002407
2827	NNNNNN	V3C99_002407
2830	NNNNNN	V3C99_002408
2844	NNNNNN	V3C99_002410
2848	NNNNNN	V3C99_002410
2857	NNNNNN	V3C99_002410
2858	NNNNNN	V3C99_002410
2859	NNNNNN	V3C99_002410
2860	NNNNNN	V3C99_002410
2861	NNNNNN	V3C99_002410
2862	NNNNNN	V3C99_002410
2863	NNNNNN	V3C99_002410
2866	NNNNNN	V3C99_002410
2868	NNNNNN	V3C99_002410
2869	NNNNNN	V3C99_002410
2871	NNNNNN	V3C99_002410
2874	NNNNNN	V3C99_002410
2876	NNNNNN	V3C99_002410
2880	ndab-2	V3C99_002412
2881	rpl-36	V3C99_002413
2882	epg-4	V3C99_002414
2883	rps-14	V3C99_002415
2884	F44E2.3	V3C99_002420
2885	NNNNNN	V3C99_002421
2887	NNNNNN	V3C99_002422
2888	rps-12	V3C99_002424
2889	pst-2	V3C99_002425
2890	rcan-1	V3C99_002426
2892	aldo-2	V3C99_002428
2893	trpp-4	V3C99_002430
2895	tdo-2	V3C99_002432
2962	twk-48	V3C99_002438
2963	clh-3	V3C99_002441
2964	gly-11	V3C99_002443
2965	hse-5	V3C99_002445
2966	jtr-1	V3C99_002446
2967	Y53G8AR.6	V3C99_002447
2968	Y53G8AR.5	V3C99_002448
2969	ral-1	V3C99_002449
2970	Y53G8AR.9	V3C99_002450
2971	phf-15	V3C99_002451
2972	F40A3.3	V3C99_002452
2973	NNNNNN	V3C99_002453
2974	hadb-1	V3C99_002456
2975	mmcm-1	V3C99_002457
2976	NNNNNN	V3C99_002458
2978	ubq-1	V3C99_002460
2979	zipt-7.2	V3C99_002461
2980	rfc-4	V3C99_002462
2981	tif-1A	V3C99_002463
2982	NNNNNN	V3C99_002464
2984	tag-250	V3C99_002466
2985	gly-3	V3C99_002467
2986	rom-2	V3C99_002468
2987	Y53G8AR.8	V3C99_002468
2990	cest-25	V3C99_002470
2993	cest-25	V3C99_002471
2995	let-805	V3C99_002474
2996	zmp-2	V3C99_002476
2997	NNNNNN	V3C99_002477
2998	Y71H2B.2	V3C99_002478
2999	ppfr-4	V3C99_002479
3000	T10F2.5	V3C99_002480
3001	oxy-4	V3C99_002481
3002	C16C10.4	V3C99_002482
3003	Y54H5A.1	V3C99_002483
3004	B0303.4	V3C99_002484
3005	NNNNNN	V3C99_002485
3006	NNNNNN	V3C99_002486
3007	NNNNNN	V3C99_002487
3008	cyk-1	V3C99_002488
3009	sumv-1	V3C99_002489
3010	evl-14	V3C99_002490
3011	mpc-1	V3C99_002491
3012	cdk-12	V3C99_002493
3013	F42H10.3	V3C99_002494
3014	ess-2	V3C99_002495
3015	NNNNNN	V3C99_002496
3017	NNNNNN	V3C99_002503
3018	snr-6	V3C99_002505
3019	pigk-1	V3C99_002506
3020	NNNNNN	V3C99_002507
3022	NNNNNN	V3C99_002508
3023	ergi-3	V3C99_002509
3024	gei-8	V3C99_002511
3025	strd-1	V3C99_002512
3026	rle-1	V3C99_002514
3027	M142.8	V3C99_002515
3028	M142.5	V3C99_002516
3031	rpl-23	V3C99_002518
3032	hpo-28	V3C99_002519
3033	rbm-26	V3C99_002520
3034	K12H4.7	V3C99_002521
3035	K12H4.7	V3C99_002523
3036	ufbp-1	V3C99_002524
3037	arf-1	V3C99_002525
3038	NNNNNN	V3C99_002526
3039	NNNNNN	V3C99_002526
3040	lgc-7	V3C99_002527
3041	lgc-8	V3C99_002527
3043	oatr-1	V3C99_002532
3044	C28H8.5	V3C99_002533
3045	NNNNNN	V3C99_002535
3046	cnt-2	V3C99_002537
3047	NNNNNN	V3C99_002541
3048	rfl-1	V3C99_002542
3049	rpa-1	V3C99_002543
3053	NNNNNN	V3C99_002545
3054	urm-1	V3C99_002546
3056	pho-5	V3C99_002548
3057	algn-11	V3C99_002548
3058	ykt-6	V3C99_002548
3059	coh-1	V3C99_002549
3060	NNNNNN	V3C99_002551
3062	NNNNNN	V3C99_002554
3063	ttll-4	V3C99_002555
3066	ham-3	V3C99_002556
3067	pcf-11	V3C99_002557
3068	gtf-2H3	V3C99_002558
3069	vps-33.1	V3C99_002560
3070	rimb-1	V3C99_002563
3071	vps-33.1	V3C99_002565
3072	NNNNNN	V3C99_002565
3073	tlk-1	V3C99_002566
3074	tmem-132	V3C99_002567
3075	set-27	V3C99_002568
3077	epac-1	V3C99_002570
3078	prx-10	V3C99_002574
3079	prx-10	V3C99_002575
3080	mrps-26	V3C99_002576
3081	prmt-5	V3C99_002577
3082	atp-2	V3C99_002578
3083	NNNNNN	V3C99_002579
3084	Y119D3B.12	V3C99_002581
3085	cra-1	V3C99_002582
3087	F42H10.6	V3C99_002586
3088	znf-706	V3C99_002587
3090	NNNNNN	V3C99_002589
3092	ugtp-1	V3C99_002592
3093	sma-2	V3C99_002593
3094	cls-2	V3C99_002594
3095	cls-3	V3C99_002594
3096	cls-1	V3C99_002594
3097	wdr-60	V3C99_002595
3098	amx-1	V3C99_002597
3099	apy-1	V3C99_002598
3100	NNNNNN	V3C99_002600
3101	NNNNNN	V3C99_002601
3102	rme-2	V3C99_002602
3103	NNNNNN	V3C99_002603
3104	NNNNNN	V3C99_002605
3107	NNNNNN	V3C99_002608
3108	NNNNNN	V3C99_002608
3109	tmem-131	V3C99_002609
3110	smcr-8	V3C99_002611
3111	NNNNNN	V3C99_002613
3112	smc-4	V3C99_002614
3113	NNNNNN	V3C99_002615
3114	NNNNNN	V3C99_002616
3115	mtx-2	V3C99_002617
3116	ZK686.2	V3C99_002618
3117	F37A4.2	V3C99_002619
3118	F37A4.1	V3C99_002620
3119	NNNNNN	V3C99_002621
3120	NNNNNN	V3C99_002622
3121	NNNNNN	V3C99_002623
3122	NNNNNN	V3C99_002624
3125	sel-2	V3C99_002630
3126	mab-21	V3C99_002631
3127	gipc-2	V3C99_002632
3128	gipc-1	V3C99_002632
3129	NNNNNN	V3C99_002637
3130	zipt-13	V3C99_002638
3131	ptr-19	V3C99_002639
3132	NNNNNN	V3C99_002641
3133	NNNNNN	V3C99_002641
3134	NNNNNN	V3C99_002641
3135	NNNNNN	V3C99_002641
3136	Y54E10A.6	V3C99_002645
3137	mrpl-17	V3C99_002646
3138	ksr-1	V3C99_002647
3139	NNNNNN	V3C99_002648
3140	M60.7	V3C99_002649
3141	F44E2.10	V3C99_002650
3142	NNNNNN	V3C99_002651
3143	cux-7	V3C99_002652
3144	clk-2	V3C99_002653
3148	cul-2	V3C99_002660
3149	mig-22	V3C99_002661
3151	NNNNNN	V3C99_002667
3167	emb-8	V3C99_002680
3168	morc-1	V3C99_002681
3169	syx-16	V3C99_002682
3170	kel-3	V3C99_002683
3171	C56G2.15	V3C99_002685
3172	mrg-1	V3C99_002686
3174	wdr-37	V3C99_002687
3175	ced-6	V3C99_002688
3176	ucr-1	V3C99_002689
3177	ddx-15	V3C99_002690
3178	NNNNNN	V3C99_002691
3181	B0285.6	V3C99_002695
3182	C06E8.5	V3C99_002697
3183	glt-6	V3C99_002698
3184	F37A8.5	V3C99_002699
3185	mlc-7	V3C99_002700
3186	NNNNNN	V3C99_002702
3187	NNNNNN	V3C99_002703
3190	NNNNNN	V3C99_002704
3191	NNNNNN	V3C99_002705
3192	smr-1	V3C99_002707
3193	smr-1	V3C99_002708
3194	NNNNNN	V3C99_002709
3195	vem-1	V3C99_002711
3197	cid-1	V3C99_002713
3199	pup-2	V3C99_002714
3202	hira-1	V3C99_002715
3203	snf-6	V3C99_002716
3205	tmem-120	V3C99_002717
3206	NNNNNN	V3C99_002718
3209	NNNNNN	V3C99_002719
3211	emb-9	V3C99_002727
3213	eng-1	V3C99_002729
3214	rabn-5	V3C99_002730
3215	sql-1	V3C99_002731
3216	epc-1	V3C99_002732
3217	Y111B2A.12	V3C99_002733
3218	gtf-2A2	V3C99_002734
3220	rgs-5	V3C99_002736
3221	NNNNNN	V3C99_002737
3222	anmt-2	V3C99_002738
3223	NNNNNN	V3C99_002740
3224	NNNNNN	V3C99_002744
3225	NNNNNN	V3C99_002746
3226	arx-3	V3C99_002747
3227	mrps-18A	V3C99_002747
3228	rpn-11	V3C99_002748
3229	NNNNNN	V3C99_002749
3230	NNNNNN	V3C99_002750
3231	crh-1	V3C99_002751
3232	apb-1	V3C99_002752
3233	NNNNNN	V3C99_002753
3234	NNNNNN	V3C99_002755
3235	acy-1	V3C99_002756
3236	emb-5	V3C99_002757
3237	NNNNNN	V3C99_002758
3238	NNNNNN	V3C99_002760
3239	C14B9.2	V3C99_002761
3240	otub-4	V3C99_002762
3242	B0546.4	V3C99_002764
3243	hsp-12.2	V3C99_002765
3245	bli-3	V3C99_002766
3246	duox-2	V3C99_002766
3247	bli-3	V3C99_002767
3248	duox-2	V3C99_002767
3249	hasp-1	V3C99_002768
3250	hasp-2	V3C99_002768
3251	spk-1	V3C99_002769
3252	Y54F10AR.1	V3C99_002770
3253	NNNNNN	V3C99_002771
3254	pat-4	V3C99_002772
3255	spt-4	V3C99_002773
3256	NNNNNN	V3C99_002774
3257	mrpl-40	V3C99_002775
3258	pck-1	V3C99_002776
3259	zmp-6	V3C99_002777
3260	NNNNNN	V3C99_002780
3261	K01A2.10	V3C99_002782
3265	NNNNNN	V3C99_002784
3266	lec-4	V3C99_002785
3277	wht-1	V3C99_002790
3278	NNNNNN	V3C99_002794
3279	NNNNNN	V3C99_002794
3280	NNNNNN	V3C99_002794
3283	NNNNNN	V3C99_002794
3284	NNNNNN	V3C99_002794
3285	NNNNNN	V3C99_002794
3286	NNNNNN	V3C99_002794
3287	NNNNNN	V3C99_002794
3288	NNNNNN	V3C99_002794
3289	NNNNNN	V3C99_002794
3290	NNNNNN	V3C99_002794
3291	NNNNNN	V3C99_002794
3294	NNNNNN	V3C99_002797
3295	NNNNNN	V3C99_002798
3296	F31E3.2	V3C99_002799
3297	NNNNNN	V3C99_002799
3298	NNNNNN	V3C99_002800
3299	elo-4	V3C99_002801
3300	rpia-1	V3C99_002802
3301	pat-3	V3C99_002803
3302	mog-3	V3C99_002804
3304	Y54F10AL.1	V3C99_002805
3305	NNNNNN	V3C99_002806
3306	NNNNNN	V3C99_002807
3307	NNNNNN	V3C99_002808
3308	NNNNNN	V3C99_002811
3309	vab-7	V3C99_002813
3310	NNNNNN	V3C99_002814
3311	dat-1	V3C99_002815
3312	saeg-2	V3C99_002816
3313	NNNNNN	V3C99_002817
3314	NNNNNN	V3C99_002818
3315	metl-6	V3C99_002819
3316	eco-1	V3C99_002824
3317	NNNNNN	V3C99_002825
3318	jmjd-5	V3C99_002827
3319	uaf-1	V3C99_002829
3320	rab-18	V3C99_002830
3321	NNNNNN	V3C99_002832
3322	aqp-9	V3C99_002833
3323	cisd-3.1	V3C99_002834
3324	W06E11.1	V3C99_002835
3326	orai-1	V3C99_002837
3327	D2023.4	V3C99_002838
3328	copd-1	V3C99_002839
3329	C13B9.2	V3C99_002840
3330	NNNNNN	V3C99_002841
3331	F09C8.1	V3C99_002843
3332	NNNNNN	V3C99_002847
3333	rpl-21	V3C99_002848
3334	C14B9.10	V3C99_002849
3339	ptr-15	V3C99_002851
3341	brd-1	V3C99_002854
3344	NNNNNN	V3C99_002856
3345	trpp-9	V3C99_002857
3348	NNNNNN	V3C99_002861
3349	NNNNNN	V3C99_002862
3350	NNNNNN	V3C99_002862
3351	NNNNNN	V3C99_002863
3355	fem-2	V3C99_002868
3356	ave-1	V3C99_002869
3358	acs-5	V3C99_002871
3400	NNNNNN	V3C99_002872
3418	NNNNNN	V3C99_002876
3422	NNNNNN	V3C99_002876
3433	NNNNNN	V3C99_002876
3434	NNNNNN	V3C99_002876
3437	NNNNNN	V3C99_002876
3440	NNNNNN	V3C99_002876
3442	NNNNNN	V3C99_002876
3443	NNNNNN	V3C99_002876
3445	NNNNNN	V3C99_002876
3448	NNNNNN	V3C99_002876
3450	NNNNNN	V3C99_002876
3453	fum-1	V3C99_002878
3454	H14A12.3	V3C99_002879
3455	ccdc-47	V3C99_002880
3456	ZK1058.3	V3C99_002881
3457	NNNNNN	V3C99_002885
3458	mec-12	V3C99_002886
3459	rpap-2	V3C99_002887
3460	NNNNNN	V3C99_002888
3461	W03A5.6	V3C99_002889
3463	F10E9.5	V3C99_002890
3464	NNNNNN	V3C99_002891
3465	unc-24	V3C99_002893
3466	NNNNNN	V3C99_002894
3467	NNNNNN	V3C99_002894
3468	pdhk-2	V3C99_002895
3469	eif-2Balpha	V3C99_002896
3470	rbf-1	V3C99_002901
3471	NNNNNN	V3C99_002903
3472	elf-1	V3C99_002904
3473	polk-1	V3C99_002906
3474	snpc-4	V3C99_002907
3475	dnj-10	V3C99_002908
3476	twk-7	V3C99_002909
3479	ceh-16	V3C99_002914
3480	nifk-1	V3C99_002915
3481	stim-1	V3C99_002916
3484	anoh-1	V3C99_002918
3485	ncx-6	V3C99_002919
3486	ncx-7	V3C99_002919
3490	NNNNNN	V3C99_002920
3491	daf-25	V3C99_002921
3492	prmt-7	V3C99_002922
3493	cox-5A	V3C99_002924
3494	unc-71	V3C99_002925
3496	bre-5	V3C99_002932
3498	ivns-1	V3C99_002933
3499	xpg-1	V3C99_002934
3500	daf-2	V3C99_002938
3501	NNNNNN	V3C99_002941
3502	T04C9.1	V3C99_002942
3506	dolk-1	V3C99_002944
3507	NNNNNN	V3C99_002945
3509	top-3	V3C99_002947
3510	NNNNNN	V3C99_002948
3511	ung-1	V3C99_002949
3512	Y56A3A.31	V3C99_002951
3513	wah-1	V3C99_002952
3515	NNNNNN	V3C99_002954
3516	NNNNNN	V3C99_002955
3517	mlp-1	V3C99_002956
3518	frm-2	V3C99_002957
3519	pcp-1	V3C99_002959
3520	exc-6	V3C99_002961
3522	NNNNNN	V3C99_002962
3525	NNNNNN	V3C99_002962
3526	NNNNNN	V3C99_002962
3527	NNNNNN	V3C99_002962
3528	NNNNNN	V3C99_002962
3529	NNNNNN	V3C99_002962
3530	NNNNNN	V3C99_002962
3531	NNNNNN	V3C99_002962
3532	NNNNNN	V3C99_002962
3533	NNNNNN	V3C99_002962
3534	NNNNNN	V3C99_002962
3551	NNNNNN	V3C99_002968
3552	NNNNNN	V3C99_002969
3554	ekl-6	V3C99_002971
3555	T16G12.6	V3C99_002972
3556	NNNNNN	V3C99_002973
3557	phf-5	V3C99_002974
3558	NNNNNN	V3C99_002975
3559	kin-19	V3C99_002976
3561	tbc-10	V3C99_002978
3562	hpo-29	V3C99_002979
3563	Y50D7A.3	V3C99_002980
3564	xpd-1	V3C99_002981
3565	taco-1	V3C99_002982
3566	tbc-8	V3C99_002983
3569	NNNNNN	V3C99_002986
3570	ceh-20	V3C99_002987
3572	NNNNNN	V3C99_002989
3577	cutc-1	V3C99_002991
3578	NNNNNN	V3C99_002992
3580	ctr-9	V3C99_002995
3581	wht-5	V3C99_002996
3582	wht-5	V3C99_002997
3583	NNNNNN	V3C99_002998
3584	akap-1	V3C99_002999
3585	NNNNNN	V3C99_003000
3586	spin-4	V3C99_003001
3587	dph-1	V3C99_003002
3588	T15B12.1	V3C99_003003
3591	C39B5.6	V3C99_003005
3592	gcn-1	V3C99_003006
3593	NNNNNN	V3C99_003008
3594	rpt-6	V3C99_003012
3595	C46F11.6	V3C99_003012
3596	F56F11.4	V3C99_003012
3597	chl-1	V3C99_003013
3598	hat-1	V3C99_003014
3599	ymel-1	V3C99_003016
3600	M03C11.1	V3C99_003017
3603	NNNNNN	V3C99_003019
3607	NNNNNN	V3C99_003021
3608	ddp-1	V3C99_003022
3613	ddp-1	V3C99_003025
3614	ttc-7	V3C99_003026
3615	F46H5.2	V3C99_003027
3616	smi-1	V3C99_003028
3618	NNNNNN	V3C99_003030
3619	R05G6.4	V3C99_003030
3620	sca-1	V3C99_003031
3621	NNNNNN	V3C99_003033
3622	Y47D3A.21	V3C99_003034
3623	him-14	V3C99_003038
3624	NNNNNN	V3C99_003040
3625	tyr-2	V3C99_003042
3626	NNNNNN	V3C99_003043
3640	NNNNNN	V3C99_003044
3641	F54C8.7	V3C99_003045
3642	rheb-1	V3C99_003046
3643	che-2	V3C99_003047
3646	R02F2.9	V3C99_003049
3647	gid-7	V3C99_003050
3648	R02F2.1	V3C99_003051
3649	NNNNNN	V3C99_003052
3650	NNNNNN	V3C99_003053
3652	vha-14	V3C99_003055
3653	F55H2.5	V3C99_003056
3655	tag-325	V3C99_003058
3656	NNNNNN	V3C99_003059
3657	NNNNNN	V3C99_003059
3661	hecw-1	V3C99_003065
3662	NNNNNN	V3C99_003066
3664	NNNNNN	V3C99_003067
3665	znf-474	V3C99_003069
3666	NNNNNN	V3C99_003070
3667	NNNNNN	V3C99_003073
3668	msi-1	V3C99_003074
3669	npp-16	V3C99_003075
3670	NNNNNN	V3C99_003076
3671	bra-2	V3C99_003077
3673	NNNNNN	V3C99_003079
3674	NNNNNN	V3C99_003080
3675	ten-1	V3C99_003087
3677	skat-1	V3C99_003089
3678	F59B2.3	V3C99_003090
3679	NNNNNN	V3C99_003091
3680	bas-1	V3C99_003093
3682	NNNNNN	V3C99_003102
3683	F19H6.4	V3C99_003103
3684	F42F12.3	V3C99_003103
3685	znfx-1	V3C99_003106
3686	NNNNNN	V3C99_003107
3687	iff-1	V3C99_003108
3691	NNNNNN	V3C99_003111
3692	snr-7	V3C99_003113
3693	rpl-10	V3C99_003115
3694	NNNNNN	V3C99_003116
3745	NNNNNN	V3C99_003119
3748	NNNNNN	V3C99_003123
3750	taf-1	V3C99_003125
3751	NNNNNN	V3C99_003126
3752	NNNNNN	V3C99_003127
3754	sin-3	V3C99_003132
3755	dpf-1	V3C99_003133
3756	idha-1	V3C99_003135
3757	lmd-1	V3C99_003136
3758	NNNNNN	V3C99_003137
3759	slc-25A42	V3C99_003138
3760	cfim-1	V3C99_003139
3761	ces-1	V3C99_003140
3762	NNNNNN	V3C99_003141
3763	NNNNNN	V3C99_003142
3764	hrdl-1	V3C99_003143
3765	C25A1.1	V3C99_003145
3766	tag-72	V3C99_003146
3767	lin-11	V3C99_003147
3768	NNNNNN	V3C99_003149
3769	ZK973.1	V3C99_003151
3770	T27A3.5	V3C99_003152
3771	npp-13	V3C99_003155
3772	ctn-1	V3C99_003161
3774	trhr-1	V3C99_003164
3776	NNNNNN	V3C99_003168
3777	gpb-2	V3C99_003169
3778	NNNNNN	V3C99_003172
3779	W10C8.4	V3C99_003174
3781	NNNNNN	V3C99_003178
3782	W09C3.4	V3C99_003178
3783	NNNNNN	V3C99_003179
3784	K07A12.1	V3C99_003180
3785	NNNNNN	V3C99_003181
3788	NNNNNN	V3C99_003185
3789	NNNNNN	V3C99_003185
3790	Y23H5B.5	V3C99_003186
3791	ddx-10	V3C99_003187
3792	NNNNNN	V3C99_003188
3793	tdpt-1	V3C99_003189
3794	tfg-1	V3C99_003190
3796	NNNNNN	V3C99_003193
3798	ppt-1	V3C99_003195
3799	NNNNNN	V3C99_003199
3801	taf-1	V3C99_003202
3802	NNNNNN	V3C99_003203
3803	NNNNNN	V3C99_003204
3804	Y110A7A.9	V3C99_003206
3805	iglr-3	V3C99_003207
3807	F26E4.7	V3C99_003209
3808	cox-7C	V3C99_003210
3809	F26E4.3	V3C99_003211
3811	NNNNNN	V3C99_003212
3812	wdr-5.1	V3C99_003213
3813	mfap-1	V3C99_003214
3814	syx-17	V3C99_003215
3815	sig-7	V3C99_003218
3817	NNNNNN	V3C99_003220
3823	usp-5	V3C99_003223
3824	marc-4	V3C99_003224
3825	NNNNNN	V3C99_003225
3826	NNNNNN	V3C99_003226
3827	NNNNNN	V3C99_003227
3828	NNNNNN	V3C99_003228
3829	ptps-1	V3C99_003228
3830	NNNNNN	V3C99_003229
3831	NNNNNN	V3C99_003230
3832	NNNNNN	V3C99_003232
3833	cdk-4	V3C99_003233
3835	K07A12.1	V3C99_003234
3836	tsp-7	V3C99_003236
3837	mom-5	V3C99_003237
3838	ppt-1	V3C99_003238
3839	NNNNNN	V3C99_003239
3840	sqv-5	V3C99_003240
3841	algn-10	V3C99_003241
3842	mom-5	V3C99_003242
3843	F46F11.1	V3C99_003243
3844	unc-94	V3C99_003244
3847	kpc-1	V3C99_003253
3848	NNNNNN	V3C99_003254
3849	NNNNNN	V3C99_003255
3850	Y71F9B.6	V3C99_003258
3851	dnj-30	V3C99_003259
3852	NNNNNN	V3C99_003260
3853	NNNNNN	V3C99_003261
3854	cdt-1	V3C99_003262
3855	rad-8	V3C99_003263
3856	rpt-5	V3C99_003264
3857	Y43C5B.3	V3C99_003265
3858	F13G3.7	V3C99_003266
3859	mrpl-13	V3C99_003267
3860	sqv-4	V3C99_003269
3861	unc-122	V3C99_003270
3864	pde-5	V3C99_003274
3865	nab-1	V3C99_003275
3868	NNNNNN	V3C99_003278
3875	NNNNNN	V3C99_003289
3881	NNNNNN	V3C99_003290
3882	Y48G8AR.2	V3C99_003291
3883	dapk-1	V3C99_003292
3884	NNNNNN	V3C99_003293
3885	rpl-17	V3C99_003294
3886	aps-3	V3C99_003295
3887	znf-236	V3C99_003296
3890	ceh-45	V3C99_003297
3892	nhx-8	V3C99_003299
3893	NNNNNN	V3C99_003300
3894	NNNNNN	V3C99_003301
3895	NNNNNN	V3C99_003302
3897	csnk-1	V3C99_003304
3898	ced-12	V3C99_003305
3901	Y106G6E.4	V3C99_003307
3904	NNNNNN	V3C99_003313
3905	Y53F4B.18	V3C99_003314
3964	let-526	V3C99_003320
3965	rbg-2	V3C99_003322
3966	NNNNNN	V3C99_003323
4021	NNNNNN	V3C99_003351
4022	NNNNNN	V3C99_003352
4023	Y18D10A.3	V3C99_003353
4024	gsk-3	V3C99_003354
4026	dhfr-1	V3C99_003357
4027	NNNNNN	V3C99_003358
4028	imp-1	V3C99_003360
4029	tin-13	V3C99_003361
4030	smo-1	V3C99_003363
4032	K12C11.1	V3C99_003364
4033	K12C11.1	V3C99_003365
4095	NNNNNN	V3C99_003370
4096	sup-17	V3C99_003371
4097	NNNNNN	V3C99_003372
4099	cpl-1	V3C99_003376
4109	sac-1	V3C99_003379
4110	eaf-1	V3C99_003380
4111	NNNNNN	V3C99_003382
4112	NNNNNN	V3C99_003382
4113	NNNNNN	V3C99_003382
4116	NNNNNN	V3C99_003382
4117	NNNNNN	V3C99_003382
4118	NNNNNN	V3C99_003382
4119	NNNNNN	V3C99_003382
4120	NNNNNN	V3C99_003382
4121	NNNNNN	V3C99_003382
4122	NNNNNN	V3C99_003382
4123	NNNNNN	V3C99_003382
4124	NNNNNN	V3C99_003382
4125	NNNNNN	V3C99_003383
4126	NNNNNN	V3C99_003383
4127	NNNNNN	V3C99_003383
4130	NNNNNN	V3C99_003383
4131	NNNNNN	V3C99_003383
4132	NNNNNN	V3C99_003383
4133	NNNNNN	V3C99_003383
4134	NNNNNN	V3C99_003383
4135	NNNNNN	V3C99_003383
4136	NNNNNN	V3C99_003383
4137	NNNNNN	V3C99_003383
4138	NNNNNN	V3C99_003383
4139	Y52B11A.4	V3C99_003384
4140	ckr-1	V3C99_003388
4141	nekl-2	V3C99_003390
4142	NNNNNN	V3C99_003391
4146	Y47G6A.18	V3C99_003392
4147	NNNNNN	V3C99_003393
4148	NNNNNN	V3C99_003393
4149	NNNNNN	V3C99_003393
4151	NNNNNN	V3C99_003395
4152	NNNNNN	V3C99_003395
4153	NNNNNN	V3C99_003395
4154	NNNNNN	V3C99_003396
4155	NNNNNN	V3C99_003396
4156	NNNNNN	V3C99_003396
4157	abt-2	V3C99_003397
4158	ccct-1	V3C99_003398
4159	NNNNNN	V3C99_003399
4160	scpr-1	V3C99_003400
4161	NNNNNN	V3C99_003402
4162	NNNNNN	V3C99_003402
4166	NNNNNN	V3C99_003403
4171	kri-1	V3C99_003404
4175	snf-9	V3C99_003405
4181	snf-9	V3C99_003418
4183	smp-1	V3C99_003419
4184	NNNNNN	V3C99_003420
4186	F26F4.12	V3C99_003424
4187	F27D4.1	V3C99_003425
4189	F27D4.7	V3C99_003427
4190	F27D4.7	V3C99_003428
4191	F27D4.4	V3C99_003429
4192	bckd-1B	V3C99_003430
4193	NNNNNN	V3C99_003431
4194	F43H9.4	V3C99_003432
4195	tyr-3	V3C99_003433
4196	rnt-1	V3C99_003435
4197	cpb-3	V3C99_003436
4198	rnt-1	V3C99_003437
4199	cpb-3	V3C99_003438
4212	Y73E7A.3	V3C99_003452
4217	cyp-36A1	V3C99_003455
4218	NNNNNN	V3C99_003456
4220	NNNNNN	V3C99_003458
4221	NNNNNN	V3C99_003458
4222	NNNNNN	V3C99_003458
4303	NNNNNN	V3C99_003464
4309	Y119C1B.3	V3C99_003468
4310	atp-3	V3C99_003469
4311	F27C1.6	V3C99_003470
4312	pas-1	V3C99_003471
4313	rpoa-12	V3C99_003472
4314	pars-1	V3C99_003473
4315	nuo-6	V3C99_003474
4316	coq-1	V3C99_003476
4317	erp-44.1	V3C99_003477
4318	T13C5.6	V3C99_003478
4319	ric-19	V3C99_003479
4321	tppp-1	V3C99_003481
4322	rpl-13	V3C99_003482
4323	did-2	V3C99_003483
4324	F23C8.5	V3C99_003484
4326	coq-1	V3C99_003487
4327	erp-44.1	V3C99_003488
4328	ric-19	V3C99_003489
4329	rpl-13	V3C99_003490
4330	did-2	V3C99_003491
4331	F23C8.5	V3C99_003492
4333	pri-2	V3C99_003494
4334	W02D9.2	V3C99_003495
4335	NNNNNN	V3C99_003496
4336	NNNNNN	V3C99_003496
4337	NNNNNN	V3C99_003496
4340	NNNNNN	V3C99_003496
4341	NNNNNN	V3C99_003496
4342	NNNNNN	V3C99_003496
4343	NNNNNN	V3C99_003496
4344	NNNNNN	V3C99_003496
4345	NNNNNN	V3C99_003496
4346	NNNNNN	V3C99_003496
4347	NNNNNN	V3C99_003496
4348	NNNNNN	V3C99_003496
4351	NNNNNN	V3C99_003499
4352	NNNNNN	V3C99_003499
4353	NNNNNN	V3C99_003499
4355	NNNNNN	V3C99_003499
4356	NNNNNN	V3C99_003499
4357	NNNNNN	V3C99_003499
4358	NNNNNN	V3C99_003499
4360	NNNNNN	V3C99_003499
4361	NNNNNN	V3C99_003499
4362	NNNNNN	V3C99_003499
4363	NNNNNN	V3C99_003499
4364	NNNNNN	V3C99_003500
4365	NNNNNN	V3C99_003500
4366	NNNNNN	V3C99_003500
4369	NNNNNN	V3C99_003500
4370	NNNNNN	V3C99_003500
4371	NNNNNN	V3C99_003500
4372	NNNNNN	V3C99_003500
4373	NNNNNN	V3C99_003500
4374	NNNNNN	V3C99_003500
4375	NNNNNN	V3C99_003500
4376	NNNNNN	V3C99_003500
4377	NNNNNN	V3C99_003500
4378	app-1	V3C99_003501
4379	unc-101	V3C99_003503
4380	mter-4	V3C99_003504
4385	ptr-17	V3C99_003508
4386	NNNNNN	V3C99_003509
4387	aars-2	V3C99_003511
4388	mrps-23	V3C99_003512
4389	F28H1.4	V3C99_003513
4390	F47B3.3	V3C99_003513
4391	NNNNNN	V3C99_003516
4392	NNNNNN	V3C99_003518
4393	NNNNNN	V3C99_003519
4396	cpz-1	V3C99_003520
4397	Y71F9B.2	V3C99_003521
4398	Y52B11A.10	V3C99_003523
4399	aha-1	V3C99_003529
4403	NNNNNN	V3C99_003535
4404	NNNNNN	V3C99_003536
4405	Y18H1A.9	V3C99_003539
4406	T06A4.3	V3C99_003540
4407	NNNNNN	V3C99_003541
4408	shc-1	V3C99_003544
4409	Y71G12B.23	V3C99_003545
4410	top-1	V3C99_003547
4411	arx-1	V3C99_003548
4443	Y71F9AL.9	V3C99_003556
4444	rpl-1	V3C99_003557
4446	Y71F9AL.10	V3C99_003559
4448	D2030.8	V3C99_003561
4449	sel-12	V3C99_003562
4450	wdr-23	V3C99_003563
4451	ptr-2	V3C99_003564
4453	NNNNNN	V3C99_003566
4454	NNNNNN	V3C99_003567
4455	F10G8.8	V3C99_003568
4456	zfh-2	V3C99_003570
4457	NNNNNN	V3C99_003573
4458	psf-3	V3C99_003576
4459	wwp-1	V3C99_003577
4460	icd-2	V3C99_003578
4463	NNNNNN	V3C99_003582
4464	NNNNNN	V3C99_003584
4471	mrpl-34	V3C99_003590
4472	R06A10.4	V3C99_003591
4473	ubxn-1	V3C99_003592
4475	lmd-2	V3C99_003594
4476	rpl-4	V3C99_003595
4477	ubr-4	V3C99_003597
4479	spt-16	V3C99_003600
4480	lid-1	V3C99_003601
4481	tiam-1	V3C99_003603
4482	NNNNNN	V3C99_003604
4485	dhod-1	V3C99_003607
4486	pdxk-1	V3C99_003608
4488	hmg-6	V3C99_003610
4489	NNNNNN	V3C99_003614
4492	NNNNNN	V3C99_003617
4493	popl-4	V3C99_003619
4495	NNNNNN	V3C99_003621
4496	NNNNNN	V3C99_003622
4497	row-1	V3C99_003623
4498	Y106G6H.14	V3C99_003625
4499	Y106G6H.8	V3C99_003626
4500	eef-1A.1	V3C99_003627
4501	eef-1A.2	V3C99_003627
4502	nhr-23	V3C99_003628
4503	R12E2.13	V3C99_003630
4504	eif-3.H	V3C99_003631
4505	NNNNNN	V3C99_003632
4506	Y18H1A.2	V3C99_003633
4507	hgap-1	V3C99_003634
4508	mlst-8	V3C99_003635
4509	let-502	V3C99_003636
4510	viln-1	V3C99_003638
4511	sec-8	V3C99_003639
4512	NNNNNN	V3C99_003640
4513	M04F3.4	V3C99_003641
4514	magu-3	V3C99_003642
4515	F26G1.1	V3C99_003643
4516	NNNNNN	V3C99_003644
4517	NNNNNN	V3C99_003646
4518	dip-2	V3C99_003647
4519	NNNNNN	V3C99_003648
4520	NNNNNN	V3C99_003650
4521	rps-8	V3C99_003651
4522	T25G3.3	V3C99_003652
4523	NNNNNN	V3C99_003654
4524	NNNNNN	V3C99_003654
4525	NNNNNN	V3C99_003655
4526	NNNNNN	V3C99_003655
4527	gpdh-3	V3C99_003658
4528	mans-1	V3C99_003659
4529	D2030.2	V3C99_003660
4530	tomm-22	V3C99_003661
4531	npp-9	V3C99_003662
4532	skr-1	V3C99_003663
4533	skr-2	V3C99_003663
4547	NNNNNN	V3C99_003664
4548	delm-1	V3C99_003665
4549	delm-2	V3C99_003665
4550	acd-1	V3C99_003665
4552	NNNNNN	V3C99_003665
4553	NNNNNN	V3C99_003666
4554	NNNNNN	V3C99_003667
4555	vep-1	V3C99_003668
4556	NNNNNN	V3C99_003669
4557	NNNNNN	V3C99_003669
4559	unc-13	V3C99_003670
4561	NNNNNN	V3C99_003671
4562	elpc-1	V3C99_003672
4563	NNNNNN	V3C99_003674
4564	NNNNNN	V3C99_003675
4565	eif-3.I	V3C99_003676
4567	C41D11.9	V3C99_003678
4568	rps-19	V3C99_003679
4569	hsr-9	V3C99_003680
4573	C07D8.6	V3C99_003682
4575	NNNNNN	V3C99_003684
4586	C07D8.6	V3C99_003685
4591	C07D8.6	V3C99_003686
4596	C07D8.6	V3C99_003687
4601	C07D8.6	V3C99_003688
4610	C07D8.6	V3C99_003690
4612	pen-2	V3C99_003691
4613	gras-1	V3C99_003692
4614	F30F8.9	V3C99_003694
4615	F30F8.10	V3C99_003695
4617	taf-5	V3C99_003696
4618	apb-3	V3C99_003697
4620	C41D11.9	V3C99_003698
4621	rps-19	V3C99_003699
4622	hsr-9	V3C99_003700
4626	C07D8.6	V3C99_003702
4638	C07D8.6	V3C99_003705
4640	gras-1	V3C99_003706
4641	F30F8.9	V3C99_003707
4642	F30F8.10	V3C99_003708
4643	NNNNNN	V3C99_003709
4644	apb-3	V3C99_003710
4645	taf-5	V3C99_003710
4646	ceh-2	V3C99_003711
4648	NNNNNN	V3C99_003712
4649	grh-1	V3C99_003713
4650	NNNNNN	V3C99_003714
4651	herc-1	V3C99_003715
4652	nsun-2	V3C99_003716
4653	smg-2	V3C99_003717
4657	NNNNNN	V3C99_003718
4659	Y47G6A.21	V3C99_003720
4660	Y47G6A.22	V3C99_003720
4663	NNNNNN	V3C99_003733
4664	snx-1	V3C99_003734
4665	dhhc-2	V3C99_003736
4666	NNNNNN	V3C99_003737
4667	NNNNNN	V3C99_003738
4668	F55D12.2	V3C99_003739
4669	NNNNNN	V3C99_003740
4670	nsf-1	V3C99_003742
4671	imb-1	V3C99_003743
4674	NNNNNN	V3C99_003745
4675	NNNNNN	V3C99_003746
4676	Y71G12B.17	V3C99_003750
4677	copa-1	V3C99_003751
4678	NNNNNN	V3C99_003756
4679	psf-1	V3C99_003757
4680	trak-1	V3C99_003758
4681	dys-1	V3C99_003761
4682	yop-1	V3C99_003762
4683	hmp-2	V3C99_003763
4685	K05C4.7	V3C99_003764
4686	hint-1	V3C99_003766
4688	NNNNNN	V3C99_003768
4689	lin-35	V3C99_003770
4703	vps-51	V3C99_003772
4704	mtk-1	V3C99_003773
4705	fce-1	V3C99_003774
4706	rpl-10	V3C99_003775
4707	NNNNNN	V3C99_003776
4761	asic-1	V3C99_003782
4764	NNNNNN	V3C99_003788
4765	NNNNNN	V3C99_003789
4766	NNNNNN	V3C99_003790
4767	larp-5	V3C99_003791
4768	pop-1	V3C99_003792
4769	NNNNNN	V3C99_003794
4770	Y73E7A.1	V3C99_003796
4771	NNNNNN	V3C99_003798
4773	mom-4	V3C99_003801
4774	Y105C5A.24	V3C99_003801
4775	ccep-97	V3C99_003802
4776	Y105E8B.9	V3C99_003803
4809	NNNNNN	V3C99_003809
4810	NNNNNN	V3C99_003810
4811	ift-20	V3C99_003811
4812	cle-1	V3C99_003815
4813	rpb-3	V3C99_003816
4814	prp-4	V3C99_003817
4815	C36B1.14	V3C99_003818
4817	pas-4	V3C99_003823
4818	rpb-3	V3C99_003825
4819	prp-4	V3C99_003826
4820	C36B1.14	V3C99_003827
4821	ddx-52	V3C99_003828
4823	cfi-1	V3C99_003833
4825	lpd-5	V3C99_003835
4826	ZK973.9	V3C99_003836
4827	pdp-1	V3C99_003837
4830	osm-5	V3C99_003842
4833	src-1	V3C99_003845
4834	afd-1	V3C99_003848
4835	set-18	V3C99_003849
4836	ztf-11	V3C99_003850
4837	NNNNNN	V3C99_003851
4839	mfsd-13.1	V3C99_003852
4840	acl-11	V3C99_003853
4841	cri-1	V3C99_003854
4842	C16C2.4	V3C99_003855
4843	ocrl-1	V3C99_003856
4844	NNNNNN	V3C99_003857
4845	his-1	V3C99_003858
4846	his-5	V3C99_003858
4847	his-10	V3C99_003858
4848	his-14	V3C99_003858
4849	his-18	V3C99_003858
4850	his-26	V3C99_003858
4851	his-28	V3C99_003858
4852	his-31	V3C99_003858
4853	his-37	V3C99_003858
4854	his-38	V3C99_003858
4855	his-46	V3C99_003858
4856	his-50	V3C99_003858
4857	his-56	V3C99_003858
4858	his-60	V3C99_003858
4859	his-64	V3C99_003858
4860	his-67	V3C99_003858
4861	his-4	V3C99_003859
4862	his-8	V3C99_003859
4863	his-11	V3C99_003859
4864	his-15	V3C99_003859
4865	his-20	V3C99_003859
4866	his-22	V3C99_003859
4867	his-29	V3C99_003859
4868	his-34	V3C99_003859
4869	his-39	V3C99_003859
4870	his-41	V3C99_003859
4871	his-44	V3C99_003859
4872	his-48	V3C99_003859
4873	his-52	V3C99_003859
4874	his-54	V3C99_003859
4875	his-58	V3C99_003859
4876	his-62	V3C99_003859
4877	his-66	V3C99_003859
4878	his-3	V3C99_003860
4879	his-7	V3C99_003860
4880	his-12	V3C99_003860
4881	his-16	V3C99_003860
4882	his-19	V3C99_003860
4883	his-21	V3C99_003860
4884	his-30	V3C99_003860
4885	his-33	V3C99_003860
4886	his-35	V3C99_003860
4887	his-43	V3C99_003860
4888	his-47	V3C99_003860
4889	his-51	V3C99_003860
4890	his-53	V3C99_003860
4891	his-57	V3C99_003860
4892	his-61	V3C99_003860
4893	his-65	V3C99_003860
4894	his-68	V3C99_003860
4896	his-4	V3C99_003861
4897	his-8	V3C99_003861
4898	his-11	V3C99_003861
4899	his-15	V3C99_003861
4900	his-20	V3C99_003861
4901	his-22	V3C99_003861
4902	his-29	V3C99_003861
4903	his-34	V3C99_003861
4904	his-39	V3C99_003861
4905	his-41	V3C99_003861
4906	his-44	V3C99_003861
4907	his-48	V3C99_003861
4908	his-52	V3C99_003861
4909	his-54	V3C99_003861
4910	his-58	V3C99_003861
4911	his-62	V3C99_003861
4912	his-66	V3C99_003861
4913	eat-16	V3C99_003862
4914	mcrs-1	V3C99_003863
4915	atp-1	V3C99_003864
4916	NNNNNN	V3C99_003865
4972	gpc-2	V3C99_003876
4973	gpc-2	V3C99_003878
4974	apm-1	V3C99_003882
4975	ahcy-1	V3C99_003883
4976	teg-4	V3C99_003884
4977	NNNNNN	V3C99_003885
4978	cyc-1	V3C99_003886
4981	eif-2beta	V3C99_003889
4982	NNNNNN	V3C99_003890
4983	C54G4.7	V3C99_003891
4984	dod-18	V3C99_003892
4985	rskn-2	V3C99_003893
4987	F25B5.6	V3C99_003895
4988	mec-8	V3C99_003896
4989	C17E4.6	V3C99_003898
4990	pabp-2	V3C99_003899
4995	C17E4.11	V3C99_003900
5000	hpo-27	V3C99_003902
5005	eva-1	V3C99_003913
5006	ept-1	V3C99_003914
5007	gnrr-1	V3C99_003915
5008	NNNNNN	V3C99_003916
5009	cof-2	V3C99_003917
5050	NNNNNN	V3C99_003922
5051	ned-8	V3C99_003924
5052	unc-73	V3C99_003925
5053	NNNNNN	V3C99_003926
5064	NNNNNN	V3C99_003932
5065	NNNNNN	V3C99_003932
5066	NNNNNN	V3C99_003932
5068	NNNNNN	V3C99_003933
5069	NNNNNN	V3C99_003933
5070	ruvb-1	V3C99_003934
5071	blos-9	V3C99_003935
5072	hinf-1	V3C99_003936
5074	uev-1	V3C99_003938
5075	F39B2.3	V3C99_003939
5076	rmh-1	V3C99_003940
5077	D2005.3	V3C99_003942
5078	NNNNNN	V3C99_003943
5079	NNNNNN	V3C99_003944
5081	NNNNNN	V3C99_003945
5082	NNNNNN	V3C99_003945
5083	NNNNNN	V3C99_003945
5084	NNNNNN	V3C99_003945
5085	Y66D12A.7	V3C99_003946
5103	NNNNNN	V3C99_003953
5104	NNNNNN	V3C99_003954
5105	NNNNNN	V3C99_003954
5106	NNNNNN	V3C99_003954
5107	F22D6.2	V3C99_003955
5108	NNNNNN	V3C99_003956
5109	NNNNNN	V3C99_003958
5110	NNNNNN	V3C99_003959
5111	NNNNNN	V3C99_003960
5112	F36A2.9	V3C99_003961
5113	rps-15	V3C99_003962
5115	NNNNNN	V3C99_003963
5116	figo-1	V3C99_003965
5117	lim-7	V3C99_003967
5119	che-13	V3C99_003968
5120	NNNNNN	V3C99_003969
5122	F26A3.4	V3C99_003972
5124	NNNNNN	V3C99_003974
5125	acr-3	V3C99_003977
5126	acr-2	V3C99_003978
5127	drag-1	V3C99_003981
5129	lrp-1	V3C99_003984
5130	T06A4.1	V3C99_003985
5131	tag-68	V3C99_003986
5132	pash-1	V3C99_003987
5133	NNNNNN	V3C99_003989
5134	NNNNNN	V3C99_003989
5142	NNNNNN	V3C99_003994
5143	eif-3.E	V3C99_003996
5144	ech-6	V3C99_004001
5145	mrps-30	V3C99_004002
5146	mppe-1	V3C99_004003
5149	NNNNNN	V3C99_004005
5150	NNNNNN	V3C99_004005
5151	prhg-1	V3C99_004006
5153	NNNNNN	V3C99_004010
5154	prp-17	V3C99_004011
5156	rpl-43	V3C99_004012
5157	Y42H9AR.1	V3C99_004013
5158	NNNNNN	V3C99_004014
5160	mfb-1	V3C99_004017
5169	paxt-1	V3C99_004023
5170	R05D11.9	V3C99_004023
5171	aptf-1	V3C99_004023
5172	tmem-208	V3C99_004024
5173	ran-4	V3C99_004025
5174	Y73E7A.6	V3C99_004026
5175	aatf-1	V3C99_004027
5176	eif-6	V3C99_004028
5177	prx-11	V3C99_004029
5178	gale-1	V3C99_004030
5179	efsc-1	V3C99_004031
5180	C47B2.9	V3C99_004033
5181	rpl-43	V3C99_004035
5182	Y42H9AR.1	V3C99_004036
5183	smu-1	V3C99_004037
5184	pmr-1	V3C99_004038
5185	maph-1.3	V3C99_004039
5186	maph-1.2	V3C99_004039
5187	maph-1.1	V3C99_004039
5188	NNNNNN	V3C99_004040
5189	pde-1	V3C99_004043
5192	T15B7.1	V3C99_004046
5194	T15B7.1	V3C99_004047
5196	T15B7.1	V3C99_004048
5200	T15B7.1	V3C99_004050
5202	T15B7.1	V3C99_004051
5206	T15B7.1	V3C99_004053
5207	unc-63	V3C99_004054
5208	NNNNNN	V3C99_004055
5210	T15B7.1	V3C99_004056
5212	T26E3.4	V3C99_004058
5213	NNNNNN	V3C99_004059
5215	Y53G8B.2	V3C99_004060
5223	dgat-2	V3C99_004067
5227	T15B7.1	V3C99_004068
5228	par-6	V3C99_004072
5229	T26E3.4	V3C99_004073
5245	NNNNNN	V3C99_004076
5246	ppk-1	V3C99_004077
5247	F33H2.3	V3C99_004078
5248	T19H12.2	V3C99_004078
5249	mbd-2	V3C99_004079
5250	sptf-2	V3C99_004080
5251	NNNNNN	V3C99_004081
5252	cdk-14	V3C99_004082
5255	NNNNNN	V3C99_004087
5276	NNNNNN	V3C99_004089
5289	NNNNNN	V3C99_004089
5292	NNNNNN	V3C99_004089
5297	NNNNNN	V3C99_004089
5300	NNNNNN	V3C99_004090
5301	NNNNNN	V3C99_004090
5314	NNNNNN	V3C99_004090
5315	NNNNNN	V3C99_004090
5319	NNNNNN	V3C99_004090
5324	NNNNNN	V3C99_004090
5327	F10G8.9	V3C99_004091
5328	nubp-1	V3C99_004092
5329	ZC434.4	V3C99_004093
5330	rae-1	V3C99_004095
5331	ncs-2	V3C99_004096
5332	ercc-1	V3C99_004097
5333	cyp-14A5	V3C99_004098
5334	cyp-14A1	V3C99_004098
5335	cyp-14A2	V3C99_004098
5336	cyp-14A3	V3C99_004098
5337	cyp-14A4	V3C99_004098
5341	cyp-14A5	V3C99_004099
5342	cyp-14A1	V3C99_004099
5343	cyp-14A2	V3C99_004099
5344	cyp-14A3	V3C99_004099
5345	cyp-14A4	V3C99_004099
5349	cyp-14A5	V3C99_004101
5350	cyp-14A1	V3C99_004101
5351	cyp-14A2	V3C99_004101
5352	cyp-14A3	V3C99_004101
5353	cyp-14A4	V3C99_004101
5357	cyp-14A5	V3C99_004102
5358	cyp-14A1	V3C99_004102
5359	cyp-14A2	V3C99_004102
5360	cyp-14A3	V3C99_004102
5361	cyp-14A4	V3C99_004102
5365	cyp-14A5	V3C99_004103
5366	cyp-14A1	V3C99_004103
5367	cyp-14A2	V3C99_004103
5368	cyp-14A3	V3C99_004103
5369	cyp-14A4	V3C99_004103
5373	NNNNNN	V3C99_004104
5374	NNNNNN	V3C99_004105
5375	tent-5	V3C99_004106
5376	moag-4	V3C99_004107
5377	rpb-10	V3C99_004108
5378	slx-1	V3C99_004109
5379	npp-6	V3C99_004110
5380	dhs-3	V3C99_004111
5381	glo-1	V3C99_004114
5383	Y92H12A.2	V3C99_004117
5384	ints-3	V3C99_004118
5385	NNNNNN	V3C99_004119
5386	obr-4	V3C99_004120
5387	NNNNNN	V3C99_004121
5388	W02D3.12	V3C99_004122
5389	T01G1.4	V3C99_004124
5390	NNNNNN	V3C99_004127
5391	exos-3	V3C99_004128
5392	ndub-10	V3C99_004129
5393	F59C6.12	V3C99_004130
5394	mus-101	V3C99_004131
5395	NNNNNN	V3C99_004132
5396	hgo-1	V3C99_004133
5400	eif-3.C	V3C99_004135
5401	eif-3.C	V3C99_004136
5413	NNNNNN	V3C99_004140
5416	NNNNNN	V3C99_004143
5417	NNNNNN	V3C99_004144
5418	NNNNNN	V3C99_004145
5420	tom-1	V3C99_004147
5421	NNNNNN	V3C99_004148
5422	NNNNNN	V3C99_004150
5423	NNNNNN	V3C99_004151
5424	NNNNNN	V3C99_004152
5460	T15B7.1	V3C99_004156
5463	NNNNNN	V3C99_004159
5464	NNNNNN	V3C99_004160
5466	lin-41	V3C99_004161
5471	M04C9.3	V3C99_004162
5475	dyf-5	V3C99_004163
5476	ppfr-1	V3C99_004164
5477	NNNNNN	V3C99_004165
5478	calm-1	V3C99_004167
5479	stl-1	V3C99_004168
5480	F11C1.1	V3C99_004169
5481	F42H10.2	V3C99_004169
5482	F30A10.9	V3C99_004170
5483	stn-1	V3C99_004171
5484	F30A10.3	V3C99_004172
5485	NNNNNN	V3C99_004173
5486	pbrm-1	V3C99_004174
5487	T28F4.4	V3C99_004175
5489	T28F4.5	V3C99_004176
5490	NNNNNN	V3C99_004177
5491	crn-1	V3C99_004179
5492	Y47G6A.9	V3C99_004180
5493	spg-7	V3C99_004181
5494	asic-2	V3C99_004183
5495	Y47G6A.7	V3C99_004184
5496	ppk-3	V3C99_004185
5499	ZK524.4	V3C99_004188
5500	lars-2	V3C99_004189
5502	NNNNNN	V3C99_004190
5505	NNNNNN	V3C99_004192
5506	Y48G10A.3	V3C99_004193
5507	ints-8	V3C99_004194
5508	NNNNNN	V3C99_004196
5509	unc-89	V3C99_004202
5511	NNNNNN	V3C99_004203
5512	unc-89	V3C99_004204
5524	NNNNNN	V3C99_004207
5545	NNNNNN	V3C99_004208
5546	NNNNNN	V3C99_004211
5547	NNNNNN	V3C99_004212
5550	NNNNNN	V3C99_004213
5551	T23G7.3	V3C99_004214
5552	T23G7.2	V3C99_004215
5553	T23G7.2	V3C99_004216
5554	sec-5	V3C99_004217
5555	F43G9.13	V3C99_004218
5556	edc-3	V3C99_004219
5557	snrp-27	V3C99_004220
5558	pamn-1	V3C99_004221
5559	NNNNNN	V3C99_004222
5560	NNNNNN	V3C99_004222
5561	chd-7	V3C99_004223
5563	NNNNNN	V3C99_004225
5566	NNNNNN	V3C99_004227
5567	NNNNNN	V3C99_004227
5570	NNNNNN	V3C99_004227
5571	NNNNNN	V3C99_004227
5572	F37F2.2	V3C99_004228
5574	spe-15	V3C99_004229
5575	NNNNNN	V3C99_004230
5576	NNNNNN	V3C99_004231
5577	NNNNNN	V3C99_004233
5578	smgl-1	V3C99_004235
5579	mdt-18	V3C99_004236
5580	dbr-1	V3C99_004237
5581	NNNNNN	V3C99_004238
5582	NNNNNN	V3C99_004240
5583	ced-1	V3C99_004241
5587	cyp-34A1	V3C99_004243
5588	cyp-34A2	V3C99_004243
5589	cyp-34A5	V3C99_004243
5590	cyp-34A6	V3C99_004243
5591	cyp-34A7	V3C99_004243
5592	cyp-34A8	V3C99_004243
5593	cyp-34A9	V3C99_004243
5594	cyp-34A10	V3C99_004243
5604	NNNNNN	V3C99_004243
5606	T15B7.1	V3C99_004244
5608	T15B7.1	V3C99_004245
5611	cyp-34A1	V3C99_004246
5612	cyp-34A2	V3C99_004246
5613	cyp-34A5	V3C99_004246
5614	cyp-34A6	V3C99_004246
5615	cyp-34A7	V3C99_004246
5616	cyp-34A8	V3C99_004246
5617	cyp-34A9	V3C99_004246
5618	cyp-34A10	V3C99_004246
5628	NNNNNN	V3C99_004246
5629	F22G12.4	V3C99_004247
5630	atm-1	V3C99_004249
5631	sptf-1	V3C99_004251
5632	ZC434.9	V3C99_004253
5635	aph-2	V3C99_004257
5636	ears-1	V3C99_004258
5637	NNNNNN	V3C99_004259
5639	C09D4.1	V3C99_004260
5640	fkb-7	V3C99_004261
5642	ndx-8	V3C99_004263
5643	soem-1	V3C99_004264
5644	Y65B4A.8	V3C99_004265
5645	cus-2	V3C99_004266
5646	NNNNNN	V3C99_004268
5663	K07A3.3	V3C99_004273
5664	mex-3	V3C99_004276
5665	zhp-3	V3C99_004279
5666	K02B12.7	V3C99_004280
5667	tnsl-1	V3C99_004282
5668	NNNNNN	V3C99_004283
5669	NNNNNN	V3C99_004284
5670	F21F3.4	V3C99_004285
5672	kin-32	V3C99_004288
5673	vha-16	V3C99_004289
5674	fhod-1	V3C99_004290
5677	NNNNNN	V3C99_004291
5695	nekl-1	V3C99_004296
5701	dot-1.1	V3C99_004299
5702	dot-1.5	V3C99_004299
5707	NNNNNN	V3C99_004302
5708	NNNNNN	V3C99_004306
5710	NNNNNN	V3C99_004309
5712	T15B7.1	V3C99_004311
5714	T15B7.1	V3C99_004312
5716	NNNNNN	V3C99_004313
5717	NNNNNN	V3C99_004313
5718	NNNNNN	V3C99_004313
5719	NNNNNN	V3C99_004313
5720	NNNNNN	V3C99_004313
5721	NNNNNN	V3C99_004313
5722	NNNNNN	V3C99_004313
5723	NNNNNN	V3C99_004313
5725	NNNNNN	V3C99_004314
5726	NNNNNN	V3C99_004314
5727	NNNNNN	V3C99_004314
5728	NNNNNN	V3C99_004314
5729	NNNNNN	V3C99_004314
5730	NNNNNN	V3C99_004314
5731	NNNNNN	V3C99_004314
5732	NNNNNN	V3C99_004314
5733	fld-1	V3C99_004315
5734	dnj-29	V3C99_004316
5735	NNNNNN	V3C99_004317
5736	NNNNNN	V3C99_004319
5737	NNNNNN	V3C99_004320
5738	T23B12.6	V3C99_004321
5760	NNNNNN	V3C99_004324
5761	NNNNNN	V3C99_004326
5762	NNNNNN	V3C99_004327
5763	NNNNNN	V3C99_004328
5764	F21F3.7	V3C99_004329
5765	NNNNNN	V3C99_004330
5766	NNNNNN	V3C99_004331
5767	gpi-1	V3C99_004334
5768	acl-1	V3C99_004335
5769	rpl-31	V3C99_004337
5770	sac-2	V3C99_004338
5771	cox-4	V3C99_004339
5772	ints-4	V3C99_004343
5773	psf-2	V3C99_004345
5775	fkb-2	V3C99_004346
5777	NNNNNN	V3C99_004347
5778	dpyd-1	V3C99_004348
5779	smd-1	V3C99_004351
5780	Y71A12C.2	V3C99_004352
5782	NNNNNN	V3C99_004354
5783	idhg-2	V3C99_004355
5785	let-630	V3C99_004357
5789	F32B5.1	V3C99_004358
5790	W10C8.5	V3C99_004358
5791	ctg-1	V3C99_004359
5793	sem-4	V3C99_004361
5794	ubql-1	V3C99_004362
5795	pdi-3	V3C99_004363
5796	chd-1	V3C99_004364
5797	pam-1	V3C99_004366
5799	NNNNNN	V3C99_004368
5800	Y40B1B.7	V3C99_004368
5801	exos-2	V3C99_004370
5802	F29B9.1	V3C99_004372
5803	NNNNNN	V3C99_004373
5804	pas-3	V3C99_004374
5805	use-1	V3C99_004375
5806	apr-1	V3C99_004377
5808	NNNNNN	V3C99_004379
5809	NNNNNN	V3C99_004380
5810	NNNNNN	V3C99_004382
5811	gsr-1	V3C99_004385
5812	sec-22	V3C99_004386
5843	samp-1	V3C99_004390
5844	ztf-4	V3C99_004391
5849	NNNNNN	V3C99_004394
5851	tag-96	V3C99_004397
5852	scm-1	V3C99_004398
5853	tub-2	V3C99_004399
5854	NNNNNN	V3C99_004400
5855	lsm-6	V3C99_004402
5857	atg-5	V3C99_004404
5858	ZK643.2	V3C99_004405
5859	cdap-2	V3C99_004406
5860	txl-1	V3C99_004406
5861	cogc-1	V3C99_004407
5863	NNNNNN	V3C99_004408
5864	ncx-4	V3C99_004409
5866	got-2.2	V3C99_004410
5868	tipn-1	V3C99_004411
5869	NNNNNN	V3C99_004412
5870	edc-4	V3C99_004413
5871	NNNNNN	V3C99_004414
5872	rga-6	V3C99_004415
5873	K04F10.2	V3C99_004416
5874	mrpl-9	V3C99_004417
5875	rpn-10	V3C99_004418
5876	NNNNNN	V3C99_004419
5877	sup-46	V3C99_004419
5878	NNNNNN	V3C99_004420
5880	T22C1.6	V3C99_004423
5881	jph-1	V3C99_004424
5882	ahr-1	V3C99_004428
5894	fkh-10	V3C99_004434
5895	fkh-10	V3C99_004435
5897	NNNNNN	V3C99_004436
5901	sod-2	V3C99_004437
5902	sod-3	V3C99_004437
5904	tag-296	V3C99_004438
5905	F49D11.10	V3C99_004439
5906	NNNNNN	V3C99_004440
5907	bbs-9	V3C99_004442
5908	C48B6.2	V3C99_004443
5909	haps-1	V3C99_004444
5910	smg-1	V3C99_004448
5911	eya-1	V3C99_004450
5912	NNNNNN	V3C99_004456
5944	del-4	V3C99_004459
5945	NNNNNN	V3C99_004460
5946	mau-2	V3C99_004461
5947	lin-10	V3C99_004462
5948	NNNNNN	V3C99_004463
5952	egl-30	V3C99_004466
5955	rpl-27	V3C99_004468
5956	C53H9.2	V3C99_004469
5957	NNNNNN	V3C99_004470
5958	chaf-2	V3C99_004471
5959	Y106G6G.2	V3C99_004472
5960	cup-2	V3C99_004473
5961	rps-21	V3C99_004473
5962	tag-353	V3C99_004474
5964	rps-21	V3C99_004476
5965	bag-1	V3C99_004477
5966	NNNNNN	V3C99_004480
5968	T15B7.1	V3C99_004482
5970	T15B7.1	V3C99_004483
5971	hum-7	V3C99_004484
5972	vab-10	V3C99_004485
5975	tax-2	V3C99_004486
5976	C07H6.2	V3C99_004487
5977	cku-80	V3C99_004488
5978	rsa-1	V3C99_004489
5979	NNNNNN	V3C99_004490
5980	NNNNNN	V3C99_004491
5981	ndua-13	V3C99_004492
5982	ttc-1	V3C99_004493
5983	lonp-1	V3C99_004494
5984	spcs-1	V3C99_004495
5986	F47G4.4	V3C99_004496
5988	yars-1	V3C99_004497
5989	avr-14	V3C99_004499
5990	F39B2.8	V3C99_004500
5991	dnj-12	V3C99_004501
5992	NNNNNN	V3C99_004502
5993	rps-26	V3C99_004503
5994	NNNNNN	V3C99_004504
6001	NNNNNN	V3C99_004505
6006	mtx-1	V3C99_004507
6007	che-14	V3C99_004508
6008	ccpp-1	V3C99_004509
6010	NNNNNN	V3C99_004512
6011	cogc-5	V3C99_004513
6013	mus-81	V3C99_004529
6014	C43E11.9	V3C99_004530
6015	cdc-6	V3C99_004531
6016	scpl-3	V3C99_004532
6017	Y47D9A.1	V3C99_004536
6018	anc-1	V3C99_004537
6019	trp-4	V3C99_004540
6020	F26H9.5	V3C99_004541
6022	nol-58	V3C99_004543
6023	NNNNNN	V3C99_004544
6024	NNNNNN	V3C99_004545
6025	aph-1	V3C99_004546
6026	tat-5	V3C99_004547
6028	unc-11	V3C99_004548
6029	C32E8.9	V3C99_004549
6030	NNNNNN	V3C99_004550
6031	maea-1	V3C99_004551
6032	W09G3.8	V3C99_004552
6033	W09G3.6	V3C99_004553
6034	F45F2.9	V3C99_004554
6065	pgrn-1	V3C99_004559
6066	blmp-1	V3C99_004560
6067	rha-1	V3C99_004562
6068	smg-4	V3C99_004563
6071	NNNNNN	V3C99_004571
6081	T01G9.2	V3C99_004575
6082	NNNNNN	V3C99_004576
6084	kin-10	V3C99_004579
6085	aat-2	V3C99_004581
6086	mig-23	V3C99_004584
6088	mig-15	V3C99_004585
6089	lam-3	V3C99_004587
6090	F38B6.6	V3C99_004588
6091	NNNNNN	V3C99_004589
6092	NNNNNN	V3C99_004589
6093	NNNNNN	V3C99_004589
6094	unc-78	V3C99_004594
6095	ndub-7	V3C99_004594
6096	aipl-1	V3C99_004594
6097	NNNNNN	V3C99_004595
6098	let-23	V3C99_004597
6099	rpt-1	V3C99_004598
6100	T09B4.8	V3C99_004601
6101	dpt-1	V3C99_004603
6103	haf-4	V3C99_004605
6120	NNNNNN	V3C99_004619
6123	NNNNNN	V3C99_004624
6124	NNNNNN	V3C99_004625
6125	NNNNNN	V3C99_004636
6127	NNNNNN	V3C99_004636
6131	dcp-66	V3C99_004638
6132	T25G3.1	V3C99_004640
6133	NNNNNN	V3C99_004648
6134	ttbk-8.1	V3C99_004651
6135	ttbk-8.2	V3C99_004651
6138	haf-2	V3C99_004653
6141	F52B5.3	V3C99_004655
6142	NNNNNN	V3C99_004657
6145	NNNNNN	V3C99_004658
6146	NNNNNN	V3C99_004659
6148	ints-2	V3C99_004663
6149	atg-4.1	V3C99_004664
6150	mrps-6	V3C99_004665
6151	R12E2.11	V3C99_004666
6152	thoc-3	V3C99_004667
6155	NNNNNN	V3C99_004671
6156	K05C4.2	V3C99_004672
6157	pbs-5	V3C99_004673
6158	mcm-10	V3C99_004674
6159	zipt-1	V3C99_004675
6160	fmp-27	V3C99_004676
6161	NNNNNN	V3C99_004677
6162	cyn-5	V3C99_004678
6164	dus-2	V3C99_004679
6167	gid-1	V3C99_004680
6168	NNNNNN	V3C99_004681
6169	F33H2.6	V3C99_004682
6170	NNNNNN	V3C99_004683
6171	aap-1	V3C99_004686
6172	NNNNNN	V3C99_004687
6173	unc-75	V3C99_004693
6174	NNNNNN	V3C99_004695
6175	lim-4	V3C99_004696
6183	NNNNNN	V3C99_004699
6185	unc-38	V3C99_004700
6186	zfr-1	V3C99_004701
6188	gldi-11	V3C99_004707
6189	W04A8.1	V3C99_004711
6191	set-29	V3C99_004716
6194	Y92H12BR.7	V3C99_004718
6198	C41D11.3	V3C99_004719
6199	NNNNNN	V3C99_004720
6200	NNNNNN	V3C99_004720
6201	NNNNNN	V3C99_004720
6203	nhr-69	V3C99_004723
6214	nhr-49	V3C99_004726
6222	K10C3.5	V3C99_004729
6223	ensa-1	V3C99_004733
6224	K10C3.5	V3C99_004735
6225	NNNNNN	V3C99_004737
6226	NNNNNN	V3C99_004738
6232	T27F6.6	V3C99_004740
6233	NNNNNN	V3C99_004741
6241	NNNNNN	V3C99_004745
6242	mek-2	V3C99_004746
6275	nduf-5	V3C99_004752
6277	Y71F9AR.2	V3C99_004754
6279	gcsh-1	V3C99_004756
6280	gcsh-2	V3C99_004756
6281	xpa-1	V3C99_004757
6282	mboa-1	V3C99_004758
6283	NNNNNN	V3C99_004760
6284	abts-1	V3C99_004763
6285	NNNNNN	V3C99_004764
6286	calu-2	V3C99_004765
6287	NNNNNN	V3C99_004766
6288	acox-1.6	V3C99_004769
6289	ostd-1	V3C99_004771
6295	NNNNNN	V3C99_004773
6296	T27F6.6	V3C99_004774
6302	NNNNNN	V3C99_004788
6304	NNNNNN	V3C99_004800
6306	NNNNNN	V3C99_004804
6307	tyr-5	V3C99_004805
6308	ama-1	V3C99_004806
6309	msh-2	V3C99_004809
6311	pgal-1	V3C99_004813
6312	F02E9.10	V3C99_004814
6314	NNNNNN	V3C99_004817
6315	F02E9.10	V3C99_004819
6316	tmem-189	V3C99_004821
6317	Y92H12A.5	V3C99_004832
6318	rla-0	V3C99_004833
6319	tct-1	V3C99_004834
6322	nra-2	V3C99_004836
6323	lin-53	V3C99_004837
6324	K07A1.10	V3C99_004838
6325	ate-1	V3C99_004839
6326	ile-1	V3C99_004840
6327	fdps-1	V3C99_004842
6328	wve-1	V3C99_004843
6329	NNNNNN	V3C99_004844
6330	NNNNNN	V3C99_004844
6331	NNNNNN	V3C99_004844
6332	NNNNNN	V3C99_004846
6333	NNNNNN	V3C99_004846
6334	NNNNNN	V3C99_004846
6335	C01A2.4	V3C99_004847
6336	NNNNNN	V3C99_004847
6337	NNNNNN	V3C99_004847
6338	NNNNNN	V3C99_004847
6339	exo-3	V3C99_004848
6344	tads-1	V3C99_004850
6345	oxa-1	V3C99_004852
6346	rskn-1	V3C99_004853
6347	bro-1	V3C99_004856
6354	sod-2	V3C99_004864
6355	sod-3	V3C99_004864
6356	kin-24	V3C99_004866
6360	NNNNNN	V3C99_004873
6361	rad-54.L	V3C99_004876
6363	NNNNNN	V3C99_004885
6364	NNNNNN	V3C99_004886
6367	NNNNNN	V3C99_004891
6368	mrpl-15	V3C99_004894
6369	NNNNNN	V3C99_004895
6370	memb-1	V3C99_004896
6372	NNNNNN	V3C99_004897
6373	shl-1	V3C99_004898
6374	NNNNNN	V3C99_004899
6375	NNNNNN	V3C99_004902
6379	dnj-27	V3C99_004910
6381	comt-2	V3C99_004911
6382	comt-3	V3C99_004911
6383	comt-4	V3C99_004911
6384	comt-5	V3C99_004911
6385	F16F9.4	V3C99_004912
6387	NNNNNN	V3C99_004914
6388	src-2	V3C99_004915
6389	ero-1	V3C99_004916
6390	NNNNNN	V3C99_004923
6391	lev-11	V3C99_004924
6392	sec-12	V3C99_004925
6408	NNNNNN	V3C99_004930
6410	unc-55	V3C99_004932
6411	exc-4	V3C99_004933
6412	ctnb-1	V3C99_004936
6416	comt-2	V3C99_004941
6417	comt-3	V3C99_004941
6418	comt-4	V3C99_004941
6419	comt-5	V3C99_004941
6420	dnj-27	V3C99_004942
6422	NNNNNN	V3C99_004943
6424	eif-2Bbeta	V3C99_004944
6425	pars-2	V3C99_004945
6426	natc-3	V3C99_004946
6427	cyb-1	V3C99_004947
6428	cyb-2.1	V3C99_004947
6429	cyb-2.2	V3C99_004947
6430	pdk-1	V3C99_004949
6431	mtm-10	V3C99_004950
6432	csk-1	V3C99_004951
6434	sesn-1	V3C99_004952
6435	F26H9.2	V3C99_004953
6436	nmat-2	V3C99_004953
6438	rab-5	V3C99_004954
6469	NNNNNN	V3C99_004959
6471	F55F10.1	V3C99_004965
6472	K07A1.15	V3C99_004966
6473	lrk-1	V3C99_004967
6480	pyk-1	V3C99_004974
6481	eef-2	V3C99_004975
6482	clsp-1	V3C99_004976
6483	mrpl-54	V3C99_004977
6484	NNNNNN	V3C99_004978
6485	vps-20	V3C99_004980
6486	vbh-1	V3C99_004981
6487	NNNNNN	V3C99_004983
6488	NNNNNN	V3C99_004984
6489	gpap-1	V3C99_004985
6490	Y6B3B.9	V3C99_004986
6491	NNNNNN	V3C99_004987
6492	NNNNNN	V3C99_004988
6494	ekl-4	V3C99_004990
6495	rps-20	V3C99_004991
6496	C55A6.1	V3C99_004992
6497	Y105E8A.14	V3C99_004992
6501	NNNNNN	V3C99_004993
6502	ceh-17	V3C99_004994
6503	mvb-12	V3C99_004995
6507	dhhc-11	V3C99_005000
6508	lron-8	V3C99_005002
6509	erm-1	V3C99_005003
6510	mrps-15	V3C99_005004
6511	ptr-10	V3C99_005005
6512	his-4	V3C99_005008
6513	his-8	V3C99_005008
6514	his-11	V3C99_005008
6515	his-15	V3C99_005008
6516	his-20	V3C99_005008
6517	his-22	V3C99_005008
6518	his-29	V3C99_005008
6519	his-34	V3C99_005008
6520	his-39	V3C99_005008
6521	his-41	V3C99_005008
6522	his-44	V3C99_005008
6523	his-48	V3C99_005008
6524	his-52	V3C99_005008
6525	his-54	V3C99_005008
6526	his-58	V3C99_005008
6527	his-62	V3C99_005008
6528	his-66	V3C99_005008
6529	ife-1	V3C99_005009
6530	ife-2	V3C99_005009
6531	ife-5	V3C99_005009
6532	NNNNNN	V3C99_005011
6533	NNNNNN	V3C99_005012
6534	mrrf-1	V3C99_005013
6535	pbs-4	V3C99_005014
6536	unc-57	V3C99_005017
6538	vacl-14	V3C99_005018
6539	glr-5	V3C99_005019
6543	NNNNNN	V3C99_005022
6544	NNNNNN	V3C99_005027
6545	ceh-8	V3C99_005028
6546	fitm-2	V3C99_005029
6547	zipt-2.1	V3C99_005032
6548	zipt-2.2	V3C99_005032
6549	nfki-1	V3C99_005033
6550	C16A3.5	V3C99_005034
6551	kel-20	V3C99_005035
6552	Y74C10AL.2	V3C99_005036
6553	abtm-1	V3C99_005037
6554	D1007.15	V3C99_005038
6556	NNNNNN	V3C99_005041
6557	asd-2	V3C99_005043
6565	sdpn-1	V3C99_005047
6566	NNNNNN	V3C99_005048
6567	T10B11.5	V3C99_005049
6569	T10B11.6	V3C99_005050
6570	F18C12.3	V3C99_005052
6571	pcbd-1	V3C99_005053
6572	rege-1	V3C99_005054
6573	C30F12.2	V3C99_005055
6574	marc-6	V3C99_005056
6575	znf-706	V3C99_005058
6577	xrn-2	V3C99_005059
6579	pept-3	V3C99_005060
6580	npp-7	V3C99_005063
6581	NNNNNN	V3C99_005064
6588	NNNNNN	V3C99_005067
6589	prp-31	V3C99_005070
6592	ari-1.3	V3C99_005071
6593	ari-1.2	V3C99_005071
6594	ari-1.1	V3C99_005071
6595	NNNNNN	V3C99_005073
6596	syf-2	V3C99_005074
6597	kin-1	V3C99_005075
6599	neto-1	V3C99_005079
6600	NNNNNN	V3C99_005080
6602	aprt-1	V3C99_005082
6603	unc-40	V3C99_005086
6604	npp-7	V3C99_005087
6605	msh-2	V3C99_005089
6606	NNNNNN	V3C99_005090
6623	immt-1	V3C99_005094
6624	ser-7	V3C99_005095
6625	NNNNNN	V3C99_005096
6626	trpp-8	V3C99_005100
6627	vha-10	V3C99_005101
6628	ubl-5	V3C99_005102
6629	cerk-1	V3C99_005103
6630	C53D5.5	V3C99_005104
6631	C53D5.1	V3C99_005105
6636	NNNNNN	V3C99_005107
6637	NNNNNN	V3C99_005107
6639	NNNNNN	V3C99_005109
6640	NNNNNN	V3C99_005110
6641	ssb-1	V3C99_005111
6643	gly-13	V3C99_005112
6644	gly-14	V3C99_005112
6645	kin-24	V3C99_005113
6646	slc-36.4	V3C99_005117
6647	slc-36.3	V3C99_005117
6651	NNNNNN	V3C99_005126
6659	unc-79	V3C99_005131
6660	bro-1	V3C99_005132
6661	pycr-1	V3C99_005133
6662	hbs-1	V3C99_005135
6664	casc-3	V3C99_005141
6665	rpl-14	V3C99_005142
6666	ile-1	V3C99_005145
6667	ate-1	V3C99_005146
6668	csn-6	V3C99_005147
6669	K07A1.10	V3C99_005148
6670	lin-53	V3C99_005149
6671	nra-2	V3C99_005150
6676	mag-1	V3C99_005159
6677	ubc-12	V3C99_005160
6678	acbp-1	V3C99_005162
6679	ints-6	V3C99_005166
6687	NNNNNN	V3C99_005179
6690	NNNNNN	V3C99_005183
6693	tct-1	V3C99_005185
6694	rla-0	V3C99_005186
6695	Y92H12A.5	V3C99_005187
6726	dyb-1	V3C99_005190
6727	nmtn-1	V3C99_005192
6728	rga-2	V3C99_005194
6729	cas-1	V3C99_005198
6739	NNNNNN	V3C99_005211
6740	NNNNNN	V3C99_005211
6742	F16A11.1	V3C99_005215
6743	rtcb-1	V3C99_005216
6744	M01E5.2	V3C99_005217
6745	M01E5.4	V3C99_005218
6758	NNNNNN	V3C99_005223
6759	NNNNNN	V3C99_005224
6760	NNNNNN	V3C99_005227
6766	ctnb-1	V3C99_005235
6767	chk-2	V3C99_005236
6768	chkr-1	V3C99_005236
6769	NNNNNN	V3C99_005236
6774	NNNNNN	V3C99_005240
6775	NNNNNN	V3C99_005241
6776	NNNNNN	V3C99_005241
6777	NNNNNN	V3C99_005241
6778	NNNNNN	V3C99_005242
6779	NNNNNN	V3C99_005242
6780	NNNNNN	V3C99_005242
6781	NNNNNN	V3C99_005243
6782	NNNNNN	V3C99_005243
6783	NNNNNN	V3C99_005243
6785	hxk-1	V3C99_005245
6786	rpoa-2	V3C99_005246
6792	NNNNNN	V3C99_005253
6793	memb-1	V3C99_005256
6795	NNNNNN	V3C99_005260
6796	mib-1	V3C99_005261
6797	NNNNNN	V3C99_005262
6798	NNNNNN	V3C99_005263
6800	NNNNNN	V3C99_005264
6802	NNNNNN	V3C99_005267
6803	lev-11	V3C99_005268
6804	sec-12	V3C99_005269
6836	NNNNNN	V3C99_005273
6837	Y48A6B.3	V3C99_005276
6838	dao-5	V3C99_005277
6839	NNNNNN	V3C99_005279
6840	cln-3.1	V3C99_005282
6845	strl-1	V3C99_005284
6846	lagr-1	V3C99_005288
6847	NNNNNN	V3C99_005289
6848	NNNNNN	V3C99_005290
6849	pigl-1	V3C99_005291
6850	rsr-1	V3C99_005292
6851	F16F9.4	V3C99_005298
6852	F16F9.4	V3C99_005299
6853	NNNNNN	V3C99_005300
6854	src-2	V3C99_005303
6855	ero-1	V3C99_005304
6856	dyf-1	V3C99_005308
6860	NNNNNN	V3C99_005312
6862	NNNNNN	V3C99_005313
6863	NNNNNN	V3C99_005313
6865	mcm-4	V3C99_005318
6869	NNNNNN	V3C99_005325
6870	snt-4	V3C99_005328
6871	drh-3	V3C99_005329
6872	cic-1	V3C99_005331
6874	T15B7.1	V3C99_005332
6875	ttx-3	V3C99_005333
6876	T09B4.4	V3C99_005334
6877	T23G11.4	V3C99_005335
6878	rlbp-1	V3C99_005336
6879	lron-9	V3C99_005337
6880	T23G11.7	V3C99_005338
6881	golg-5	V3C99_005339
6882	sptf-3	V3C99_005340
6883	ola-1	V3C99_005341
6884	snr-2	V3C99_005344
6887	trmt-6	V3C99_005350
6888	ZK858.6	V3C99_005351
6889	ZK858.5	V3C99_005352
6891	oct-1	V3C99_005356
6893	ndx-1	V3C99_005358
6894	NNNNNN	V3C99_005359
6895	mig-1	V3C99_005360
6898	sym-2	V3C99_005362
6900	mcm-4	V3C99_005366
6901	eif-2gamma	V3C99_005367
6903	tbca-1	V3C99_005368
6904	sacy-1	V3C99_005369
6905	glh-1	V3C99_005370
6906	glh-2	V3C99_005370
6907	glh-3	V3C99_005370
6908	dpf-3	V3C99_005371
6909	C37A2.8	V3C99_005372
6910	NNNNNN	V3C99_005373
6911	NNNNNN	V3C99_005374
6912	NNNNNN	V3C99_005376
6913	snpc-3.1	V3C99_005385
6914	snpc-3.2	V3C99_005385
6916	drh-3	V3C99_005387
6919	snt-4	V3C99_005390
6920	cah-6	V3C99_005391
6921	cpd-1	V3C99_005393
6922	T23D8.3	V3C99_005394
6923	NNNNNN	V3C99_005397
6924	mboa-7	V3C99_005399
6926	serr-1	V3C99_005401
6928	zipt-11	V3C99_005414
6929	mrpl-24	V3C99_005415
6930	Y105E8A.2	V3C99_005416
6931	slc-30A5	V3C99_005417
6932	NNNNNN	V3C99_005421
6933	goa-1	V3C99_005422
6934	NNNNNN	V3C99_005423
6935	NNNNNN	V3C99_005424
6938	cdd-2	V3C99_005426
6940	wdr-12	V3C99_005429
6941	cir-1	V3C99_005430
6942	lron-11	V3C99_005431
6945	tln-1	V3C99_005435
6946	tre-1	V3C99_005437
6947	dad-1	V3C99_005438
6948	NNNNNN	V3C99_005439
6949	spg-20	V3C99_005440
6950	F57B10.8	V3C99_005441
6951	NNNNNN	V3C99_005442
6952	NNNNNN	V3C99_005443
6953	NNNNNN	V3C99_005444
6954	spr-5	V3C99_005445
6955	lsd-1	V3C99_005445
6956	eif-3.J	V3C99_005446
6957	slc-25A46	V3C99_005447
6958	pcyt-1	V3C99_005448
6960	tns-1	V3C99_005453
6961	NNNNNN	V3C99_005455
6962	dyf-11	V3C99_005456
6976	NNNNNN	V3C99_005457
6979	NNNNNN	V3C99_005457
6993	apg-1	V3C99_005458
6994	NNNNNN	V3C99_005459
6995	NNNNNN	V3C99_005460
6998	tol-1	V3C99_005464
6999	rab-10	V3C99_005465
7000	NNNNNN	V3C99_005466
7002	hpo-13	V3C99_005471
7003	Y105E8A.11	V3C99_005471
7018	NNNNNN	V3C99_005473
7036	irx-1	V3C99_005478
7037	NNNNNN	V3C99_005479
7069	NNNNNN	V3C99_005486
7071	NNNNNN	V3C99_005489
7072	NNNNNN	V3C99_005491
7073	pfd-3	V3C99_005495
7075	W02A11.1	V3C99_005498
7076	vps-25	V3C99_005498
7077	usp-3	V3C99_005499
7078	rps-6	V3C99_005500
7079	Y48G10A.1	V3C99_005504
7080	gap-3	V3C99_005505
7081	NNNNNN	V3C99_005506
7082	crtc-1	V3C99_005507
7084	rpl-20	V3C99_005509
7113	NNNNNN	V3C99_005515
7114	rnf-145	V3C99_005516
7115	mrpl-19	V3C99_005517
7116	tyr-4	V3C99_005520
7117	NNNNNN	V3C99_005522
7146	bbs-1	V3C99_005526
7153	frk-1	V3C99_005529
7154	NNNNNN	V3C99_005530
7155	NNNNNN	V3C99_005530
7156	NNNNNN	V3C99_005530
7187	K04F10.7	V3C99_005533
7188	F25B5.3	V3C99_005535
7189	F49B2.6	V3C99_005539
7190	rsy-1	V3C99_005541
7191	NNNNNN	V3C99_005542
7192	maco-1	V3C99_005543
7193	acr-6	V3C99_005545
7194	NNNNNN	V3C99_005548
7196	M04F3.5	V3C99_005549
7197	NNNNNN	V3C99_005551
7198	NNNNNN	V3C99_005551
7199	NNNNNN	V3C99_005556
7202	pnk-1	V3C99_005559
7203	zhit-1	V3C99_005560
7204	cox-5B	V3C99_005561
7223	NNNNNN	V3C99_005563
7224	let-611	V3C99_005564
7225	lpd-2	V3C99_005565
7227	cebp-2	V3C99_005566
7228	NNNNNN	V3C99_005567
7229	frm-1	V3C99_005569
7230	T28F2.2	V3C99_005571
7231	msh-6	V3C99_005572
7234	hxk-2	V3C99_005576
7235	cdk-9	V3C99_005577
7238	Y54E5A.5	V3C99_005580
7239	gsa-1	V3C99_005581
7240	vps-4	V3C99_005582
7241	NNNNNN	V3C99_005583
7242	NNNNNN	V3C99_005584
7243	glrx-10	V3C99_005586
7246	glrx-10	V3C99_005591
7247	mrpl-38	V3C99_005593
7252	NNNNNN	V3C99_005602
7253	Y105E8A.1	V3C99_005603
7254	C47B2.2	V3C99_005604
7255	NNNNNN	V3C99_005607
7256	rpn-12	V3C99_005608
7307	W02D3.4	V3C99_005611
7308	lbp-5	V3C99_005615
7309	lbp-6	V3C99_005615
7310	lbp-7	V3C99_005615
7312	R04B3.2	V3C99_005617
7313	phip-1	V3C99_005618
7314	phip-1	V3C99_005619
7315	cids-2	V3C99_005620
7316	F36A2.2	V3C99_005621
7317	pbs-7	V3C99_005622
7318	rpn-8	V3C99_005624
7321	cfh-1	V3C99_005627
7325	exoc-8	V3C99_005633
7326	C06A5.3	V3C99_005634
7329	NNNNNN	V3C99_005636
7330	NNNNNN	V3C99_005637
7331	ZK909.3	V3C99_005639
7335	NNNNNN	V3C99_005642
7342	NNNNNN	V3C99_005645
7344	C55A6.3	V3C99_005646
7345	C55A6.4	V3C99_005646
7346	sdz-8	V3C99_005646
7347	C55A6.6	V3C99_005646
7348	C55A6.7	V3C99_005646
7349	F20G2.1	V3C99_005646
7354	kel-10	V3C99_005647
7355	F47D12.7	V3C99_005647
7356	R119.2	V3C99_005648
7357	NNNNNN	V3C99_005649
7358	pqn-59	V3C99_005650
7359	taf-4	V3C99_005651
7360	R119.5	V3C99_005652
7361	rab-8	V3C99_005655
7362	ace-2	V3C99_005657
7363	F10D11.6	V3C99_005658
7364	tbcd-1	V3C99_005659
7365	unc-14	V3C99_005661
7367	F32B4.5	V3C99_005663
7368	abhd-11.2	V3C99_005664
7369	NNNNNN	V3C99_005665
7370	riok-1	V3C99_005666
7371	nhr-64	V3C99_005667
7380	fer-1	V3C99_005668
7381	rskn-1	V3C99_005669
7382	che-3	V3C99_005672
7383	stam-1	V3C99_005673
7384	timm-23	V3C99_005674
7385	csb-1	V3C99_005675
7387	F53H4.6	V3C99_005675
7388	F15D3.6	V3C99_005676
7389	metl-17	V3C99_005677
7392	pbs-2	V3C99_005679
7393	NNNNNN	V3C99_005680
7394	R06C7.6	V3C99_005681
7395	adsl-1	V3C99_005682
7396	madd-4	V3C99_005689
7397	NNNNNN	V3C99_005690
7399	T08G11.1	V3C99_005698
7400	NNNNNN	V3C99_005700
7401	aex-6	V3C99_005701
7402	C32F10.8	V3C99_005702
7403	C32F10.8	V3C99_005703
7404	twk-47	V3C99_005704
7405	unc-37	V3C99_005705
7406	NNNNNN	V3C99_005706
7407	cytb-5.2	V3C99_005707
7408	T05E7.3	V3C99_005708
7411	NNNNNN	V3C99_005709
7419	hsp-16.41	V3C99_005714
7420	hsp-16.48	V3C99_005714
7421	hsp-16.49	V3C99_005714
7428	hsp-16.41	V3C99_005716
7429	hsp-16.48	V3C99_005716
7430	hsp-16.49	V3C99_005716
7439	hsp-16.41	V3C99_005724
7440	hsp-16.48	V3C99_005724
7441	hsp-16.49	V3C99_005724
7447	hsp-16.41	V3C99_005726
7448	hsp-16.48	V3C99_005726
7449	hsp-16.49	V3C99_005726
7455	NNNNNN	V3C99_005728
7459	NNNNNN	V3C99_005732
7460	NNNNNN	V3C99_005732
7461	arl-13	V3C99_005733
7462	rla-1	V3C99_005734
7463	Y37E3.8	V3C99_005735
7464	phb-1	V3C99_005736
7465	eif-2alpha	V3C99_005737
7466	NNNNNN	V3C99_005738
7467	NNNNNN	V3C99_005738
7468	NNNNNN	V3C99_005738
7469	NNNNNN	V3C99_005738
7470	NNNNNN	V3C99_005738
7471	NNNNNN	V3C99_005738
7472	NNNNNN	V3C99_005738
7473	NNNNNN	V3C99_005738
7474	NNNNNN	V3C99_005738
7475	NNNNNN	V3C99_005738
7476	NNNNNN	V3C99_005738
7477	NNNNNN	V3C99_005738
7478	NNNNNN	V3C99_005738
7479	NNNNNN	V3C99_005738
7480	NNNNNN	V3C99_005738
7481	NNNNNN	V3C99_005738
7482	NNNNNN	V3C99_005738
7483	NNNNNN	V3C99_005738
7484	NNNNNN	V3C99_005738
7485	NNNNNN	V3C99_005738
7486	NNNNNN	V3C99_005738
7487	NNNNNN	V3C99_005738
7488	NNNNNN	V3C99_005738
7489	NNNNNN	V3C99_005738
7490	NNNNNN	V3C99_005738
7491	NNNNNN	V3C99_005738
7492	NNNNNN	V3C99_005738
7493	NNNNNN	V3C99_005738
7494	NNNNNN	V3C99_005738
7495	NNNNNN	V3C99_005738
7496	NNNNNN	V3C99_005738
7501	NNNNNN	V3C99_005738
7502	NNNNNN	V3C99_005738
7503	NNNNNN	V3C99_005738
7504	NNNNNN	V3C99_005738
7505	NNNNNN	V3C99_005738
7508	NNNNNN	V3C99_005739
7509	NNNNNN	V3C99_005739
7510	NNNNNN	V3C99_005739
7511	NNNNNN	V3C99_005739
7512	NNNNNN	V3C99_005739
7513	NNNNNN	V3C99_005739
7514	NNNNNN	V3C99_005739
7515	NNNNNN	V3C99_005739
7516	NNNNNN	V3C99_005739
7517	NNNNNN	V3C99_005739
7518	NNNNNN	V3C99_005739
7519	NNNNNN	V3C99_005739
7520	NNNNNN	V3C99_005739
7521	NNNNNN	V3C99_005739
7522	NNNNNN	V3C99_005739
7523	NNNNNN	V3C99_005739
7524	NNNNNN	V3C99_005739
7525	NNNNNN	V3C99_005739
7526	NNNNNN	V3C99_005739
7527	NNNNNN	V3C99_005739
7528	NNNNNN	V3C99_005739
7529	NNNNNN	V3C99_005739
7530	NNNNNN	V3C99_005739
7531	NNNNNN	V3C99_005739
7532	NNNNNN	V3C99_005739
7533	NNNNNN	V3C99_005739
7534	NNNNNN	V3C99_005739
7535	NNNNNN	V3C99_005739
7536	NNNNNN	V3C99_005739
7537	NNNNNN	V3C99_005739
7538	NNNNNN	V3C99_005739
7543	NNNNNN	V3C99_005739
7544	NNNNNN	V3C99_005739
7545	NNNNNN	V3C99_005739
7546	NNNNNN	V3C99_005739
7547	NNNNNN	V3C99_005739
7550	NNNNNN	V3C99_005740
7551	mlcd-1	V3C99_005741
7553	NNNNNN	V3C99_005743
7554	NNNNNN	V3C99_005744
7555	NNNNNN	V3C99_005744
7556	NNNNNN	V3C99_005744
7557	NNNNNN	V3C99_005744
7558	NNNNNN	V3C99_005744
7559	NNNNNN	V3C99_005744
7560	NNNNNN	V3C99_005744
7561	NNNNNN	V3C99_005744
7562	NNNNNN	V3C99_005744
7563	NNNNNN	V3C99_005744
7564	NNNNNN	V3C99_005744
7565	NNNNNN	V3C99_005744
7566	NNNNNN	V3C99_005744
7567	NNNNNN	V3C99_005744
7568	NNNNNN	V3C99_005744
7569	NNNNNN	V3C99_005744
7570	NNNNNN	V3C99_005744
7571	NNNNNN	V3C99_005744
7572	NNNNNN	V3C99_005744
7573	NNNNNN	V3C99_005744
7574	NNNNNN	V3C99_005744
7575	NNNNNN	V3C99_005744
7576	NNNNNN	V3C99_005744
7577	NNNNNN	V3C99_005744
7578	NNNNNN	V3C99_005744
7579	NNNNNN	V3C99_005744
7580	NNNNNN	V3C99_005744
7581	NNNNNN	V3C99_005744
7582	NNNNNN	V3C99_005744
7583	NNNNNN	V3C99_005744
7584	NNNNNN	V3C99_005744
7589	NNNNNN	V3C99_005744
7590	NNNNNN	V3C99_005744
7591	NNNNNN	V3C99_005744
7592	NNNNNN	V3C99_005744
7593	NNNNNN	V3C99_005744
7596	pyr-1	V3C99_005746
7599	NNNNNN	V3C99_005749
7601	NNNNNN	V3C99_005751
7602	Y71F9B.9	V3C99_005752
7605	NNNNNN	V3C99_005754
7709	NNNNNN	V3C99_005762
7710	NNNNNN	V3C99_005762
7711	NNNNNN	V3C99_005764
7712	NNNNNN	V3C99_005767
7713	NNNNNN	V3C99_005768
7714	dnj-4	V3C99_005769
7772	csn-2	V3C99_005773
7773	B0025.4	V3C99_005774
7774	vps-34	V3C99_005775
7775	NNNNNN	V3C99_005776
7776	NNNNNN	V3C99_005776
7777	rbmx-2	V3C99_005778
7780	ego-2	V3C99_005780
7782	myrf-1	V3C99_005782
7783	pdi-6	V3C99_005783
7784	F53F10.8	V3C99_005784
7785	icmt-1	V3C99_005786
7786	M01E11.1	V3C99_005786
7787	NNNNNN	V3C99_005787
7788	lmn-1	V3C99_005788
7790	C04F12.8	V3C99_005790
7791	NNNNNN	V3C99_005791
7792	mctp-1	V3C99_005792
7793	lfe-2	V3C99_005794
7794	aex-3	V3C99_005795
7795	gopc-1	V3C99_005796
7796	NNNNNN	V3C99_005797
7797	NNNNNN	V3C99_005797
7798	F33H2.2	V3C99_005798
7799	pat-10	V3C99_005800
7800	gtl-2	V3C99_005801
7801	cdc-73	V3C99_005802
7805	hsp-16.41	V3C99_005804
7806	hsp-16.48	V3C99_005804
7807	hsp-16.49	V3C99_005804
7810	NNNNNN	V3C99_005806
7811	NNNNNN	V3C99_005807
7812	pigc-1	V3C99_005808
7813	NNNNNN	V3C99_005809
7814	NNNNNN	V3C99_005810
7815	mab-20	V3C99_005812
7816	NNNNNN	V3C99_005813
7817	F07A5.4	V3C99_005815
7818	NNNNNN	V3C99_005816
7819	unc-15	V3C99_005817
7820	C27F2.10	V3C99_005820
7821	trpp-10	V3C99_005821
7822	hex-4	V3C99_005822
7823	Y51F10.4	V3C99_005823
7824	NNNNNN	V3C99_005827
7826	aex-3	V3C99_005831
7827	ech-1.1	V3C99_005832
7828	ech-1.2	V3C99_005832
7831	suro-1	V3C99_005834
7832	NNNNNN	V3C99_005836
7833	B0511.7	V3C99_005839
7834	cpx-1	V3C99_005839
7835	dnc-6	V3C99_005840
7839	npp-12	V3C99_005844
7840	Y54E10A.11	V3C99_005845
7842	NNNNNN	V3C99_005847
7844	acp-2	V3C99_005848
7847	crn-7	V3C99_005849
7848	F13G3.10	V3C99_005850
7849	dhc-1	V3C99_005851
7866	dom-3	V3C99_005856
7868	W01A8.8	V3C99_005863
7869	W01A8.2	V3C99_005864
7870	NNNNNN	V3C99_005865
7871	NNNNNN	V3C99_005870
7902	usp-14	V3C99_005874
7903	NNNNNN	V3C99_005877
7904	gld-2	V3C99_005879
7905	NNNNNN	V3C99_005880
7906	NNNNNN	V3C99_005880
7907	NNNNNN	V3C99_005880
7908	NNNNNN	V3C99_005880
7909	NNNNNN	V3C99_005880
7912	NNNNNN	V3C99_005880
7913	NNNNNN	V3C99_005880
7914	NNNNNN	V3C99_005880
7918	NNNNNN	V3C99_005880
7986	Y69F12A.1	V3C99_005885
7988	pcp-2	V3C99_005887
7989	pcp-3	V3C99_005887
7992	iars-2	V3C99_005890
7993	NNNNNN	V3C99_005891
7994	nola-3	V3C99_005892
7995	fath-1	V3C99_005893
7996	ceh-12	V3C99_005895
7997	W09C5.1	V3C99_005896
7998	unc-59	V3C99_005897
7999	NNNNNN	V3C99_005898
8001	NNNNNN	V3C99_005898
8003	NNNNNN	V3C99_005900
8004	wts-1	V3C99_005901
8011	lin-59	V3C99_005912
8012	pck-2	V3C99_005913
8014	Y92H12BL.1	V3C99_005914
8015	Y92H12BL.5	V3C99_005914
8020	gly-2	V3C99_005916
8021	lem-3	V3C99_005917
8023	NNNNNN	V3C99_005919
8029	Y69F12A.1	V3C99_005921
8035	Y69F12A.1	V3C99_005922
8038	ZK970.8	V3C99_005924
8039	ZK970.8	V3C99_005925
8040	kal-1	V3C99_005926
8229	NNNNNN	V3C99_005976
8230	NNNNNN	V3C99_005976
8232	cdk-7	V3C99_005977
8233	T19A6.1	V3C99_005978
8234	ser-5	V3C99_005979
8235	nepr-1	V3C99_005980
8236	ngp-1	V3C99_005981
8237	NNNNNN	V3C99_005983
8238	NNNNNN	V3C99_005983
8239	NNNNNN	V3C99_005983
8242	ntr-1	V3C99_005987
8354	mod-5	V3C99_006008
8355	Y54E10BR.2	V3C99_006010
8356	pde-6	V3C99_006014
8358	NNNNNN	V3C99_006015
8360	ben-1	V3C99_006017
8361	tbb-1	V3C99_006017
8362	tbb-2	V3C99_006017
8364	pdpr-1	V3C99_006019
8365	NNNNNN	V3C99_006020
8366	B0205.4	V3C99_006021
8367	hprt-1	V3C99_006030
8368	riok-2	V3C99_006031
8369	NNNNNN	V3C99_006032
8370	NNNNNN	V3C99_006033
8371	sur-6	V3C99_006034
8381	amx-2	V3C99_006043
8382	pigo-1	V3C99_006044
8384	tres-1	V3C99_006046
8385	rpoa-49	V3C99_006047
8386	nfyc-1	V3C99_006048
8387	vps-28	V3C99_006049
8388	eipr-1	V3C99_006050
8389	Y87G2A.13	V3C99_006051
8390	agef-1	V3C99_006052
8391	mat-1	V3C99_006054
8392	oaz-1	V3C99_006055
8393	Y54E10BR.4	V3C99_006056
8394	rnf-126	V3C99_006057
8395	sec-11	V3C99_006058
8396	rpb-7	V3C99_006059
8397	amx-2	V3C99_006060
8399	NNNNNN	V3C99_006069
8400	sem-2	V3C99_006070
8401	NNNNNN	V3C99_006075
8402	NNNNNN	V3C99_006076
8404	NNNNNN	V3C99_006078
8406	NNNNNN	V3C99_006079
8407	rpl-7	V3C99_006080
8408	rab-11.1	V3C99_006081
8413	NNNNNN	V3C99_006082
8414	gcy-28	V3C99_006084
8430	ZC328.3	V3C99_006090
8431	rps-7	V3C99_006094
8432	NNNNNN	V3C99_006097
8433	rig-5	V3C99_006100
8434	NNNNNN	V3C99_006102
8435	dlk-1	V3C99_006103
8436	otub-2	V3C99_006104
8438	NNNNNN	V3C99_006106
8439	NNNNNN	V3C99_006107
8440	asah-1	V3C99_006110
8442	pgp-2	V3C99_006117
8443	czw-1	V3C99_006119
8448	gly-16	V3C99_006121
8449	gly-17	V3C99_006121
8450	gly-18	V3C99_006121
8451	gly-19	V3C99_006121
8452	ath-1	V3C99_006122
8457	pign-1	V3C99_006125
8458	arx-7	V3C99_006126
8460	coq-4	V3C99_006127
8462	F13G3.6	V3C99_006128
8463	ttx-7	V3C99_006129
8464	dylt-1	V3C99_006130
8467	hrpr-1	V3C99_006134
8469	lin-44	V3C99_006144
8470	NNNNNN	V3C99_006145
8471	NNNNNN	V3C99_006148
8472	NNNNNN	V3C99_006149
8473	NNNNNN	V3C99_006150
8474	acr-11	V3C99_006154
8476	F54C1.1	V3C99_006158
8477	NNNNNN	V3C99_006159
8478	NNNNNN	V3C99_006159
8479	NNNNNN	V3C99_006159
8480	D1007.4	V3C99_006161
8482	tmem-39	V3C99_006162
8483	rps-10	V3C99_006163
8484	rpl-24.1	V3C99_006164
8487	NNNNNN	V3C99_006167
8489	NNNNNN	V3C99_006168
8490	ddo-1	V3C99_006169
8491	NNNNNN	V3C99_006169
8492	ubc-16	V3C99_006170
8493	let-49	V3C99_006171
8494	nrd-1	V3C99_006172
8495	NNNNNN	V3C99_006173
8502	chp-1	V3C99_006178
8503	NNNNNN	V3C99_006180
8504	NNNNNN	V3C99_006180
8506	cku-70	V3C99_006183
8507	pola-1	V3C99_006184
8508	cln-3.2	V3C99_006185
8526	eif-1	V3C99_006191
8527	pigb-1	V3C99_006192
8528	rps-17	V3C99_006193
8529	C48E7.6	V3C99_006194
8530	NNNNNN	V3C99_006195
8531	vps-45	V3C99_006196
8532	cogc-6	V3C99_006197
8533	pole-1	V3C99_006198
8534	Y55F3BR.1	V3C99_006202
8535	NNNNNN	V3C99_006204
8536	pigv-1	V3C99_006206
8597	gcy-28	V3C99_006213
8598	K02F3.12	V3C99_006214
8602	F45H10.2	V3C99_006220
8603	R07E4.3	V3C99_006220
8604	ndua-7	V3C99_006221
8606	unc-29	V3C99_006222
8609	unc-29	V3C99_006223
8612	NNNNNN	V3C99_006224
8614	NNNNNN	V3C99_006225
8616	unc-29	V3C99_006226
8619	unc-29	V3C99_006227
8623	tgs-1	V3C99_006232
8624	let-381	V3C99_006233
8625	F27C1.11	V3C99_006234
8627	mtcu-1	V3C99_006235
8628	sur-2	V3C99_006236
8629	NNNNNN	V3C99_006237
8630	NNNNNN	V3C99_006238
8631	NNNNNN	V3C99_006239
8632	tyms-1	V3C99_006240
8640	acin-1	V3C99_006257
8641	uba-5	V3C99_006258
8642	T03F1.12	V3C99_006259
8643	uba-5	V3C99_006260
8644	T03F1.12	V3C99_006261
8645	Y48B6A.1	V3C99_006262
8649	nars-1	V3C99_006278
8650	ftn-1	V3C99_006284
8651	ftn-2	V3C99_006284
8652	Y51H4A.13	V3C99_006286
8653	Y24D9B.1	V3C99_006286
8654	C54G6.2	V3C99_006287
8658	tfbm-1	V3C99_006305
8659	guk-1	V3C99_006308
8661	NNNNNN	V3C99_006310
8662	mgl-2	V3C99_006317
8663	cox-19	V3C99_006321
8664	NNNNNN	V3C99_006322
8665	ctf-8	V3C99_006323
8666	pigu-1	V3C99_006324
8667	T22C1.1	V3C99_006325
8668	let-754	V3C99_006326
8669	gpaa-1	V3C99_006331
8700	tars-1	V3C99_006339
8701	lim-9	V3C99_006340
8702	kcnl-2	V3C99_006341
8703	NNNNNN	V3C99_006342
8704	glc-2	V3C99_006343
8705	cpsf-2	V3C99_006344
8706	Y57A10A.26	V3C99_006345
8707	ccm-3	V3C99_006347
8708	npr-14	V3C99_006349
8709	nhr-85	V3C99_006350
8710	B0041.5	V3C99_006351
8711	NNNNNN	V3C99_006354
8713	ccb-1	V3C99_006357
8715	cye-1	V3C99_006359
8716	C37A2.6	V3C99_006360
8717	C37A2.7	V3C99_006361
8718	NNNNNN	V3C99_006362
8719	NNNNNN	V3C99_006364
8720	mec-6	V3C99_006365
8721	poml-2	V3C99_006366
8722	poml-4	V3C99_006366
8723	poml-3	V3C99_006366
8724	akir-1	V3C99_006367
8725	dph-6	V3C99_006368
8726	F27C1.2	V3C99_006371
8728	prpf-4	V3C99_006373
8729	nduf-6	V3C99_006374
8734	smp-2	V3C99_006376
8735	nmrk-1	V3C99_006377
8737	nmrk-1	V3C99_006380
8739	NNNNNN	V3C99_006382
8741	F25H2.6	V3C99_006383
8743	ndk-1	V3C99_006384
8744	snx-27	V3C99_006386
8745	tli-1	V3C99_006387
8746	ubc-25	V3C99_006388
8747	tlf-1	V3C99_006389
8748	NNNNNN	V3C99_006390
8749	unc-108	V3C99_006396
8750	mpc-2	V3C99_006396
8752	T10E9.14	V3C99_006398
8753	nuo-2	V3C99_006399
8754	eak-7	V3C99_006400
8755	hsb-1	V3C99_006401
8756	dli-1	V3C99_006402
8757	crml-1	V3C99_006403
8758	fecl-1	V3C99_006404
8759	hpo-11	V3C99_006405
8760	NNNNNN	V3C99_006406
8761	elpc-4	V3C99_006410
8762	kbrl-1	V3C99_006411
8763	mafr-1	V3C99_006413
8764	B0511.6	V3C99_006414
8765	arch-1	V3C99_006415
8766	mks-6	V3C99_006417
8767	mks-6	V3C99_006419
8768	scrm-4	V3C99_006420
8770	scrm-1	V3C99_006420
8773	scrm-3	V3C99_006420
8775	gpx-5	V3C99_006421
8778	tep-1	V3C99_006423
8781	pad-1	V3C99_006429
8782	car-1	V3C99_006430
8784	scpl-1	V3C99_006435
8785	unc-18	V3C99_006438
8786	NNNNNN	V3C99_006441
8787	acr-19	V3C99_006442
8788	cogc-3	V3C99_006443
8789	nxt-1	V3C99_006444
8791	trap-1	V3C99_006448
8795	ifa-3	V3C99_006451
8796	mua-6	V3C99_006451
8797	F36F2.1	V3C99_006452
8798	rbpl-1	V3C99_006454
8799	fcp-1	V3C99_006455
8800	syx-7	V3C99_006456
8801	Y105E8A.25	V3C99_006457
8803	erh-1	V3C99_006458
8804	rme-8	V3C99_006459
8805	NNNNNN	V3C99_006460
8806	NNNNNN	V3C99_006461
8807	hum-1	V3C99_006462
8808	nath-10	V3C99_006463
8809	sul-1	V3C99_006464
8810	NNNNNN	V3C99_006466
8811	NNNNNN	V3C99_006466
8815	NNNNNN	V3C99_006467
8816	NNNNNN	V3C99_006467
8820	NNNNNN	V3C99_006468
8821	NNNNNN	V3C99_006468
8825	ddx-27	V3C99_006471
8826	NNNNNN	V3C99_006472
8827	aho-3	V3C99_006475
8828	cdc-48.3	V3C99_006476
8829	NNNNNN	V3C99_006477
8830	NNNNNN	V3C99_006478
8831	NNNNNN	V3C99_006479
8832	daf-16	V3C99_006481
8833	rbm-12	V3C99_006484
8834	Y106G6D.5	V3C99_006485
8835	plag-15	V3C99_006487
8836	hlh-2	V3C99_006488
8864	NNNNNN	V3C99_006494
8872	NNNNNN	V3C99_006495
8873	NNNNNN	V3C99_006495
8874	NNNNNN	V3C99_006495
8875	NNNNNN	V3C99_006495
8876	NNNNNN	V3C99_006495
8877	NNNNNN	V3C99_006495
8885	NNNNNN	V3C99_006499
8888	endu-1	V3C99_006501
8891	NNNNNN	V3C99_006505
8892	gld-4	V3C99_006506
8893	nduf-7	V3C99_006507
8894	gei-17	V3C99_006508
8895	mef-2	V3C99_006509
8896	chaf-1	V3C99_006512
8897	NNNNNN	V3C99_006513
8898	F56C11.3	V3C99_006515
8899	lpd-6	V3C99_006516
8900	rbm-5	V3C99_006517
8901	tin-44	V3C99_006518
8902	NNNNNN	V3C99_006520
8903	K11D2.1	V3C99_006524
8904	air-2	V3C99_006530
8905	haf-9	V3C99_006531
8906	pycr-1	V3C99_006534
8907	nstp-2	V3C99_006536
8909	fkb-5	V3C99_006538
8910	hecd-1	V3C99_006539
8911	NNNNNN	V3C99_006540
8913	NNNNNN	V3C99_006542
8914	NNNNNN	V3C99_006543
8915	NNNNNN	V3C99_006544
8916	arf-5	V3C99_006545
8917	NNNNNN	V3C99_006547
8918	Y5F2A.4	V3C99_006550
8919	atg-7	V3C99_006552
8920	let-70	V3C99_006553
8922	F11A10.6	V3C99_006557
8923	mig-32	V3C99_006559
8924	cpsf-4	V3C99_006560
8925	prcc-1	V3C99_006561
8926	npp-19	V3C99_006563
8927	mec-10	V3C99_006564
8929	rig-4	V3C99_006568
8931	F13B12.1	V3C99_006571
8932	pkg-2	V3C99_006572
8933	NNNNNN	V3C99_006575
8934	ent-4	V3C99_006581
8935	szy-2	V3C99_006582
8936	paqr-2	V3C99_006583
8937	NNNNNN	V3C99_006584
8938	NNNNNN	V3C99_006585
8939	NNNNNN	V3C99_006587
8940	NNNNNN	V3C99_006588
8942	zipt-15	V3C99_006590
8943	coa-5	V3C99_006591
8944	Y50D4A.4	V3C99_006592
8945	apc-11	V3C99_006593
8946	Y51H4A.15	V3C99_006594
8947	sta-1	V3C99_006595
8948	NNNNNN	V3C99_006596
8949	NNNNNN	V3C99_006596
9009	NNNNNN	V3C99_006603
9010	mcm-2	V3C99_006604
9015	NNNNNN	V3C99_006605
9020	NNNNNN	V3C99_006605
9022	NNNNNN	V3C99_006607
9023	Y37A1A.4	V3C99_006609
9024	ubc-8	V3C99_006613
9025	Y54G2A.18	V3C99_006614
9026	ubc-13	V3C99_006615
9027	manf-1	V3C99_006616
9028	bcc-1	V3C99_006618
9029	ent-4	V3C99_006620
9030	C08G9.2	V3C99_006626
9051	NNNNNN	V3C99_006630
9059	NNNNNN	V3C99_006631
9066	nfu-1	V3C99_006632
9067	mask-1	V3C99_006633
9068	NNNNNN	V3C99_006635
9069	sqv-1	V3C99_006636
9072	aagr-1	V3C99_006640
9096	NNNNNN	V3C99_006651
9110	NNNNNN	V3C99_006658
9157	fkb-5	V3C99_006663
9158	gspd-1	V3C99_006666
9159	pfd-4	V3C99_006667
9160	pgp-9	V3C99_006669
9161	NNNNNN	V3C99_006670
9162	NNNNNN	V3C99_006670
9171	NNNNNN	V3C99_006671
9181	NNNNNN	V3C99_006671
9194	NNNNNN	V3C99_006673
9195	NNNNNN	V3C99_006674
9196	dhs-9	V3C99_006675
9198	impt-1	V3C99_006676
9199	impt-1	V3C99_006677
9200	rsp-6	V3C99_006678
9201	disl-2	V3C99_006678
9202	deb-1	V3C99_006680
9203	ccdc-12	V3C99_006682
9205	ZC477.3	V3C99_006685
9206	Y69A2AR.18	V3C99_006686
9207	Y69A2AR.16	V3C99_006687
9208	NNNNNN	V3C99_006689
9211	ngn-1	V3C99_006708
9212	mdf-2	V3C99_006709
9213	dnj-11	V3C99_006710
9214	mlt-3	V3C99_006711
9215	pmp-5	V3C99_006712
9216	Y57G11C.22	V3C99_006713
9217	drp-1	V3C99_006714
9219	ari-2	V3C99_006716
9412	swd-2.2	V3C99_006725
9413	hcf-1	V3C99_006726
9414	sfrp-1	V3C99_006727
9415	hcf-1	V3C99_006728
9416	sfrp-1	V3C99_006729
9419	NNNNNN	V3C99_006730
9420	NNNNNN	V3C99_006730
9421	NNNNNN	V3C99_006730
9429	NNNNNN	V3C99_006732
9430	NNNNNN	V3C99_006732
9440	NNNNNN	V3C99_006734
9442	NNNNNN	V3C99_006735
9444	NNNNNN	V3C99_006736
9445	NNNNNN	V3C99_006736
9447	F46F11.10	V3C99_006738
9448	H35B03.2	V3C99_006739
9449	dpl-1	V3C99_006740
9451	afmd-1	V3C99_006741
9452	gstk-2	V3C99_006742
9453	glb-34	V3C99_006744
9475	NNNNNN	V3C99_006759
9476	NNNNNN	V3C99_006759
9477	NNNNNN	V3C99_006759
9508	NNNNNN	V3C99_006761
9510	gcy-37	V3C99_006762
9511	C54E4.5	V3C99_006763
9512	NNNNNN	V3C99_006764
9514	exc-9	V3C99_006768
9539	NNNNNN	V3C99_006775
9540	C29E4.12	V3C99_006776
9541	kle-2	V3C99_006777
9542	rfc-3	V3C99_006778
9544	NNNNNN	V3C99_006782
9545	NNNNNN	V3C99_006784
9546	Y119D3B.14	V3C99_006785
9547	NNNNNN	V3C99_006786
9549	NNNNNN	V3C99_006787
9551	NNNNNN	V3C99_006790
9553	rpt-3	V3C99_006792
9554	cpf-2	V3C99_006793
9555	semi-1	V3C99_006794
9556	mec-3	V3C99_006795
9557	gly-20	V3C99_006797
9558	NNNNNN	V3C99_006802
9560	magu-4	V3C99_006803
9561	NNNNNN	V3C99_006805
9562	cmk-1	V3C99_006806
9563	NNNNNN	V3C99_006808
9564	egl-4	V3C99_006809
9565	sars-1	V3C99_006811
9567	NNNNNN	V3C99_006813
9571	Y17G9B.8	V3C99_006818
9572	Y17G9B.5	V3C99_006819
9573	rpl-20	V3C99_006820
9575	cyc-2.1	V3C99_006821
9576	mbf-1	V3C99_006822
9577	catp-8	V3C99_006823
9578	skih-2	V3C99_006824
9579	NNNNNN	V3C99_006825
9580	NNNNNN	V3C99_006827
9581	cla-1	V3C99_006828
9582	nol-10	V3C99_006829
9589	NNNNNN	V3C99_006832
9590	F07C6.4	V3C99_006833
9591	NNNNNN	V3C99_006834
9592	F07C6.4	V3C99_006835
9593	NNNNNN	V3C99_006836
9594	Y43E12A.2	V3C99_006838
9595	unc-31	V3C99_006839
9596	NNNNNN	V3C99_006840
9632	NNNNNN	V3C99_006856
9701	NNNNNN	V3C99_006877
9702	NNNNNN	V3C99_006878
9704	NNNNNN	V3C99_006879
9709	NNNNNN	V3C99_006879
9710	NNNNNN	V3C99_006880
9711	NNNNNN	V3C99_006881
9712	cdc-50.B	V3C99_006883
9713	klp-11	V3C99_006886
9714	pyk-2	V3C99_006887
9748	NNNNNN	V3C99_006898
9749	NNNNNN	V3C99_006898
9750	NNNNNN	V3C99_006898
9755	NNNNNN	V3C99_006899
9756	NNNNNN	V3C99_006899
9757	NNNNNN	V3C99_006899
9787	clec-48	V3C99_006908
9788	NNNNNN	V3C99_006908
9789	NNNNNN	V3C99_006908
9790	D2045.5	V3C99_006909
9791	F25H8.2	V3C99_006910
9792	yars-2	V3C99_006911
9793	cif-1	V3C99_006912
9795	NNNNNN	V3C99_006913
9826	NNNNNN	V3C99_006916
9875	best-8	V3C99_006928
9884	best-21	V3C99_006931
9888	vab-2	V3C99_006934
9889	vab-2	V3C99_006938
9892	gpa-4	V3C99_006940
9894	gpa-16	V3C99_006940
9899	NNNNNN	V3C99_006950
9900	sav-1	V3C99_006951
9901	C17H12.2	V3C99_006952
9902	ggtb-1	V3C99_006953
9903	lin-1	V3C99_006954
9905	mksr-2	V3C99_006955
9906	vha-11	V3C99_006956
9907	vha-2	V3C99_006957
9908	vha-3	V3C99_006957
9909	F52B11.2	V3C99_006958
9910	cfp-1	V3C99_006959
9911	ccar-1	V3C99_006960
9913	txdc-12.1	V3C99_006962
9914	NNNNNN	V3C99_006964
9916	lst-4	V3C99_006968
9918	NNNNNN	V3C99_006969
9920	NNNNNN	V3C99_006969
9921	NNNNNN	V3C99_006969
9922	NNNNNN	V3C99_006969
9923	NNNNNN	V3C99_006969
9925	NNNNNN	V3C99_006970
9927	NNNNNN	V3C99_006970
9928	NNNNNN	V3C99_006970
9929	NNNNNN	V3C99_006970
9930	NNNNNN	V3C99_006970
9932	ilcr-1	V3C99_006971
9934	ZK596.2	V3C99_006981
9935	NNNNNN	V3C99_006982
9936	NNNNNN	V3C99_006982
9937	NNNNNN	V3C99_006982
9938	NNNNNN	V3C99_006982
9939	NNNNNN	V3C99_006982
9940	NNNNNN	V3C99_006982
9941	NNNNNN	V3C99_006982
9942	NNNNNN	V3C99_006982
9943	NNNNNN	V3C99_006983
9944	NNNNNN	V3C99_006984
9945	F02E9.7	V3C99_006985
9946	NNNNNN	V3C99_006986
9949	NNNNNN	V3C99_006989
9953	alg-1	V3C99_006990
9954	alg-2	V3C99_006990
9955	NNNNNN	V3C99_006991
9956	NNNNNN	V3C99_006991
9957	K07F5.12	V3C99_006992
9958	NNNNNN	V3C99_006993
9962	ZK185.2	V3C99_007002
9964	NNNNNN	V3C99_007003
9966	vps-52	V3C99_007005
9968	cdf-1	V3C99_007007
9969	slmp-1	V3C99_007008
9989	NNNNNN	V3C99_007011
10004	NNNNNN	V3C99_007012
10014	wapl-1	V3C99_007013
10015	htz-1	V3C99_007014
10016	chat-1	V3C99_007015
10017	gpn-1	V3C99_007017
10018	bre-1	V3C99_007019
10019	gmd-2	V3C99_007019
10020	nstp-1	V3C99_007020
10021	pdzd-8	V3C99_007022
10025	sir-2.1	V3C99_007024
10028	NNNNNN	V3C99_007026
10029	NNNNNN	V3C99_007026
10031	NNNNNN	V3C99_007027
10047	NNNNNN	V3C99_007031
10084	NNNNNN	V3C99_007033
10087	NNNNNN	V3C99_007033
10111	NNNNNN	V3C99_007034
10112	NNNNNN	V3C99_007034
10120	M176.9	V3C99_007035
10121	R11E3.1	V3C99_007035
10122	T06C10.3	V3C99_007035
10123	NNNNNN	V3C99_007037
10124	NNNNNN	V3C99_007041
10129	ceh-5	V3C99_007043
10134	cyb-3	V3C99_007044
10135	him-1	V3C99_007045
10136	NNNNNN	V3C99_007046
10137	NNNNNN	V3C99_007048
10138	W08E12.7	V3C99_007049
10141	Y76B12C.3	V3C99_007051
10144	NNNNNN	V3C99_007054
10145	NNNNNN	V3C99_007054
10154	NNNNNN	V3C99_007055
10155	NNNNNN	V3C99_007055
10160	NNNNNN	V3C99_007055
10161	NNNNNN	V3C99_007055
10162	NNNNNN	V3C99_007055
10163	NNNNNN	V3C99_007055
10164	NNNNNN	V3C99_007056
10165	NNNNNN	V3C99_007056
10170	NNNNNN	V3C99_007056
10171	NNNNNN	V3C99_007056
10172	NNNNNN	V3C99_007056
10173	NNNNNN	V3C99_007056
10174	NNNNNN	V3C99_007057
10175	NNNNNN	V3C99_007057
10180	NNNNNN	V3C99_007057
10181	NNNNNN	V3C99_007057
10182	NNNNNN	V3C99_007057
10183	NNNNNN	V3C99_007057
10187	ncbp-2	V3C99_007059
10188	ndua-5	V3C99_007060
10189	NNNNNN	V3C99_007062
10191	NNNNNN	V3C99_007062
10196	Y11D7A.3	V3C99_007063
10198	Y11D7A.3	V3C99_007064
10203	NNNNNN	V3C99_007066
10206	ugt-62	V3C99_007069
10210	NNNNNN	V3C99_007070
10211	NNNNNN	V3C99_007071
10212	NNNNNN	V3C99_007073
10214	NNNNNN	V3C99_007075
10229	gtf-2E1	V3C99_007084
10230	eelo-2	V3C99_007085
10231	ubc-1	V3C99_007090
10232	dpy-28	V3C99_007091
10233	NNNNNN	V3C99_007093
10248	NNNNNN	V3C99_007099
10278	NNNNNN	V3C99_007102
10344	NNNNNN	V3C99_007122
10468	C47E12.3	V3C99_007144
10469	mcu-1	V3C99_007144
10470	NNNNNN	V3C99_007145
10471	haf-6	V3C99_007146
10498	dnj-21	V3C99_007152
10499	sep-1	V3C99_007153
10500	ZK430.5	V3C99_007153
10501	elt-1	V3C99_007154
10502	aat-1	V3C99_007156
10504	C01B10.9	V3C99_007158
10505	C01B10.8	V3C99_007159
10506	C01B10.3	V3C99_007160
10507	psr-1	V3C99_007161
10508	ubc-9	V3C99_007162
10509	F11A10.5	V3C99_007163
10510	mon-2	V3C99_007164
10511	M18.3	V3C99_007165
10513	NNNNNN	V3C99_007166
10514	NNNNNN	V3C99_007167
10516	exc-5	V3C99_007169
10517	unc-129	V3C99_007170
10519	NNNNNN	V3C99_007172
10520	NNNNNN	V3C99_007176
10521	NNNNNN	V3C99_007177
10522	eppl-1	V3C99_007180
10523	Y37E11AR.7	V3C99_007181
10524	NNNNNN	V3C99_007182
10525	R05H5.3	V3C99_007183
10528	spr-2	V3C99_007185
10529	dpy-21	V3C99_007186
10532	NNNNNN	V3C99_007187
10534	NNNNNN	V3C99_007187
10537	NNNNNN	V3C99_007187
10538	NNNNNN	V3C99_007187
10540	NNNNNN	V3C99_007188
10542	NNNNNN	V3C99_007188
10545	NNNNNN	V3C99_007188
10546	NNNNNN	V3C99_007188
10547	C52G5.2	V3C99_007193
10549	T25B9.1	V3C99_007204
10550	Y62E10A.13	V3C99_007208
10552	ugt-22	V3C99_007209
10553	ugt-23	V3C99_007209
10554	ugt-21	V3C99_007209
10566	ugt-24	V3C99_007209
10574	ugt-19	V3C99_007209
10575	ugt-20	V3C99_007209
10583	ugt-22	V3C99_007211
10584	ugt-23	V3C99_007211
10585	ugt-21	V3C99_007211
10598	ugt-24	V3C99_007211
10606	ugt-19	V3C99_007211
10607	ugt-20	V3C99_007211
10613	ugt-22	V3C99_007213
10614	ugt-23	V3C99_007213
10615	ugt-21	V3C99_007213
10628	ugt-24	V3C99_007213
10636	ugt-19	V3C99_007213
10637	ugt-20	V3C99_007213
10642	ugt-22	V3C99_007214
10643	ugt-23	V3C99_007214
10644	ugt-21	V3C99_007214
10657	ugt-24	V3C99_007214
10665	ugt-19	V3C99_007214
10666	ugt-20	V3C99_007214
10671	ugt-22	V3C99_007216
10672	ugt-23	V3C99_007216
10673	ugt-21	V3C99_007216
10686	ugt-24	V3C99_007216
10694	ugt-19	V3C99_007216
10695	ugt-20	V3C99_007216
10704	NNNNNN	V3C99_007217
10720	NNNNNN	V3C99_007223
10721	NNNNNN	V3C99_007224
10723	dcap-1	V3C99_007226
10724	dnj-1	V3C99_007227
10727	Y24F12A.1	V3C99_007229
10728	Y37H2A.1	V3C99_007229
10729	NNNNNN	V3C99_007230
10730	ceh-53	V3C99_007234
10731	NNNNNN	V3C99_007235
10732	F53H1.3	V3C99_007236
10734	tin-9.1	V3C99_007238
10735	NNNNNN	V3C99_007239
10736	vha-7	V3C99_007241
10742	NNNNNN	V3C99_007243
10743	pfkb-1.2	V3C99_007244
10744	unc-44	V3C99_007245
10747	cmtr-2	V3C99_007248
10774	NNNNNN	V3C99_007252
10775	NNNNNN	V3C99_007253
10776	C46G7.1	V3C99_007254
10777	smap-1	V3C99_007255
10778	NNNNNN	V3C99_007257
10779	cav-1	V3C99_007258
10847	NNNNNN	V3C99_007280
10848	snf-11	V3C99_007281
10849	ZC513.2	V3C99_007282
10939	NNNNNN	V3C99_007288
10947	NNNNNN	V3C99_007288
10948	NNNNNN	V3C99_007288
11117	NNNNNN	V3C99_007289
11125	NNNNNN	V3C99_007289
11126	NNNNNN	V3C99_007289
11517	NNNNNN	V3C99_007292
11525	NNNNNN	V3C99_007292
11526	NNNNNN	V3C99_007292
11695	NNNNNN	V3C99_007293
11703	NNNNNN	V3C99_007293
11704	NNNNNN	V3C99_007293
11807	lpd-3	V3C99_007295
11809	NNNNNN	V3C99_007297
11810	NNNNNN	V3C99_007297
11819	NNNNNN	V3C99_007308
11826	NNNNNN	V3C99_007311
11827	rpn-7	V3C99_007312
11828	NNNNNN	V3C99_007313
11829	plx-1	V3C99_007316
11839	NNNNNN	V3C99_007318
11844	NNNNNN	V3C99_007318
11846	NNNNNN	V3C99_007320
11877	tbc-20	V3C99_007323
11878	syx-6	V3C99_007323
11881	Y45F10D.7	V3C99_007325
11882	acox-3	V3C99_007326
11885	T25B9.9	V3C99_007329
11886	inpp-1	V3C99_007330
11887	swt-3	V3C99_007331
11893	swt-1	V3C99_007350
11894	thk-1	V3C99_007351
11895	rad-51	V3C99_007352
11896	ebax-1	V3C99_007353
11897	bbs-2	V3C99_007354
11898	NNNNNN	V3C99_007355
11903	NNNNNN	V3C99_007361
11904	NNNNNN	V3C99_007361
11905	NNNNNN	V3C99_007361
11906	NNNNNN	V3C99_007361
11907	NNNNNN	V3C99_007361
11909	NNNNNN	V3C99_007361
11910	NNNNNN	V3C99_007361
11911	NNNNNN	V3C99_007361
11912	NNNNNN	V3C99_007361
11913	NNNNNN	V3C99_007361
11914	NNNNNN	V3C99_007361
11917	NNNNNN	V3C99_007361
11918	NNNNNN	V3C99_007361
11919	NNNNNN	V3C99_007361
11920	NNNNNN	V3C99_007361
11921	NNNNNN	V3C99_007361
11922	NNNNNN	V3C99_007361
11923	NNNNNN	V3C99_007361
11924	NNNNNN	V3C99_007361
11925	NNNNNN	V3C99_007361
11926	NNNNNN	V3C99_007361
11927	NNNNNN	V3C99_007361
11931	NNNNNN	V3C99_007361
11932	NNNNNN	V3C99_007361
11941	NNNNNN	V3C99_007361
11943	NNNNNN	V3C99_007363
12020	frm-5.1	V3C99_007372
12021	frm-5.2	V3C99_007372
12022	NNNNNN	V3C99_007373
12023	rbm-34	V3C99_007374
12024	repo-1	V3C99_007375
12025	lex-1	V3C99_007376
12026	NNNNNN	V3C99_007379
12029	ppgn-1	V3C99_007385
12033	mks-1	V3C99_007389
12037	pxmp-4	V3C99_007394
12038	NNNNNN	V3C99_007395
12041	NNNNNN	V3C99_007397
12048	Y39B6A.27	V3C99_007400
12050	B0554.5	V3C99_007400
12052	Y39D8A.1	V3C99_007400
12053	ZK6.6	V3C99_007400
12054	ZK6.8	V3C99_007400
12059	NNNNNN	V3C99_007406
12060	NNNNNN	V3C99_007406
12065	NNNNNN	V3C99_007408
12070	NNNNNN	V3C99_007410
12074	NNNNNN	V3C99_007413
12075	NNNNNN	V3C99_007414
12076	prmt-9	V3C99_007415
12079	rps-11	V3C99_007418
12080	sir-2.4	V3C99_007420
12081	F58B3.4	V3C99_007421
12082	mars-1	V3C99_007422
12083	NNNNNN	V3C99_007426
12084	hrpf-2	V3C99_007427
12085	smg-3	V3C99_007428
12086	NNNNNN	V3C99_007429
12095	NNNNNN	V3C99_007434
12097	cyn-10	V3C99_007437
12099	NNNNNN	V3C99_007440
12119	NNNNNN	V3C99_007448
12121	tes-1	V3C99_007450
12123	NNNNNN	V3C99_007452
12124	NNNNNN	V3C99_007453
12125	NNNNNN	V3C99_007454
12128	orc-5	V3C99_007459
12129	lias-1	V3C99_007460
12130	NNNNNN	V3C99_007461
12131	NNNNNN	V3C99_007462
12132	hil-2	V3C99_007463
12133	hil-3	V3C99_007463
12136	hil-6	V3C99_007463
12137	his-24	V3C99_007463
12138	NNNNNN	V3C99_007468
12140	lhfp-4	V3C99_007470
12141	hsp-1	V3C99_007471
12163	snr-1	V3C99_007475
12164	snx-13	V3C99_007476
12165	Y116A8C.25	V3C99_007477
12166	NNNNNN	V3C99_007479
12167	C34E10.10	V3C99_007481
12168	prx-3	V3C99_007482
12169	hrpl-1	V3C99_007483
12170	psmd-9	V3C99_007484
12171	slc-25A32	V3C99_007485
12172	nuaf-3	V3C99_007487
12173	prx-14	V3C99_007488
12174	slc-25A32	V3C99_007491
12175	NNNNNN	V3C99_007492
12176	nuaf-3	V3C99_007493
12177	prx-14	V3C99_007494
12214	asm-2	V3C99_007502
12217	NNNNNN	V3C99_007505
12222	NNNNNN	V3C99_007509
12223	NNNNNN	V3C99_007511
12246	NNNNNN	V3C99_007512
12247	NNNNNN	V3C99_007512
12415	NNNNNN	V3C99_007513
12416	NNNNNN	V3C99_007513
12571	NNNNNN	V3C99_007514
12572	NNNNNN	V3C99_007515
12573	mboa-6	V3C99_007516
12574	NNNNNN	V3C99_007522
12575	T26G10.1	V3C99_007523
12577	fat-6	V3C99_007524
12578	fat-7	V3C99_007524
12579	NNNNNN	V3C99_007525
12580	hst-1	V3C99_007526
12581	snrp-3	V3C99_007527
12582	pole-2	V3C99_007528
12583	F19C7.8	V3C99_007531
12584	C53B4.3	V3C99_007536
12585	swsn-6	V3C99_007537
12586	ZK616.3	V3C99_007538
12587	ZK616.2	V3C99_007539
12589	ugt-61	V3C99_007540
12594	zag-1	V3C99_007545
12595	NNNNNN	V3C99_007546
12596	jac-1	V3C99_007548
12597	NNNNNN	V3C99_007549
12598	NNNNNN	V3C99_007549
12599	NNNNNN	V3C99_007549
12600	NNNNNN	V3C99_007549
12603	fmi-1	V3C99_007551
12606	NNNNNN	V3C99_007554
12607	NNNNNN	V3C99_007556
12608	sqd-1	V3C99_007557
12609	lsm-8	V3C99_007558
12611	blos-2	V3C99_007560
12613	gon-1	V3C99_007561
12614	vha-17	V3C99_007562
12615	F49C12.12	V3C99_007563
12616	F49C12.11	V3C99_007564
12617	NNNNNN	V3C99_007565
12618	rpn-7	V3C99_007566
12619	NNNNNN	V3C99_007567
12620	pqbp-1.1	V3C99_007568
12621	spl-1	V3C99_007569
12622	NNNNNN	V3C99_007570
12630	ddx-46	V3C99_007572
12631	pat-6	V3C99_007573
12632	NNNNNN	V3C99_007574
12633	NNNNNN	V3C99_007574
12634	NNNNNN	V3C99_007574
12635	NNNNNN	V3C99_007574
12643	cwn-2	V3C99_007577
12653	npr-3	V3C99_007585
12657	rad-26	V3C99_007589
12664	NNNNNN	V3C99_007594
12665	F25G6.8	V3C99_007595
12666	best-8	V3C99_007596
12670	nadk-1	V3C99_007598
12671	NNNNNN	V3C99_007599
12672	NNNNNN	V3C99_007600
12673	F13B12.2	V3C99_007601
12674	mrpl-2	V3C99_007602
12675	NNNNNN	V3C99_007603
12676	F56B3.11	V3C99_007604
12677	eel-1	V3C99_007605
12678	mei-1	V3C99_007606
12679	ZK892.4	V3C99_007607
12680	C24A3.4	V3C99_007607
12681	NNNNNN	V3C99_007609
12682	NNNNNN	V3C99_007609
12684	NNNNNN	V3C99_007609
12685	NNNNNN	V3C99_007609
12686	NNNNNN	V3C99_007610
12687	NNNNNN	V3C99_007610
12689	NNNNNN	V3C99_007610
12690	NNNNNN	V3C99_007610
12699	NNNNNN	V3C99_007613
12700	NNNNNN	V3C99_007613
12702	NNNNNN	V3C99_007613
12703	NNNNNN	V3C99_007613
12706	NNNNNN	V3C99_007615
12707	NNNNNN	V3C99_007615
12709	NNNNNN	V3C99_007615
12710	NNNNNN	V3C99_007615
12711	NNNNNN	V3C99_007616
12712	NNNNNN	V3C99_007616
12714	NNNNNN	V3C99_007616
12715	NNNNNN	V3C99_007616
12744	NNNNNN	V3C99_007627
12896	NNNNNN	V3C99_007658
12897	NNNNNN	V3C99_007658
12899	NNNNNN	V3C99_007658
12900	NNNNNN	V3C99_007658
12902	tsen-2	V3C99_007661
12903	ndab-1	V3C99_007662
12904	NNNNNN	V3C99_007663
12905	nape-1	V3C99_007663
12906	NNNNNN	V3C99_007664
12907	nape-1	V3C99_007664
12908	smgl-2	V3C99_007665
12912	NNNNNN	V3C99_007667
12914	NNNNNN	V3C99_007668
12915	homt-1	V3C99_007669
12916	NNNNNN	V3C99_007673
12918	NNNNNN	V3C99_007674
12925	pas-5	V3C99_007676
12927	lact-9	V3C99_007678
12928	iscu-1	V3C99_007679
12929	NNNNNN	V3C99_007680
12930	qns-1	V3C99_007681
12931	tram-1	V3C99_007682
12933	rsf-1	V3C99_007685
12935	D2089.8	V3C99_007687
12936	elo-3	V3C99_007688
12937	mdt-22	V3C99_007691
12938	NNNNNN	V3C99_007692
12939	samt-1	V3C99_007693
12941	NNNNNN	V3C99_007695
12942	ric-8	V3C99_007696
12943	NNNNNN	V3C99_007697
12944	NNNNNN	V3C99_007699
12945	NNNNNN	V3C99_007700
12947	tax-6	V3C99_007702
12948	NNNNNN	V3C99_007703
12950	rga-5	V3C99_007704
12951	ncbp-2	V3C99_007705
12952	ncbp-2	V3C99_007706
12953	Y67H2A.7	V3C99_007707
12954	C24F3.2	V3C99_007708
12955	NNNNNN	V3C99_007709
12959	cka-1	V3C99_007710
12960	NNNNNN	V3C99_007720
12961	NNNNNN	V3C99_007720
12962	NNNNNN	V3C99_007721
12963	NNNNNN	V3C99_007723
12965	ndnf-1	V3C99_007725
12966	NNNNNN	V3C99_007726
12967	mtq-2	V3C99_007727
12968	NNNNNN	V3C99_007728
12969	NNNNNN	V3C99_007729
12970	F49C5.4	V3C99_007731
12971	hyl-1	V3C99_007732
12972	osm-3	V3C99_007733
12973	NNNNNN	V3C99_007734
12975	ugt-45	V3C99_007737
12977	C27D8.1	V3C99_007739
12978	Y39G8C.2	V3C99_007739
12980	F53C3.1	V3C99_007739
12981	ugt-45	V3C99_007741
12983	pho-8	V3C99_007748
12985	vps-11	V3C99_007750
12986	set-14	V3C99_007751
12987	rrp-8	V3C99_007752
12988	nog-1	V3C99_007753
12989	ddi-1	V3C99_007754
12990	eri-1	V3C99_007755
13000	T07A9.12	V3C99_007756
13001	T12B3.1	V3C99_007758
13002	mob-3	V3C99_007759
13003	T12B3.1	V3C99_007760
13005	pitr-1	V3C99_007762
13006	egl-19	V3C99_007763
13007	Y38F2AR.3	V3C99_007764
13008	tftc-1	V3C99_007765
13011	NNNNNN	V3C99_007768
13019	xdh-1	V3C99_007776
13020	dpy-22	V3C99_007778
13021	NNNNNN	V3C99_007780
13022	NNNNNN	V3C99_007781
13024	fat-6	V3C99_007782
13025	fat-7	V3C99_007782
13027	scav-1	V3C99_007785
13031	NNNNNN	V3C99_007786
13032	NNNNNN	V3C99_007786
13036	NNNNNN	V3C99_007787
13040	NNNNNN	V3C99_007789
13041	NNNNNN	V3C99_007789
13045	NNNNNN	V3C99_007792
13049	che-6	V3C99_007799
13050	cng-2	V3C99_007799
13081	NNNNNN	V3C99_007803
13083	NNNNNN	V3C99_007805
13095	NNNNNN	V3C99_007814
13098	NNNNNN	V3C99_007814
13099	NNNNNN	V3C99_007814
13100	NNNNNN	V3C99_007815
13101	NNNNNN	V3C99_007818
13103	NNNNNN	V3C99_007818
13104	NNNNNN	V3C99_007818
13106	NNNNNN	V3C99_007818
13108	glct-4	V3C99_007819
13109	glct-5	V3C99_007819
13110	glct-2	V3C99_007819
13111	glct-1	V3C99_007819
13112	glct-3	V3C99_007819
13113	glct-6	V3C99_007819
13114	NNNNNN	V3C99_007822
13115	NNNNNN	V3C99_007823
13133	NNNNNN	V3C99_007833
13135	NNNNNN	V3C99_007834
13138	NNNNNN	V3C99_007837
13139	dld-1	V3C99_007839
13140	Y57G11A.4	V3C99_007840
13141	tag-273	V3C99_007841
13142	taf-6.1	V3C99_007842
13144	wbp-4	V3C99_007844
13145	taf-13	V3C99_007845
13150	NNNNNN	V3C99_007848
13158	NNNNNN	V3C99_007848
13161	lmp-2	V3C99_007859
13162	NNNNNN	V3C99_007860
13163	NNNNNN	V3C99_007861
13165	NNNNNN	V3C99_007863
13166	vps-26	V3C99_007864
13167	NNNNNN	V3C99_007866
13168	NNNNNN	V3C99_007867
13169	dgk-4	V3C99_007868
13171	acdh-13	V3C99_007870
13172	dhs-13	V3C99_007878
13174	NNNNNN	V3C99_007880
13175	NNNNNN	V3C99_007880
13176	NNNNNN	V3C99_007881
13177	NNNNNN	V3C99_007881
13178	NNNNNN	V3C99_007882
13179	NNNNNN	V3C99_007882
13180	nuc-1	V3C99_007886
13181	gtf-2H4	V3C99_007888
13182	ntl-11	V3C99_007888
13184	NNNNNN	V3C99_007889
13188	NNNNNN	V3C99_007892
13190	zoo-1	V3C99_007899
13192	nrfl-1	V3C99_007903
13196	otpl-1	V3C99_007906
13197	otpl-1	V3C99_007910
13202	epg-9	V3C99_007911
13204	NNNNNN	V3C99_007913
13205	T12G3.4	V3C99_007914
13206	ccr-4	V3C99_007916
13207	sec-24.2	V3C99_007917
13208	wdr-46	V3C99_007918
13209	ugt-47	V3C99_007919
13210	ugt-46	V3C99_007919
13211	ugt-48	V3C99_007919
13212	NNNNNN	V3C99_007920
13213	rps-25	V3C99_007921
13214	gex-3	V3C99_007922
13215	NNNNNN	V3C99_007923
13216	NNNNNN	V3C99_007925
13217	NNNNNN	V3C99_007928
13218	cdh-5	V3C99_007929
13220	Y37A1A.3	V3C99_007931
13254	gbb-2	V3C99_007937
13255	rfth-1	V3C99_007938
13258	sar-1	V3C99_007941
13259	prdx-6	V3C99_007942
13260	suox-1	V3C99_007944
13261	mca-3	V3C99_007945
13262	ssu-2	V3C99_007947
13263	sucl-1	V3C99_007948
13265	C53D6.4	V3C99_007949
13266	sms-1	V3C99_007952
13267	gba-3	V3C99_007956
13272	ZK632.12	V3C99_007961
13273	NNNNNN	V3C99_007962
13274	C34H4.5	V3C99_007963
13337	NNNNNN	V3C99_007971
13338	NNNNNN	V3C99_007971
13340	rpn-2	V3C99_007974
13346	NNNNNN	V3C99_007977
13354	NNNNNN	V3C99_007977
13355	gon-4	V3C99_007979
13356	mtm-6	V3C99_007982
13357	NNNNNN	V3C99_007986
13430	hrpu-1	V3C99_008002
13431	micu-1	V3C99_008003
13432	Y67H2A.2	V3C99_008004
13433	NNNNNN	V3C99_008005
13434	cpsf-3	V3C99_008006
13435	unc-26	V3C99_008007
13438	bus-12	V3C99_008010
13439	NNNNNN	V3C99_008011
13440	sec-61.A	V3C99_008012
13441	rps-18	V3C99_008013
13442	hhat-2	V3C99_008014
13443	NNNNNN	V3C99_008015
13444	eps-8	V3C99_008016
13445	aass-1	V3C99_008023
13446	K08E7.8	V3C99_008024
13447	NNNNNN	V3C99_008025
13452	NNNNNN	V3C99_008028
13453	acr-25	V3C99_008029
13454	NNNNNN	V3C99_008030
13456	NNNNNN	V3C99_008032
13457	cpin-1	V3C99_008033
13458	znf-782	V3C99_008034
13459	csn-4	V3C99_008036
13461	cct-8	V3C99_008037
13462	NNNNNN	V3C99_008040
13466	cox-18	V3C99_008043
13467	svh-1	V3C99_008044
13468	aspm-1	V3C99_008047
13469	qars-1	V3C99_008052
13470	best-22	V3C99_008056
13471	CC8.2	V3C99_008057
13472	NNNNNN	V3C99_008058
13474	csn-5	V3C99_008061
13476	NNNNNN	V3C99_008062
13477	NNNNNN	V3C99_008062
13491	unc-36	V3C99_008072
13492	NNNNNN	V3C99_008073
13493	atln-1	V3C99_008075
13495	pct-1	V3C99_008077
13497	NNNNNN	V3C99_008080
13563	egal-1	V3C99_008097
13564	crld-1	V3C99_008098
13565	NNNNNN	V3C99_008101
13566	NNNNNN	V3C99_008102
13567	NNNNNN	V3C99_008103
13572	crld-1	V3C99_008105
13573	pssy-1	V3C99_008106
13574	NNNNNN	V3C99_008107
13575	NNNNNN	V3C99_008108
13580	NNNNNN	V3C99_008110
13589	NNNNNN	V3C99_008113
13593	NNNNNN	V3C99_008115
13596	NNNNNN	V3C99_008116
13597	NNNNNN	V3C99_008118
13599	NNNNNN	V3C99_008118
13604	NNNNNN	V3C99_008118
13605	ent-7	V3C99_008121
13607	NNNNNN	V3C99_008125
13615	NNNNNN	V3C99_008129
13616	NNNNNN	V3C99_008129
13618	F35G2.1	V3C99_008131
13620	marb-1	V3C99_008132
13621	Y116A8C.9	V3C99_008133
13622	Y116A8C.10	V3C99_008134
13624	nstp-10	V3C99_008136
13625	NNNNNN	V3C99_008138
13626	gta-1	V3C99_008139
13627	paqr-2	V3C99_008142
13628	mspn-1	V3C99_008143
13629	rack-1	V3C99_008144
13630	pxf-1	V3C99_008145
13633	icln-1	V3C99_008158
13635	NNNNNN	V3C99_008160
13636	NNNNNN	V3C99_008163
13640	NNNNNN	V3C99_008167
13642	NNNNNN	V3C99_008168
13643	M04B2.2	V3C99_008169
13644	NNNNNN	V3C99_008170
13646	gfl-1	V3C99_008172
13648	NNNNNN	V3C99_008174
13654	slc-46A	V3C99_008181
13655	NNNNNN	V3C99_008182
13656	dpf-5	V3C99_008184
13658	ubxn-6	V3C99_008186
13660	eif-1.A	V3C99_008188
13680	alp-1	V3C99_008197
13682	NNNNNN	V3C99_008200
13683	npp-23	V3C99_008202
13684	M176.9	V3C99_008205
13685	R11E3.1	V3C99_008205
13686	T06C10.3	V3C99_008205
13687	M176.9	V3C99_008206
13688	R11E3.1	V3C99_008206
13689	T06C10.3	V3C99_008206
13690	Y54E2A.4	V3C99_008208
13691	NNNNNN	V3C99_008209
13692	sax-7	V3C99_008210
13694	NNNNNN	V3C99_008212
13695	F10G8.1	V3C99_008213
13696	K07F5.8	V3C99_008213
13697	C33H5.16	V3C99_008213
13699	C55B7.3	V3C99_008213
13703	NNNNNN	V3C99_008213
13704	dyf-3	V3C99_008216
13705	pdhb-1	V3C99_008217
13706	dyf-3	V3C99_008218
13708	NNNNNN	V3C99_008220
13709	npr-32	V3C99_008222
13710	wht-8	V3C99_008223
13712	arf-6	V3C99_008227
13713	wht-8	V3C99_008229
13714	nrde-2	V3C99_008235
13715	C34D4.4	V3C99_008236
13716	rad-54.B	V3C99_008237
13717	arf-6	V3C99_008238
13718	arf-6	V3C99_008239
13719	fahd-1	V3C99_008245
13721	ZK688.9	V3C99_008247
13722	sup-18	V3C99_008248
13723	unc-82	V3C99_008249
13725	amph-1	V3C99_008253
13726	NNNNNN	V3C99_008254
13728	phy-2	V3C99_008255
13730	NNNNNN	V3C99_008261
13731	NNNNNN	V3C99_008261
13732	NNNNNN	V3C99_008261
13733	NNNNNN	V3C99_008261
13734	NNNNNN	V3C99_008262
13735	klo-1	V3C99_008267
13736	klo-2	V3C99_008267
13739	acp-2	V3C99_008269
13741	pab-1	V3C99_008271
13744	vha-19	V3C99_008275
13745	tpra-1	V3C99_008280
13748	NNNNNN	V3C99_008283
13749	fog-3	V3C99_008287
13750	NNNNNN	V3C99_008292
13751	ZK550.6	V3C99_008294
13755	NNNNNN	V3C99_008297
13756	NNNNNN	V3C99_008299
13757	slc-9B.1	V3C99_008300
13759	slc-9B.2	V3C99_008300
13761	NNNNNN	V3C99_008303
13762	F21D5.1	V3C99_008305
13763	unc-43	V3C99_008306
13764	F01G10.10	V3C99_008307
13765	NNNNNN	V3C99_008309
13767	wdfy-3	V3C99_008311
13768	ift-74	V3C99_008314
13770	ift-74	V3C99_008317
13771	vab-15	V3C99_008318
13773	NNNNNN	V3C99_008324
13774	NNNNNN	V3C99_008326
13775	NNNNNN	V3C99_008327
13776	vha-12	V3C99_008328
13783	fmo-1	V3C99_008333
13784	fmo-2	V3C99_008333
13787	hil-2	V3C99_008334
13788	hil-3	V3C99_008334
13791	hil-6	V3C99_008334
13792	his-24	V3C99_008334
13793	NNNNNN	V3C99_008335
13794	lem-2	V3C99_008336
13797	NNNNNN	V3C99_008343
13798	NNNNNN	V3C99_008343
13799	NNNNNN	V3C99_008343
13800	NNNNNN	V3C99_008343
13801	NNNNNN	V3C99_008343
13802	NNNNNN	V3C99_008343
13803	NNNNNN	V3C99_008343
13804	NNNNNN	V3C99_008344
13805	NNNNNN	V3C99_008344
13806	NNNNNN	V3C99_008344
13807	NNNNNN	V3C99_008344
13808	NNNNNN	V3C99_008344
13809	NNNNNN	V3C99_008344
13810	NNNNNN	V3C99_008344
13811	NNNNNN	V3C99_008345
13812	NNNNNN	V3C99_008345
13813	NNNNNN	V3C99_008345
13814	NNNNNN	V3C99_008345
13815	NNNNNN	V3C99_008345
13816	NNNNNN	V3C99_008345
13817	NNNNNN	V3C99_008345
13820	miz-1	V3C99_008351
13821	NNNNNN	V3C99_008358
13823	NNNNNN	V3C99_008360
13824	NNNNNN	V3C99_008361
13825	hsp-12.3	V3C99_008363
13826	hsp-12.6	V3C99_008363
13827	NNNNNN	V3C99_008364
13828	idh-1	V3C99_008366
13829	F58H1.3	V3C99_008368
13830	NNNNNN	V3C99_008369
13836	spe-9	V3C99_008380
13837	NNNNNN	V3C99_008381
13838	NNNNNN	V3C99_008382
13839	NNNNNN	V3C99_008383
13840	NNNNNN	V3C99_008384
13841	NNNNNN	V3C99_008385
13842	nucb-1	V3C99_008386
13843	jbts-14	V3C99_008387
13844	NNNNNN	V3C99_008388
13845	rps-24	V3C99_008389
13848	F13H10.5	V3C99_008390
13850	spt-5	V3C99_008393
13851	fat-4	V3C99_008394
13852	NNNNNN	V3C99_008396
13854	NNNNNN	V3C99_008397
13855	NNNNNN	V3C99_008398
13859	NNNNNN	V3C99_008399
13863	NNNNNN	V3C99_008401
13864	NNNNNN	V3C99_008403
13865	prx-2	V3C99_008404
13866	rbm-17	V3C99_008405
13868	acl-3	V3C99_008408
13870	NNNNNN	V3C99_008412
13871	melo-1	V3C99_008413
13873	NNNNNN	V3C99_008417
13874	arp-11	V3C99_008420
13875	NNNNNN	V3C99_008422
13876	NNNNNN	V3C99_008426
13877	sel-5	V3C99_008427
13878	NNNNNN	V3C99_008428
13879	mogs-1	V3C99_008432
13881	ndx-9	V3C99_008435
13882	sec-61.B	V3C99_008436
13884	tag-77	V3C99_008444
13885	mes-6	V3C99_008447
13887	cks-1	V3C99_008449
13889	NNNNNN	V3C99_008450
13890	tlp-1	V3C99_008452
13891	tbc-3	V3C99_008454
13892	best-13	V3C99_008455
13893	cogc-8	V3C99_008456
13894	fnta-1	V3C99_008457
13895	ints-13	V3C99_008458
13896	Y105C5B.9	V3C99_008459
13897	M176.9	V3C99_008460
13898	R11E3.1	V3C99_008460
13899	T06C10.3	V3C99_008460
13901	M176.9	V3C99_008463
13902	R11E3.1	V3C99_008463
13903	T06C10.3	V3C99_008463
13904	F38A5.2	V3C99_008465
13905	odr-8	V3C99_008466
13906	nbet-1	V3C99_008467
13908	NNNNNN	V3C99_008469
13909	mtrf-1L	V3C99_008470
13910	lam-1	V3C99_008471
13912	rpl-39	V3C99_008474
13913	C24D10.6	V3C99_008474
13914	soc-2	V3C99_008479
13915	lip-1	V3C99_008481
13916	ceh-48	V3C99_008482
13917	gex-2	V3C99_008485
13918	Y57G11C.43	V3C99_008486
13919	NNNNNN	V3C99_008487
13920	NNNNNN	V3C99_008489
13921	NNNNNN	V3C99_008490
13922	NNNNNN	V3C99_008491
13923	aman-1	V3C99_008494
13924	pnp-1	V3C99_008499
13926	nkb-2	V3C99_008502
13927	NNNNNN	V3C99_008503
13928	NNNNNN	V3C99_008504
13929	NNNNNN	V3C99_008505
13930	drd-1	V3C99_008506
13931	F49E12.10	V3C99_008506
13933	NNNNNN	V3C99_008512
13934	NNNNNN	V3C99_008512
13935	cho-1	V3C99_008513
13936	pwp-1	V3C99_008514
13937	tag-115	V3C99_008515
13938	NNNNNN	V3C99_008516
13939	ikb-1	V3C99_008517
13940	NNNNNN	V3C99_008518
13941	NNNNNN	V3C99_008518
13944	NNNNNN	V3C99_008520
13945	NNNNNN	V3C99_008522
13946	NNNNNN	V3C99_008524
13975	NNNNNN	V3C99_008530
13976	vha-5	V3C99_008531
13977	npp-20	V3C99_008532
13978	tbce-1	V3C99_008534
13979	daf-31	V3C99_008535
13980	K07H8.2	V3C99_008535
13981	NNNNNN	V3C99_008536
13982	nas-8	V3C99_008537
13983	sorb-1	V3C99_008541
13984	NNNNNN	V3C99_008542
13985	NNNNNN	V3C99_008544
13986	NNNNNN	V3C99_008544
13987	NNNNNN	V3C99_008546
13988	NNNNNN	V3C99_008546
13989	NNNNNN	V3C99_008548
13990	rpl-7A	V3C99_008549
13992	NNNNNN	V3C99_008551
13993	tmem-231	V3C99_008552
14019	plst-1	V3C99_008553
14024	prkl-1	V3C99_008554
14025	cfim-2	V3C99_008555
14029	NNNNNN	V3C99_008557
14030	C17H12.3	V3C99_008557
14031	NNNNNN	V3C99_008557
14036	snai-1	V3C99_008560
14037	NNNNNN	V3C99_008562
14038	NNNNNN	V3C99_008563
14039	T26A8.4	V3C99_008564
14040	NNNNNN	V3C99_008565
14041	NNNNNN	V3C99_008567
14043	NNNNNN	V3C99_008570
14045	siah-1	V3C99_008572
14049	NNNNNN	V3C99_008588
14052	NNNNNN	V3C99_008592
14053	NNNNNN	V3C99_008594
14054	NNNNNN	V3C99_008595
14055	NNNNNN	V3C99_008596
14056	NNNNNN	V3C99_008597
14057	NNNNNN	V3C99_008600
14058	NNNNNN	V3C99_008601
14124	NNNNNN	V3C99_008601
14125	NNNNNN	V3C99_008601
14127	NNNNNN	V3C99_008601
14128	NNNNNN	V3C99_008601
14129	NNNNNN	V3C99_008601
14226	NNNNNN	V3C99_008601
14239	cpsf-1	V3C99_008603
14241	F42A6.6	V3C99_008605
14242	hrpa-1	V3C99_008607
14243	NNNNNN	V3C99_008608
14244	NNNNNN	V3C99_008613
14247	NNNNNN	V3C99_008616
14248	plk-1	V3C99_008617
14249	plk-2	V3C99_008617
14250	NNNNNN	V3C99_008619
14251	leo-1	V3C99_008621
14252	Y77E11A.12	V3C99_008622
14253	mrpl-46	V3C99_008623
14254	ech-5	V3C99_008624
14256	mdt-20	V3C99_008626
14257	spl-3	V3C99_008627
14258	NNNNNN	V3C99_008628
14259	C09E9.1	V3C99_008629
14260	NNNNNN	V3C99_008631
14261	plc-4	V3C99_008632
14262	vdac-1	V3C99_008633
14263	NNNNNN	V3C99_008634
14271	NNNNNN	V3C99_008639
14272	bris-1	V3C99_008640
14273	cal-3	V3C99_008641
14274	NNNNNN	V3C99_008643
14275	nhr-8	V3C99_008644
14276	mrps-24	V3C99_008645
14277	mrps-24	V3C99_008646
14279	NNNNNN	V3C99_008647
14281	NNNNNN	V3C99_008649
14282	F37C4.6	V3C99_008652
14283	lag-1	V3C99_008653
14284	lag-1	V3C99_008655
14289	hlh-30	V3C99_008662
14290	NNNNNN	V3C99_008663
14294	nhr-67	V3C99_008667
14295	C36A4.4	V3C99_008668
14296	pfd-1	V3C99_008669
14297	F01G4.6	V3C99_008670
14298	pigq-1	V3C99_008671
14299	wht-2	V3C99_008672
14300	imp-2	V3C99_008673
14301	NNNNNN	V3C99_008674
14302	wht-2	V3C99_008675
14303	enpl-1	V3C99_008676
14305	NNNNNN	V3C99_008677
14308	NNNNNN	V3C99_008683
14309	NNNNNN	V3C99_008683
14310	tat-2	V3C99_008684
14311	NNNNNN	V3C99_008686
14312	fic-1	V3C99_008687
14313	lgg-2	V3C99_008688
14314	lsm-7	V3C99_008689
14315	rbr-2	V3C99_008691
14316	NNNNNN	V3C99_008692
14317	smg-7	V3C99_008693
14318	lin-45	V3C99_008694
14319	NNNNNN	V3C99_008695
14320	T07F12.2	V3C99_008696
14326	F38B6.4	V3C99_008702
14327	NNNNNN	V3C99_008705
14328	NNNNNN	V3C99_008708
14330	rho-1	V3C99_008711
14331	gdi-1	V3C99_008715
14332	coq-3	V3C99_008716
14333	nuo-3	V3C99_008717
14334	arl-8	V3C99_008718
14335	unc-22	V3C99_008720
14336	tsen-54	V3C99_008722
14337	denn-4	V3C99_008723
14341	jnk-1	V3C99_008727
14342	NNNNNN	V3C99_008728
14343	NNNNNN	V3C99_008729
14344	NNNNNN	V3C99_008730
14345	dpy-4	V3C99_008731
14346	NNNNNN	V3C99_008735
14347	nft-1	V3C99_008737
14348	Y56A3A.22	V3C99_008738
14349	trap-4	V3C99_008739
14350	ccf-1	V3C99_008740
14351	znf-593	V3C99_008741
14353	atg-3	V3C99_008745
14354	cyn-12	V3C99_008746
14356	NNNNNN	V3C99_008747
14358	NNNNNN	V3C99_008751
14360	sand-1	V3C99_008754
14361	F41H10.4	V3C99_008755
14362	NNNNNN	V3C99_008756
14363	nekl-3	V3C99_008759
14366	gpx-7	V3C99_008760
14367	NNNNNN	V3C99_008761
14368	NNNNNN	V3C99_008762
14369	NNNNNN	V3C99_008762
14370	NNNNNN	V3C99_008762
14371	hrpa-1	V3C99_008763
14372	NNNNNN	V3C99_008764
14373	hda-6	V3C99_008765
14374	F41H10.5	V3C99_008766
14376	NNNNNN	V3C99_008780
14378	NNNNNN	V3C99_008788
14379	let-92	V3C99_008790
14380	NNNNNN	V3C99_008791
14381	sec-24.1	V3C99_008792
14382	F12F6.7	V3C99_008793
14383	ipmk-1	V3C99_008794
14384	ham-1	V3C99_008795
14385	elks-1	V3C99_008796
14386	tctn-1	V3C99_008797
14387	NNNNNN	V3C99_008798
14388	uba-1	V3C99_008800
14389	trpa-1	V3C99_008801
14392	NNNNNN	V3C99_008810
14393	NNNNNN	V3C99_008811
14397	Y38C1AA.1	V3C99_008814
14398	coa-1	V3C99_008815
14399	gfrp-1	V3C99_008816
14400	csn-3	V3C99_008817
14401	NNNNNN	V3C99_008818
14402	gtf-2H1	V3C99_008819
14403	sars-2	V3C99_008820
14423	arle-14	V3C99_008823
14424	srf-3	V3C99_008824
14425	nstp-5	V3C99_008825
14429	dnbp-1	V3C99_008828
14431	rop-1	V3C99_008830
14432	NNNNNN	V3C99_008831
14433	mrp-7	V3C99_008832
14437	Y73F8A.5	V3C99_008837
14438	NNNNNN	V3C99_008838
14439	dnc-4	V3C99_008839
14440	NNNNNN	V3C99_008841
14441	NNNNNN	V3C99_008842
14446	famp-1	V3C99_008844
14447	NNNNNN	V3C99_008845
14450	nol-9	V3C99_008847
14451	pik-1	V3C99_008848
14452	tpa-1	V3C99_008850
14455	sart-3	V3C99_008854
14456	prp-18	V3C99_008855
14457	Y67D8A.2	V3C99_008856
14458	dmd-9	V3C99_008857
14459	NNNNNN	V3C99_008858
14460	fln-1	V3C99_008859
14461	NNNNNN	V3C99_008862
14463	NNNNNN	V3C99_008865
14464	NNNNNN	V3C99_008865
14465	sma-6	V3C99_008866
14466	NNNNNN	V3C99_008868
14470	NNNNNN	V3C99_008871
14476	nduv-2	V3C99_008877
14477	Y71F9AL.1	V3C99_008878
14478	NNNNNN	V3C99_008881
14480	Y37E11B.5	V3C99_008884
14481	taf-2	V3C99_008885
14482	blos-7	V3C99_008886
14483	NNNNNN	V3C99_008887
14484	map-1	V3C99_008888
14485	unc-8	V3C99_008889
14486	NNNNNN	V3C99_008890
14487	W01B6.3	V3C99_008894
14491	W01B6.3	V3C99_008898
14492	F14D7.6	V3C99_008901
14493	ZK550.2	V3C99_008901
14495	T28C12.2	V3C99_008901
14496	F14D7.6	V3C99_008903
14497	ZK550.2	V3C99_008903
14499	T28C12.2	V3C99_008903
14500	NNNNNN	V3C99_008905
14501	NNNNNN	V3C99_008906
14502	C35B1.5	V3C99_008907
14503	NNNNNN	V3C99_008909
14504	acs-13	V3C99_008910
14505	adm-2	V3C99_008913
14507	NNNNNN	V3C99_008920
14508	NNNNNN	V3C99_008920
14510	NNNNNN	V3C99_008920
14511	NNNNNN	V3C99_008920
14512	best-24	V3C99_008921
14519	NNNNNN	V3C99_008925
14526	NNNNNN	V3C99_008928
14532	F56A11.5	V3C99_008929
14539	ant-1.1	V3C99_008933
14541	ant-1.3	V3C99_008933
14542	ant-1.4	V3C99_008933
14543	NNNNNN	V3C99_008934
14545	efn-4	V3C99_008935
14546	NNNNNN	V3C99_008936
14547	NNNNNN	V3C99_008937
14549	NNNNNN	V3C99_008938
14556	NNNNNN	V3C99_008943
14561	nhr-41	V3C99_008949
14562	NNNNNN	V3C99_008952
14563	hgrs-1	V3C99_008953
14564	wsp-1	V3C99_008954
14565	nprt-1	V3C99_008956
14566	atic-1	V3C99_008957
14568	NNNNNN	V3C99_008959
14569	ocr-3	V3C99_008960
14570	ethe-1	V3C99_008968
14571	acs-20	V3C99_008969
14572	rps-23	V3C99_008971
14573	dpm-3	V3C99_008972
14574	ddr-2	V3C99_008973
14575	NNNNNN	V3C99_008975
14576	C55C3.1	V3C99_008976
14577	NNNNNN	V3C99_008977
14648	scav-4	V3C99_008995
14649	magi-1	V3C99_008996
14651	best-19	V3C99_008998
14652	NNNNNN	V3C99_008999
14654	NNNNNN	V3C99_009002
14655	F21D5.5	V3C99_009003
14656	mrps-33	V3C99_009004
14657	F21D5.6	V3C99_009005
14658	F21D5.7	V3C99_009005
14659	NNNNNN	V3C99_009006
14660	NNNNNN	V3C99_009007
14661	NNNNNN	V3C99_009011
14681	NNNNNN	V3C99_009029
14682	NNNNNN	V3C99_009031
14683	NNNNNN	V3C99_009031
14684	glo-4	V3C99_009033
14685	NNNNNN	V3C99_009034
14697	mrt-1	V3C99_009050
14698	NNNNNN	V3C99_009051
14699	timm-17B.1	V3C99_009051
14700	hoe-1	V3C99_009052
14701	miro-1	V3C99_009054
14702	F25H8.1	V3C99_009055
14710	NNNNNN	V3C99_009058
14711	NNNNNN	V3C99_009059
14712	NNNNNN	V3C99_009060
14713	snf-10	V3C99_009061
14721	K07F5.15	V3C99_009065
14725	NNNNNN	V3C99_009066
14726	C50F2.5	V3C99_009066
14727	zip-3	V3C99_009067
14729	NNNNNN	V3C99_009069
14733	gba-4	V3C99_009070
14735	NNNNNN	V3C99_009072
14736	NNNNNN	V3C99_009073
14737	M03D4.4	V3C99_009074
14738	ard-1	V3C99_009075
14739	swsn-4	V3C99_009077
14740	gtbp-1	V3C99_009078
14741	ctf-18	V3C99_009079
14742	NNNNNN	V3C99_009080
14743	F38H4.5	V3C99_009083
14744	NNNNNN	V3C99_009084
14745	NNNNNN	V3C99_009089
14747	NNNNNN	V3C99_009095
14748	spo-11	V3C99_009096
14753	NNNNNN	V3C99_009098
14759	lsm-3	V3C99_009099
14760	mdt-9	V3C99_009100
14762	rrbs-1	V3C99_009101
14763	NNNNNN	V3C99_009102
14764	gcl-1	V3C99_009103
14768	sams-5	V3C99_009119
14770	sams-3	V3C99_009119
14771	sams-4	V3C99_009119
14775	NNNNNN	V3C99_009123
14776	NNNNNN	V3C99_009124
14777	mgl-3	V3C99_009125
14784	NNNNNN	V3C99_009128
14785	NNNNNN	V3C99_009129
14786	NNNNNN	V3C99_009130
14787	NNNNNN	V3C99_009132
14788	NNNNNN	V3C99_009133
14789	grld-1	V3C99_009134
14790	tut-1	V3C99_009135
14791	F58B3.6	V3C99_009136
14793	xpc-1	V3C99_009139
14795	alkb-1	V3C99_009141
14797	lev-1	V3C99_009145
14798	lev-1	V3C99_009146
14801	NNNNNN	V3C99_009147
14805	NNNNNN	V3C99_009147
14807	egl-20	V3C99_009151
14808	catp-6	V3C99_009153
14809	NNNNNN	V3C99_009154
14810	NNNNNN	V3C99_009155
14811	NNNNNN	V3C99_009156
14813	kdin-1	V3C99_009159
14814	fkb-1	V3C99_009160
14815	hmg-5	V3C99_009161
14816	iars-1	V3C99_009162
14817	NNNNNN	V3C99_009163
14818	C06A12.3	V3C99_009164
14819	Y38F2AR.12	V3C99_009167
14820	NNNNNN	V3C99_009168
14821	ZK822.5	V3C99_009171
14823	unc-77	V3C99_009173
14824	Y38H8A.4	V3C99_009174
14825	tag-344	V3C99_009174
14826	C27D6.11	V3C99_009174
14827	Y38H8A.4	V3C99_009178
14828	tag-344	V3C99_009178
14829	C27D6.11	V3C99_009178
14832	NNNNNN	V3C99_009182
14845	NNNNNN	V3C99_009182
14846	NNNNNN	V3C99_009182
14848	NNNNNN	V3C99_009182
14849	NNNNNN	V3C99_009183
14850	NNNNNN	V3C99_009183
14851	NNNNNN	V3C99_009184
14852	NNNNNN	V3C99_009185
14853	wnk-1	V3C99_009187
14854	NNNNNN	V3C99_009189
14855	NNNNNN	V3C99_009192
14856	NNNNNN	V3C99_009193
14858	NNNNNN	V3C99_009195
14859	NNNNNN	V3C99_009196
14860	tmem-145	V3C99_009198
14862	erp-44.2	V3C99_009200
14863	NNNNNN	V3C99_009203
14866	NNNNNN	V3C99_009204
14868	NNNNNN	V3C99_009204
14871	NNNNNN	V3C99_009204
14872	NNNNNN	V3C99_009204
14873	NNNNNN	V3C99_009204
14874	NNNNNN	V3C99_009204
14875	NNNNNN	V3C99_009204
14876	NNNNNN	V3C99_009204
14878	NNNNNN	V3C99_009204
14879	NNNNNN	V3C99_009204
14880	NNNNNN	V3C99_009204
14888	NNNNNN	V3C99_009206
14889	NNNNNN	V3C99_009207
14890	ndx-4	V3C99_009208
14891	W09G3.7	V3C99_009209
14892	vha-8	V3C99_009210
14893	F40F4.7	V3C99_009211
14894	algn-6	V3C99_009212
14895	tald-1	V3C99_009213
14896	NNNNNN	V3C99_009214
14906	NNNNNN	V3C99_009217
14907	NNNNNN	V3C99_009217
14915	NNNNNN	V3C99_009218
14916	NNNNNN	V3C99_009218
14917	semo-1	V3C99_009219
14920	NNNNNN	V3C99_009227
14921	NNNNNN	V3C99_009227
14922	NNNNNN	V3C99_009227
14923	NNNNNN	V3C99_009228
14924	NNNNNN	V3C99_009228
14925	NNNNNN	V3C99_009228
14926	NNNNNN	V3C99_009229
14927	tag-30	V3C99_009230
14928	NNNNNN	V3C99_009231
14929	sucg-1	V3C99_009232
14930	NNNNNN	V3C99_009233
14931	pbs-1	V3C99_009234
14933	NNNNNN	V3C99_009235
14937	K08D12.3	V3C99_009236
14939	rpi-2	V3C99_009237
14943	NNNNNN	V3C99_009241
14944	npp-1	V3C99_009242
14945	K07F5.14	V3C99_009243
14947	K07F5.16	V3C99_009244
14949	nlr-1	V3C99_009245
14950	M57.2	V3C99_009247
14951	seld-1	V3C99_009248
14952	NNNNNN	V3C99_009249
14953	hars-1	V3C99_009250
14954	rbm-22	V3C99_009251
14965	NNNNNN	V3C99_009253
14966	dsc-4	V3C99_009255
14968	tag-322	V3C99_009257
14970	tag-321	V3C99_009259
14971	mtm-9	V3C99_009260
14972	sec-10	V3C99_009261
14973	NNNNNN	V3C99_009262
14974	sulp-4	V3C99_009264
14975	sulp-5	V3C99_009264
14976	efn-2	V3C99_009265
14977	prdh-1	V3C99_009268
14979	act-2	V3C99_009271
14981	kcc-2	V3C99_009272
14982	mpst-2	V3C99_009273
14983	mpst-3	V3C99_009273
14987	cyk-4	V3C99_009274
14988	rps-2	V3C99_009275
14990	NNNNNN	V3C99_009279
14991	dnj-14	V3C99_009280
14994	NNNNNN	V3C99_009289
14995	NNNNNN	V3C99_009289
14996	NNNNNN	V3C99_009294
14997	NNNNNN	V3C99_009294
14999	NNNNNN	V3C99_009295
15000	NNNNNN	V3C99_009296
15001	srp-1	V3C99_009305
15002	srp-2	V3C99_009305
15007	srp-1	V3C99_009306
15013	srp-1	V3C99_009309
15014	srp-2	V3C99_009309
15019	srp-1	V3C99_009310
15020	srp-2	V3C99_009310
15025	srp-1	V3C99_009312
15026	srp-2	V3C99_009312
15034	NNNNNN	V3C99_009314
15048	agt-1	V3C99_009320
15049	rla-2	V3C99_009321
15050	Y62E10A.20	V3C99_009322
15051	rab-19	V3C99_009323
15052	emc-3	V3C99_009324
15055	nprl-3	V3C99_009326
15056	mau-8	V3C99_009327
15057	Y62E10A.6	V3C99_009328
15058	Y62E10A.24	V3C99_009329
15059	mrpl-47	V3C99_009331
15060	dis-3	V3C99_009334
15061	egl-38	V3C99_009335
15062	pax-2	V3C99_009335
15063	NNNNNN	V3C99_009337
15064	lpl-1	V3C99_009339
15065	mrpl-42	V3C99_009339
15066	copg-1	V3C99_009340
15067	NNNNNN	V3C99_009341
15068	NNNNNN	V3C99_009342
15069	pps-1	V3C99_009343
15070	fnip-2	V3C99_009344
15071	NNNNNN	V3C99_009346
15072	NNNNNN	V3C99_009347
15074	NNNNNN	V3C99_009348
15076	paqr-3	V3C99_009349
15077	Y67A10A.7	V3C99_009350
15078	NNNNNN	V3C99_009351
15080	NNNNNN	V3C99_009353
15081	NNNNNN	V3C99_009354
15112	NNNNNN	V3C99_009358
15114	NNNNNN	V3C99_009359
15115	NNNNNN	V3C99_009362
15116	NNNNNN	V3C99_009363
15117	NNNNNN	V3C99_009364
15118	gdh-1	V3C99_009365
15119	tgt-1	V3C99_009366
15120	NNNNNN	V3C99_009367
15121	znf-207	V3C99_009368
15123	tag-335	V3C99_009369
15124	NNNNNN	V3C99_009370
15125	rpl-34	V3C99_009371
15126	ppm-1.H	V3C99_009372
15127	gly-10	V3C99_009373
15128	sek-1	V3C99_009374
15129	rpl-18	V3C99_009375
15132	best-7	V3C99_009377
15133	NNNNNN	V3C99_009378
15134	paqr-1	V3C99_009382
15135	NNNNNN	V3C99_009383
15136	W03F8.4	V3C99_009390
15137	NNNNNN	V3C99_009392
15138	ptpn-22	V3C99_009393
15139	NNNNNN	V3C99_009394
15140	aly-1	V3C99_009395
15141	aly-2	V3C99_009395
15142	aly-3	V3C99_009395
15144	immp-2	V3C99_009396
15146	Y55F3AM.5	V3C99_009398
15147	lep-2	V3C99_009399
15148	Y55F3AM.9	V3C99_009400
15149	NNNNNN	V3C99_009401
15150	fbl-1	V3C99_009402
15151	lad-2	V3C99_009405
15152	NNNNNN	V3C99_009406
15153	ifta-2	V3C99_009407
15154	ufd-1	V3C99_009408
15155	F19B6.1	V3C99_009409
15156	C26E6.12	V3C99_009410
15158	NNNNNN	V3C99_009412
15159	NNNNNN	V3C99_009413
15160	unc-17	V3C99_009415
15161	cha-1	V3C99_009416
15163	NNNNNN	V3C99_009417
15165	daf-15	V3C99_009419
15166	rpl-12	V3C99_009420
15167	lin-54	V3C99_009421
15168	JC8.4	V3C99_009422
15169	cox-11	V3C99_009423
15170	JC8.7	V3C99_009424
15171	ints-11	V3C99_009425
15172	NNNNNN	V3C99_009428
15173	NNNNNN	V3C99_009429
15174	NNNNNN	V3C99_009430
15175	NNNNNN	V3C99_009430
15176	NNNNNN	V3C99_009431
15177	nud-2	V3C99_009432
15178	mcm-3AP	V3C99_009433
15179	glb-14	V3C99_009434
15180	glb-14	V3C99_009435
15181	NNNNNN	V3C99_009438
15182	NNNNNN	V3C99_009439
15183	NNNNNN	V3C99_009439
15184	nud-2	V3C99_009440
15185	mcm-3AP	V3C99_009441
15186	glb-14	V3C99_009442
15187	glb-14	V3C99_009443
15188	glb-14	V3C99_009444
15189	T04A11.1	V3C99_009445
15190	T04A11.2	V3C99_009445
15191	T04A11.4	V3C99_009445
15192	T04A11.5	V3C99_009445
15193	R02D1.2	V3C99_009445
15194	NNNNNN	V3C99_009449
15198	NNNNNN	V3C99_009453
15199	NNNNNN	V3C99_009453
15202	anoh-2	V3C99_009454
15204	Y57G11C.33	V3C99_009458
15207	gtl-1	V3C99_009464
15209	tatn-1	V3C99_009466
15212	NNNNNN	V3C99_009469
15216	spp-10	V3C99_009472
15218	itsn-1	V3C99_009474
15219	C06G3.8	V3C99_009475
15220	NNNNNN	V3C99_009476
15221	NNNNNN	V3C99_009477
15223	rpn-1	V3C99_009479
15224	ribo-1	V3C99_009481
15225	T22D1.3	V3C99_009482
15226	npr-12	V3C99_009485
15228	NNNNNN	V3C99_009486
15231	NNNNNN	V3C99_009486
15232	NNNNNN	V3C99_009486
15233	NNNNNN	V3C99_009486
15234	NNNNNN	V3C99_009486
15235	NNNNNN	V3C99_009486
15236	NNNNNN	V3C99_009486
15237	NNNNNN	V3C99_009486
15238	NNNNNN	V3C99_009486
15239	NNNNNN	V3C99_009486
15240	NNNNNN	V3C99_009486
15242	NNNNNN	V3C99_009487
15243	fem-1	V3C99_009488
15244	unc-5	V3C99_009489
15247	NNNNNN	V3C99_009492
15249	NNNNNN	V3C99_009493
15250	rbm-39	V3C99_009494
15251	NNNNNN	V3C99_009495
15252	NNNNNN	V3C99_009496
15253	NNNNNN	V3C99_009497
15255	NNNNNN	V3C99_009497
15256	NNNNNN	V3C99_009497
15257	twf-2	V3C99_009498
15258	nas-39	V3C99_009500
15259	F38E9.1	V3C99_009501
15260	inso-1	V3C99_009503
15261	rpb-5	V3C99_009504
15262	T20D3.6	V3C99_009505
15263	NNNNNN	V3C99_009507
15265	acox-1.1	V3C99_009513
15266	acox-1.2	V3C99_009513
15267	acox-1.3	V3C99_009513
15268	acox-1.4	V3C99_009513
15270	acox-1.1	V3C99_009514
15271	acox-1.2	V3C99_009514
15272	acox-1.3	V3C99_009514
15273	acox-1.4	V3C99_009514
15275	daf-10	V3C99_009520
15277	NNNNNN	V3C99_009524
15278	rbd-1	V3C99_009525
15279	NNNNNN	V3C99_009526
15280	NNNNNN	V3C99_009531
15283	NNNNNN	V3C99_009537
15284	asp-4	V3C99_009538
15285	NNNNNN	V3C99_009545
15286	scyl-1	V3C99_009547
15287	rsp-6	V3C99_009548
15288	NNNNNN	V3C99_009549
15289	itr-1	V3C99_009556
15295	NNNNNN	V3C99_009568
15296	NNNNNN	V3C99_009569
15297	NNNNNN	V3C99_009569
15298	NNNNNN	V3C99_009569
15299	NNNNNN	V3C99_009569
15300	NNNNNN	V3C99_009569
15301	NNNNNN	V3C99_009569
15302	NNNNNN	V3C99_009574
15303	NNNNNN	V3C99_009574
15304	ifta-2	V3C99_009576
15305	efa-6	V3C99_009581
15306	unc-5	V3C99_009582
15307	valv-1	V3C99_009583
15310	T05A12.4	V3C99_009586
15313	NNNNNN	V3C99_009588
15317	hst-3.2	V3C99_009590
15319	jip-1	V3C99_009607
15324	NNNNNN	V3C99_009622
15330	ZK795.3	V3C99_009627
15331	ddb-1	V3C99_009628
15333	NNNNNN	V3C99_009629
15334	Y41D4A.4	V3C99_009630
15335	Y41D4A.6	V3C99_009631
15337	ric-3	V3C99_009633
15338	cdgs-1	V3C99_009634
15339	zgpa-1	V3C99_009635
15340	dif-1	V3C99_009636
15343	gem-4	V3C99_009645
15344	nra-1	V3C99_009645
15345	NNNNNN	V3C99_009647
15346	let-60	V3C99_009648
15347	ZK792.5	V3C99_009649
15348	ZK792.4	V3C99_009650
15349	NNNNNN	V3C99_009651
15373	NNNNNN	V3C99_009656
15375	NNNNNN	V3C99_009658
15376	NNNNNN	V3C99_009659
15377	exos-7	V3C99_009660
15378	osm-9	V3C99_009663
15379	pigs-1	V3C99_009664
15380	tsp-12	V3C99_009665
15381	Y73F8A.27	V3C99_009666
15382	Y73F8A.26	V3C99_009667
15383	F37B12.3	V3C99_009669
15385	vha-15	V3C99_009670
15386	pus-1	V3C99_009671
15388	tmed-1	V3C99_009673
15389	daf-1	V3C99_009674
15390	col-99	V3C99_009675
15391	NNNNNN	V3C99_009676
15392	NNNNNN	V3C99_009677
15393	NNNNNN	V3C99_009678
15394	NNNNNN	V3C99_009679
15395	NNNNNN	V3C99_009679
15397	cogc-2	V3C99_009681
15398	ufl-1	V3C99_009682
15400	tyr-6	V3C99_009684
15401	ost-1	V3C99_009685
15402	mccc-1	V3C99_009686
15403	lcmt-1	V3C99_009687
15404	perm-3	V3C99_009687
15405	exos-4.1	V3C99_009688
15407	fask-1	V3C99_009689
15408	B0564.2	V3C99_009691
15409	best-1	V3C99_009692
15410	best-2	V3C99_009692
15411	unc-30	V3C99_009693
15412	NNNNNN	V3C99_009696
15414	NNNNNN	V3C99_009700
15415	NNNNNN	V3C99_009700
15416	NNNNNN	V3C99_009700
15417	NNNNNN	V3C99_009700
15418	NNNNNN	V3C99_009700
15419	NNNNNN	V3C99_009700
15420	C33A12.3	V3C99_009702
15421	pezo-1	V3C99_009703
15422	NNNNNN	V3C99_009705
15423	NNNNNN	V3C99_009705
15424	sec-31	V3C99_009706
15427	NNNNNN	V3C99_009710
15430	NNNNNN	V3C99_009710
15431	NNNNNN	V3C99_009710
15432	NNNNNN	V3C99_009710
15433	NNNNNN	V3C99_009710
15434	NNNNNN	V3C99_009710
15435	NNNNNN	V3C99_009710
15436	NNNNNN	V3C99_009710
15437	NNNNNN	V3C99_009710
15438	NNNNNN	V3C99_009710
15439	NNNNNN	V3C99_009710
15447	NNNNNN	V3C99_009714
15448	R05G6.10	V3C99_009715
15449	NNNNNN	V3C99_009716
15450	acs-20	V3C99_009717
15451	ethe-1	V3C99_009718
15452	NNNNNN	V3C99_009719
15453	NNNNNN	V3C99_009719
15462	NNNNNN	V3C99_009719
15463	NNNNNN	V3C99_009719
15465	NNNNNN	V3C99_009719
15467	NNNNNN	V3C99_009720
15468	NNNNNN	V3C99_009720
15477	NNNNNN	V3C99_009720
15478	NNNNNN	V3C99_009720
15480	NNNNNN	V3C99_009720
15482	NNNNNN	V3C99_009721
15483	NNNNNN	V3C99_009721
15492	NNNNNN	V3C99_009721
15493	NNNNNN	V3C99_009721
15495	NNNNNN	V3C99_009721
15509	zen-4	V3C99_009723
15510	F52C12.2	V3C99_009725
15511	F52C12.2	V3C99_009726
15512	F52C12.6	V3C99_009727
15513	tdpo-1	V3C99_009728
15514	ulp-3	V3C99_009729
15515	Y48A5A.1	V3C99_009730
15516	Y48A5A.3	V3C99_009731
15517	trxr-1	V3C99_009732
15518	adah-1	V3C99_009733
15519	NNNNNN	V3C99_009735
15520	NNNNNN	V3C99_009736
15521	Y59E9AL.4	V3C99_009746
15522	NNNNNN	V3C99_009747
15523	rig-6	V3C99_009748
15525	NNNNNN	V3C99_009749
15527	NNNNNN	V3C99_009750
15545	NNNNNN	V3C99_009756
15546	NNNNNN	V3C99_009757
15554	NNNNNN	V3C99_009763
15579	cnnm-1	V3C99_009771
15580	parg-1	V3C99_009772
15581	parg-2	V3C99_009772
15591	NNNNNN	V3C99_009779
15593	wee-1.3	V3C99_009780
15595	cdk-1	V3C99_009781
15596	NNNNNN	V3C99_009782
15597	dlat-2	V3C99_009783
15598	mrps-25	V3C99_009784
15599	NNNNNN	V3C99_009784
15600	abhd-14	V3C99_009789
15601	snn-1	V3C99_009790
15602	act-2	V3C99_009792
15605	NNNNNN	V3C99_009793
15608	NNNNNN	V3C99_009793
15609	NNNNNN	V3C99_009793
15610	NNNNNN	V3C99_009793
15611	NNNNNN	V3C99_009793
15612	NNNNNN	V3C99_009793
15613	NNNNNN	V3C99_009793
15614	NNNNNN	V3C99_009793
15615	NNNNNN	V3C99_009793
15616	NNNNNN	V3C99_009793
15617	NNNNNN	V3C99_009793
15620	NNNNNN	V3C99_009794
15623	NNNNNN	V3C99_009794
15624	NNNNNN	V3C99_009794
15625	NNNNNN	V3C99_009794
15626	NNNNNN	V3C99_009794
15627	NNNNNN	V3C99_009794
15628	NNNNNN	V3C99_009794
15629	NNNNNN	V3C99_009794
15630	NNNNNN	V3C99_009794
15631	NNNNNN	V3C99_009794
15632	NNNNNN	V3C99_009794
15634	NNNNNN	V3C99_009795
15636	NNNNNN	V3C99_009797
15638	T11G6.2	V3C99_009799
15639	T11G6.3	V3C99_009799
15641	C50B6.9	V3C99_009800
15642	alh-3	V3C99_009801
15643	tkt-1	V3C99_009802
15644	dnj-15	V3C99_009803
15645	rnp-2	V3C99_009804
15647	M18.6	V3C99_009805
15648	mak-2	V3C99_009806
15649	NNNNNN	V3C99_009807
15650	ced-10	V3C99_009808
15651	rac-2	V3C99_009808
15653	tsg-101	V3C99_009809
15654	unc-33	V3C99_009810
15656	dhp-2	V3C99_009811
15659	rrp-1	V3C99_009813
15660	NNNNNN	V3C99_009814
15661	NNNNNN	V3C99_009815
15664	NNNNNN	V3C99_009818
15665	gfat-1	V3C99_009819
15666	gfat-2	V3C99_009819
15670	ltah-1.2	V3C99_009824
15671	ltah-1.1	V3C99_009825
15672	C42C1.13	V3C99_009826
15675	hpo-12	V3C99_009828
15676	F47B8.10	V3C99_009829
15677	C42C1.19	V3C99_009829
15678	erl-1	V3C99_009830
15679	tbc-9	V3C99_009833
15680	NNNNNN	V3C99_009834
15681	NNNNNN	V3C99_009835
15682	kvs-5	V3C99_009836
15683	ivd-1	V3C99_009837
15690	NNNNNN	V3C99_009845
15691	T13F2.2	V3C99_009847
15692	pis-1	V3C99_009848
15693	pis-1	V3C99_009849
15697	NNNNNN	V3C99_009850
15702	NNNNNN	V3C99_009851
15704	NNNNNN	V3C99_009852
15707	tni-4	V3C99_009854
15708	ceh-36	V3C99_009855
15710	NNNNNN	V3C99_009858
15712	NNNNNN	V3C99_009859
15714	NNNNNN	V3C99_009860
15721	NNNNNN	V3C99_009865
15723	NNNNNN	V3C99_009867
15724	R05G6.9	V3C99_009868
15727	NNNNNN	V3C99_009871
15728	NNNNNN	V3C99_009872
15729	maph-9	V3C99_009873
15731	col-119	V3C99_009875
15732	NNNNNN	V3C99_009875
15734	NNNNNN	V3C99_009884
15735	dnc-1	V3C99_009885
15745	NNNNNN	V3C99_009899
15746	NNNNNN	V3C99_009900
15747	spat-1	V3C99_009902
15748	C04H5.1	V3C99_009903
15749	elo-2	V3C99_009904
15752	NNNNNN	V3C99_009907
15753	NNNNNN	V3C99_009908
15755	NNNNNN	V3C99_009909
15757	NNNNNN	V3C99_009910
15759	mca-2	V3C99_009911
15760	glt-3	V3C99_009912
15761	NNNNNN	V3C99_009914
15762	ipla-6	V3C99_009915
15763	atgp-1	V3C99_009916
15774	nish-1	V3C99_009934
15775	F13E9.11	V3C99_009935
15777	apa-2	V3C99_009940
15780	NNNNNN	V3C99_009942
15782	hmit-1.3	V3C99_009945
15783	NNNNNN	V3C99_009946
15784	NNNNNN	V3C99_009947
15877	NNNNNN	V3C99_009959
15910	NNNNNN	V3C99_009960
15943	NNNNNN	V3C99_009961
15979	NNNNNN	V3C99_009964
16014	NNNNNN	V3C99_009967
16047	NNNNNN	V3C99_009969
16080	NNNNNN	V3C99_009970
16087	ndua-12	V3C99_009973
16088	ubxn-2	V3C99_009974
16089	nhx-3	V3C99_009975
16090	nhx-9	V3C99_009975
16091	NNNNNN	V3C99_009976
16092	NNNNNN	V3C99_009977
16094	NNNNNN	V3C99_009979
16096	NNNNNN	V3C99_009982
16097	lron-2	V3C99_009984
16098	NNNNNN	V3C99_009986
16099	Y94H6A.7	V3C99_009987
16100	Y94H6A.12	V3C99_009988
16101	NNNNNN	V3C99_009989
16102	NNNNNN	V3C99_009990
16104	dyf-18	V3C99_009991
16106	faah-2	V3C99_009992
16109	faah-2	V3C99_009994
16111	pmk-1	V3C99_009995
16112	pmk-2	V3C99_009996
16113	NNNNNN	V3C99_009997
16114	NNNNNN	V3C99_009998
16115	isp-1	V3C99_009999
16116	sph-1	V3C99_010001
16117	moc-3	V3C99_010003
16118	ndub-11	V3C99_010004
16119	ceph-41	V3C99_010005
16120	pmp-4	V3C99_010006
16121	NNNNNN	V3C99_010008
16187	NNNNNN	V3C99_010024
16196	NNNNNN	V3C99_010030
16197	NNNNNN	V3C99_010030
16198	NNNNNN	V3C99_010031
16199	NNNNNN	V3C99_010031
16200	NNNNNN	V3C99_010034
16203	ced-5	V3C99_010045
16204	NNNNNN	V3C99_010046
16205	NNNNNN	V3C99_010047
16206	egl-21	V3C99_010048
16208	bgnt-1.1	V3C99_010049
16215	Y37E11AM.3	V3C99_010050
16216	NNNNNN	V3C99_010051
16217	NNNNNN	V3C99_010052
16218	NNNNNN	V3C99_010053
16220	Y43C5A.2	V3C99_010056
16221	C49C8.5	V3C99_010056
16222	nac-3	V3C99_010057
16223	NNNNNN	V3C99_010058
16224	NNNNNN	V3C99_010060
16251	NNNNNN	V3C99_010070
16252	mttu-1	V3C99_010071
16253	B0035.15	V3C99_010072
16254	T18D3.9	V3C99_010073
16256	NNNNNN	V3C99_010075
16257	sul-3	V3C99_010076
16258	NNNNNN	V3C99_010077
16259	C10C5.3	V3C99_010078
16260	C10C5.4	V3C99_010078
16261	C10C5.5	V3C99_010078
16262	C06A6.4	V3C99_010078
16263	Y55D9A.2	V3C99_010079
16264	C46C2.2	V3C99_010080
16265	praf-3	V3C99_010082
16275	nap-1	V3C99_010086
16277	NNNNNN	V3C99_010089
16282	K11H12.8	V3C99_010092
16283	K11H12.1	V3C99_010093
16284	rpl-15	V3C99_010094
16285	NNNNNN	V3C99_010095
16296	NNNNNN	V3C99_010101
16297	NNNNNN	V3C99_010125
16298	NNNNNN	V3C99_010126
16332	NNNNNN	V3C99_010137
16335	NNNNNN	V3C99_010139
16339	NNNNNN	V3C99_010140
16342	C50F7.6	V3C99_010141
16345	usp-4	V3C99_010148
16347	rpl-22	V3C99_010156
16349	pyp-1	V3C99_010158
16350	F11E6.8	V3C99_010161
16351	NNNNNN	V3C99_010162
16352	mel-46	V3C99_010163
16353	map-2	V3C99_010164
16354	NNNNNN	V3C99_010165
16360	NNNNNN	V3C99_010179
16362	set-23	V3C99_010180
16363	ced-2	V3C99_010181
16364	npp-8	V3C99_010182
16365	NNNNNN	V3C99_010183
16367	mppa-1	V3C99_010184
16368	sfa-1	V3C99_010185
16369	cyn-13	V3C99_010186
16370	uaf-2	V3C99_010187
16371	Y116A8C.30	V3C99_010189
16372	NNNNNN	V3C99_010192
16373	Y116A8C.27	V3C99_010193
16374	NNNNNN	V3C99_010195
16375	gkow-1	V3C99_010196
16376	pinn-4	V3C99_010197
16377	pgp-1	V3C99_010198
16379	hst-3.2	V3C99_010200
16380	NNNNNN	V3C99_010201
16381	NNNNNN	V3C99_010201
16386	NNNNNN	V3C99_010204
16401	NNNNNN	V3C99_010208
16403	NNNNNN	V3C99_010208
16405	C03A3.3	V3C99_010216
16442	C11D2.7	V3C99_010238
16443	C11D2.4	V3C99_010239
16444	NNNNNN	V3C99_010240
16448	NNNNNN	V3C99_010246
16449	klp-12	V3C99_010247
16450	NNNNNN	V3C99_010248
16451	lron-14	V3C99_010253
16452	lem-4	V3C99_010257
16453	tag-51	V3C99_010258
16454	F13E6.1	V3C99_010259
16455	NNNNNN	V3C99_010260
16456	NNNNNN	V3C99_010261
16457	uso-1	V3C99_010262
16458	nstp-4	V3C99_010263
16459	fezf-1	V3C99_010264
16460	rpl-29	V3C99_010266
16461	thoc-7	V3C99_010267
16462	NNNNNN	V3C99_010269
16464	NNNNNN	V3C99_010271
16465	mppb-1	V3C99_010272
16466	NNNNNN	V3C99_010273
16467	nas-6	V3C99_010275
16469	NNNNNN	V3C99_010276
16470	ogdh-1	V3C99_010277
16471	ogdh-1	V3C99_010278
16483	NNNNNN	V3C99_010279
16491	NNNNNN	V3C99_010281
16492	NNNNNN	V3C99_010282
16493	sulp-4	V3C99_010285
16494	sulp-5	V3C99_010285
16497	NNNNNN	V3C99_010287
16498	NNNNNN	V3C99_010289
16499	copb-2	V3C99_010290
16500	osgn-1	V3C99_010293
16501	clp-7	V3C99_010295
16504	NNNNNN	V3C99_010298
16505	mbk-2	V3C99_010299
16507	NNNNNN	V3C99_010305
16510	NNNNNN	V3C99_010305
16511	NNNNNN	V3C99_010305
16512	NNNNNN	V3C99_010305
16513	NNNNNN	V3C99_010305
16514	NNNNNN	V3C99_010305
16515	NNNNNN	V3C99_010305
16516	NNNNNN	V3C99_010305
16517	NNNNNN	V3C99_010305
16518	NNNNNN	V3C99_010305
16519	NNNNNN	V3C99_010305
16522	NNNNNN	V3C99_010306
16525	NNNNNN	V3C99_010306
16526	NNNNNN	V3C99_010306
16527	NNNNNN	V3C99_010306
16528	NNNNNN	V3C99_010306
16529	NNNNNN	V3C99_010306
16530	NNNNNN	V3C99_010306
16531	NNNNNN	V3C99_010306
16532	NNNNNN	V3C99_010306
16533	NNNNNN	V3C99_010306
16534	NNNNNN	V3C99_010306
16537	NNNNNN	V3C99_010308
16540	NNNNNN	V3C99_010308
16541	NNNNNN	V3C99_010308
16542	NNNNNN	V3C99_010308
16543	NNNNNN	V3C99_010308
16544	NNNNNN	V3C99_010308
16545	NNNNNN	V3C99_010308
16546	NNNNNN	V3C99_010308
16547	NNNNNN	V3C99_010308
16548	NNNNNN	V3C99_010308
16549	NNNNNN	V3C99_010308
16552	NNNNNN	V3C99_010310
16555	NNNNNN	V3C99_010310
16556	NNNNNN	V3C99_010310
16557	NNNNNN	V3C99_010310
16558	NNNNNN	V3C99_010310
16559	NNNNNN	V3C99_010310
16560	NNNNNN	V3C99_010310
16561	NNNNNN	V3C99_010310
16562	NNNNNN	V3C99_010310
16563	NNNNNN	V3C99_010310
16564	NNNNNN	V3C99_010310
16567	NNNNNN	V3C99_010311
16570	NNNNNN	V3C99_010311
16571	NNNNNN	V3C99_010311
16572	NNNNNN	V3C99_010311
16573	NNNNNN	V3C99_010311
16574	NNNNNN	V3C99_010311
16575	NNNNNN	V3C99_010311
16576	NNNNNN	V3C99_010311
16577	NNNNNN	V3C99_010311
16578	NNNNNN	V3C99_010311
16579	NNNNNN	V3C99_010311
16582	M02B1.3	V3C99_010316
16583	test-1	V3C99_010317
16584	NNNNNN	V3C99_010318
16586	C49H3.3	V3C99_010321
16587	xpo-3	V3C99_010322
16589	NNNNNN	V3C99_010323
16590	C49H3.4	V3C99_010324
16591	ntl-4	V3C99_010325
16592	npp-27	V3C99_010326
16593	C49H3.6	V3C99_010328
16594	rab-28	V3C99_010330
16595	fkh-7	V3C99_010331
16596	NNNNNN	V3C99_010332
16597	NNNNNN	V3C99_010333
16598	bec-1	V3C99_010334
16599	skn-1	V3C99_010335
16600	sknr-1	V3C99_010335
16601	xpo-2	V3C99_010336
16603	fcd-2	V3C99_010342
16606	NNNNNN	V3C99_010345
16607	NNNNNN	V3C99_010346
16609	Y73B6BL.31	V3C99_010347
16611	Y73B6BL.31	V3C99_010348
16612	Y69A2AR.31	V3C99_010349
16615	pcn-1	V3C99_010351
16619	Y94H6A.5	V3C99_010353
16620	NNNNNN	V3C99_010354
16621	NNNNNN	V3C99_010355
16623	hsp-3	V3C99_010357
16624	hsp-4	V3C99_010357
16628	tre-2	V3C99_010358
16629	NNNNNN	V3C99_010360
16630	R166.3	V3C99_010361
16631	NNNNNN	V3C99_010362
16632	NNNNNN	V3C99_010363
16633	fat-3	V3C99_010365
16634	pas-6	V3C99_010366
16635	F13B12.6	V3C99_010367
16636	rfk-1	V3C99_010368
16637	R10H10.7	V3C99_010368
16638	nfyb-1	V3C99_010369
16640	gln-3	V3C99_010370
16641	adk-1	V3C99_010370
16642	hlh-17	V3C99_010371
16643	hlh-31	V3C99_010371
16644	hlh-32	V3C99_010371
16646	NNNNNN	V3C99_010374
16647	dph-3	V3C99_010375
16648	dcaf-1	V3C99_010376
16649	best-9	V3C99_010377
16650	NNNNNN	V3C99_010378
16651	NNNNNN	V3C99_010379
16652	rabs-5	V3C99_010380
16653	dcaf-1	V3C99_010381
16654	dph-3	V3C99_010384
16655	NNNNNN	V3C99_010385
16658	NNNNNN	V3C99_010400
16659	lelo-2	V3C99_010401
16660	mys-1	V3C99_010406
16661	plp-1	V3C99_010409
16665	dgn-1	V3C99_010416
16668	NNNNNN	V3C99_010417
16669	daf-18	V3C99_010420
16670	garr-1	V3C99_010421
16671	NNNNNN	V3C99_010422
16672	rpl-11.1	V3C99_010423
16673	rpl-11.2	V3C99_010423
16674	rap-1	V3C99_010424
16675	F09E5.8	V3C99_010426
16676	exos-4.2	V3C99_010427
16679	dhs-30	V3C99_010432
16681	T25G12.13	V3C99_010432
16684	mrpl-1	V3C99_010436
16685	F33D4.4	V3C99_010437
16686	NNNNNN	V3C99_010441
16687	cap-1	V3C99_010442
16690	cyn-4	V3C99_010446
16691	NNNNNN	V3C99_010447
16692	NNNNNN	V3C99_010451
16693	NNNNNN	V3C99_010454
16696	NNNNNN	V3C99_010456
16699	NNNNNN	V3C99_010459
16700	NNNNNN	V3C99_010460
16702	NNNNNN	V3C99_010462
16704	NNNNNN	V3C99_010465
16705	NNNNNN	V3C99_010466
16707	tbc-14	V3C99_010468
16708	mes-2	V3C99_010469
16709	shc-2	V3C99_010470
16732	vig-1	V3C99_010479
16733	K05F1.6	V3C99_010480
16738	NNNNNN	V3C99_010481
16748	acly-2	V3C99_010482
16749	acly-1	V3C99_010482
16750	cchl-1	V3C99_010484
16751	cox-15	V3C99_010485
16752	moe-3	V3C99_010486
16754	oma-2	V3C99_010486
16758	gst-5	V3C99_010488
16759	gst-6	V3C99_010488
16760	gst-7	V3C99_010488
16761	gst-8	V3C99_010488
16762	gst-9	V3C99_010488
16778	gst-30	V3C99_010488
16784	gst-38	V3C99_010488
16786	kin-4	V3C99_010489
16787	vha-6	V3C99_010490
16789	cnep-1	V3C99_010493
16790	vha-6	V3C99_010494
16791	T04A8.7	V3C99_010495
16792	NNNNNN	V3C99_010500
16823	NNNNNN	V3C99_010504
16824	aakb-1	V3C99_010505
16826	NNNNNN	V3C99_010507
16827	hst-3.1	V3C99_010508
16828	Y17G7B.17	V3C99_010512
16829	pro-2	V3C99_010513
16831	stip-1	V3C99_010515
16832	flcn-1	V3C99_010517
16840	dnj-20	V3C99_010519
16841	ZK1307.8	V3C99_010520
16843	NNNNNN	V3C99_010522
16844	NNNNNN	V3C99_010523
16857	C23H4.6	V3C99_010532
16858	smc-6	V3C99_010532
16859	ints-7	V3C99_010534
16860	vab-23	V3C99_010536
16861	ZK930.2	V3C99_010537
16891	npr-41	V3C99_010539
16892	ras-1	V3C99_010541
16893	NNNNNN	V3C99_010542
16894	msh-5	V3C99_010543
16895	parn-2	V3C99_010544
16896	tric-1B.1	V3C99_010545
16897	tric-1B.2	V3C99_010546
16898	sgn-1	V3C99_010551
16916	F54C9.11	V3C99_010554
16917	F28C6.8	V3C99_010555
16918	spe-39	V3C99_010556
17081	mab-10	V3C99_010558
17093	ptc-3	V3C99_010569
17094	smg-8	V3C99_010570
17095	gpd-1	V3C99_010571
17096	gpd-2	V3C99_010571
17097	gpd-3	V3C99_010571
17098	gpd-4	V3C99_010571
17099	NNNNNN	V3C99_010572
17102	spin-2	V3C99_010574
17103	dab-1	V3C99_010575
17104	NNNNNN	V3C99_010576
17105	NNNNNN	V3C99_010577
17106	F27D9.2	V3C99_010578
17302	F27D9.2	V3C99_010582
17303	F27D9.2	V3C99_010583
17304	F27D9.2	V3C99_010584
17341	NNNNNN	V3C99_010590
17343	hsd-2	V3C99_010602
17344	hsd-3	V3C99_010602
17345	plpp-1.1	V3C99_010606
17347	T07D4.2	V3C99_010617
17348	pgam-5	V3C99_010618
17350	npp-21	V3C99_010619
17351	NNNNNN	V3C99_010620
17354	NNNNNN	V3C99_010621
17357	C55A6.3	V3C99_010623
17358	C55A6.4	V3C99_010623
17359	sdz-8	V3C99_010623
17360	C55A6.6	V3C99_010623
17361	C55A6.7	V3C99_010623
17362	F20G2.1	V3C99_010623
17367	NNNNNN	V3C99_010624
17368	ZK177.8	V3C99_010627
17369	ZK177.8	V3C99_010628
17370	ZK177.8	V3C99_010629
17371	alx-1	V3C99_010630
17373	NNNNNN	V3C99_010632
17375	NNNNNN	V3C99_010635
17379	NNNNNN	V3C99_010638
17380	F54A3.2	V3C99_010638
17381	cct-3	V3C99_010639
17383	F54A3.5	V3C99_010641
17384	Y59C2A.1	V3C99_010642
17385	ndub-3	V3C99_010643
17386	sftd-3	V3C99_010644
17387	NNNNNN	V3C99_010645
17388	NNNNNN	V3C99_010646
17391	pah-1	V3C99_010648
17393	rhgf-2	V3C99_010649
17394	cdc-48.1	V3C99_010650
17395	cdc-48.2	V3C99_010650
17396	mnk-1	V3C99_010651
17397	NNNNNN	V3C99_010652
17398	NNNNNN	V3C99_010653
17399	NNNNNN	V3C99_010654
17406	pmp-5	V3C99_010658
17407	NNNNNN	V3C99_010659
17408	NNNNNN	V3C99_010660
17409	fzy-1	V3C99_010661
17410	VM106R.1	V3C99_010662
17411	mix-1	V3C99_010663
17412	mpz-1	V3C99_010664
17416	NNNNNN	V3C99_010666
17417	pkc-3	V3C99_010667
17419	xrn-1	V3C99_010670
17420	lin-31	V3C99_010673
17421	NNNNNN	V3C99_010674
17422	mtr-4	V3C99_010675
17423	NNNNNN	V3C99_010676
17425	NNNNNN	V3C99_010679
17426	NNNNNN	V3C99_010680
17427	NNNNNN	V3C99_010681
17434	pri-1	V3C99_010682
17435	T24C4.5	V3C99_010682
17436	F46C5.6	V3C99_010683
17437	agxt-1	V3C99_010684
17438	W02B12.1	V3C99_010685
17441	rpoa-1	V3C99_010686
17443	NNNNNN	V3C99_010689
17444	NNNNNN	V3C99_010691
17445	clr-1	V3C99_010692
17446	fut-1	V3C99_010696
17447	sro-1	V3C99_010699
17448	NNNNNN	V3C99_010700
17471	F13H8.11	V3C99_010711
17473	NNNNNN	V3C99_010713
17474	NNNNNN	V3C99_010714
17475	F35C11.4	V3C99_010716
17476	NNNNNN	V3C99_010716
17477	sir-2.2	V3C99_010717
17478	sir-2.3	V3C99_010717
17479	NNNNNN	V3C99_010718
17480	NNNNNN	V3C99_010719
17481	NNNNNN	V3C99_010720
17482	rpt-4	V3C99_010721
17483	epi-1	V3C99_010722
17487	F32D1.3	V3C99_010724
17489	NNNNNN	V3C99_010726
17490	F32D1.3	V3C99_010728
17494	NNNNNN	V3C99_010732
17496	ran-5	V3C99_010735
17497	gldc-1	V3C99_010736
17498	efhd-1	V3C99_010737
17499	NNNNNN	V3C99_010738
17504	mel-11	V3C99_010742
17505	mel-11	V3C99_010744
17508	NNNNNN	V3C99_010746
17509	NNNNNN	V3C99_010747
17510	dsh-1	V3C99_010748
17511	NNNNNN	V3C99_010749
17514	nmgp-1	V3C99_010751
17515	NNNNNN	V3C99_010752
17516	phb-2	V3C99_010753
17517	Y48C3A.20	V3C99_010754
17518	Y48C3A.14	V3C99_010755
17519	lin-42	V3C99_010756
17520	F53A10.2	V3C99_010757
17521	spds-1	V3C99_010760
17522	Y46G5A.18	V3C99_010762
17523	cpt-1	V3C99_010763
17524	alkb-7	V3C99_010764
17527	K11C4.1	V3C99_010765
17529	NNNNNN	V3C99_010767
17530	NNNNNN	V3C99_010779
17536	NNNNNN	V3C99_010781
17538	NNNNNN	V3C99_010782
17539	evl-20	V3C99_010784
17540	eif-3.G	V3C99_010785
17545	elof-1	V3C99_010788
17546	Y54G11A.17	V3C99_010789
17547	lin-7	V3C99_010790
17548	Y54G11A.9	V3C99_010791
17549	ddl-3	V3C99_010792
17550	NNNNNN	V3C99_010793
17553	rpl-36.A	V3C99_010796
17554	hcp-6	V3C99_010797
17556	ipla-1	V3C99_010808
17557	coa-3	V3C99_010809
17558	msra-1	V3C99_010810
17559	insc-1	V3C99_010811
17560	NNNNNN	V3C99_010812
17565	ndub-8	V3C99_010815
17566	ing-3	V3C99_010816
17567	hda-10	V3C99_010817
17568	NNNNNN	V3C99_010819
17569	NNNNNN	V3C99_010819
17570	cog-1	V3C99_010821
17572	hda-5	V3C99_010823
17574	patr-1	V3C99_010824
17575	NNNNNN	V3C99_010825
17576	eif-3.B	V3C99_010826
17577	NNNNNN	V3C99_010827
17578	NNNNNN	V3C99_010828
17602	NNNNNN	V3C99_010830
17603	klp-3	V3C99_010831
17604	arrd-6	V3C99_010832
17605	NNNNNN	V3C99_010833
17606	NNNNNN	V3C99_010834
17608	NNNNNN	V3C99_010837
17611	NNNNNN	V3C99_010838
17613	rpl-32	V3C99_010841
17614	tag-151	V3C99_010847
17615	Y53F4B.21	V3C99_010848
17616	NNNNNN	V3C99_010849
17618	NNNNNN	V3C99_010850
17619	NNNNNN	V3C99_010851
17620	jmjd-2	V3C99_010852
17621	men-1	V3C99_010853
17623	Y48B6A.13	V3C99_010855
17624	pinn-1	V3C99_010856
17625	NNNNNN	V3C99_010857
17626	NNNNNN	V3C99_010858
17627	mks-2	V3C99_010859
17628	NNNNNN	V3C99_010860
17629	trpp-5	V3C99_010861
17630	polg-1	V3C99_010862
17631	dnj-9	V3C99_010865
17632	F11G11.5	V3C99_010866
17635	npr-31	V3C99_010869
17636	NNNNNN	V3C99_010871
17642	fust-1	V3C99_010874
17644	tdc-1	V3C99_010875
17645	NNNNNN	V3C99_010878
17646	NNNNNN	V3C99_010879
17647	NNNNNN	V3C99_010880
17649	NNNNNN	V3C99_010882
17650	NNNNNN	V3C99_010882
17651	dep-1	V3C99_010883
17652	pink-1	V3C99_010885
17653	brap-2	V3C99_010886
17654	NNNNNN	V3C99_010887
17655	aka-1	V3C99_010891
17656	ubc-6	V3C99_010892
17657	lin-61	V3C99_010893
17659	NNNNNN	V3C99_010894
17660	Y48C3A.18	V3C99_010896
17662	piga-1	V3C99_010897
17663	atg-10	V3C99_010898
17664	vab-9	V3C99_010899
17665	NNNNNN	V3C99_010900
17667	NNNNNN	V3C99_010901
17669	NNNNNN	V3C99_010902
17671	NNNNNN	V3C99_010903
17677	NNNNNN	V3C99_010904
17680	eif-2Bepsilon	V3C99_010909
17681	etc-1	V3C99_010910
17682	gldi-7	V3C99_010911
17684	srgp-1	V3C99_010913
17685	C30B5.2	V3C99_010914
17686	NNNNNN	V3C99_010916
17698	hlh-6	V3C99_010917
17699	B0334.4	V3C99_010919
17700	metr-1	V3C99_010919
17701	B0334.5	V3C99_010921
17703	NNNNNN	V3C99_010922
17704	spv-1	V3C99_010924
17705	zipt-2.3	V3C99_010925
17706	NNNNNN	V3C99_010926
18090	NNNNNN	V3C99_010939
18091	algn-3	V3C99_010940
18092	cacn-1	V3C99_010941
18093	NNNNNN	V3C99_010942
18094	alh-7	V3C99_010943
18095	NNNNNN	V3C99_010944
18096	NNNNNN	V3C99_010946
18097	NNNNNN	V3C99_010947
18099	best-23	V3C99_010948
18100	smc-3	V3C99_010949
18101	vps-15	V3C99_010950
18102	NNNNNN	V3C99_010951
18104	pbs-6	V3C99_010954
18105	laf-1	V3C99_010955
18107	C54C6.6	V3C99_010957
18108	otub-3	V3C99_010958
18109	vhp-1	V3C99_010959
18110	mig-5	V3C99_010960
18111	cct-1	V3C99_010961
18112	NNNNNN	V3C99_010962
18113	eif-3.L	V3C99_010963
18114	clec-87	V3C99_010966
18116	clec-91	V3C99_010966
18117	NNNNNN	V3C99_010966
18118	clec-88	V3C99_010966
18120	NNNNNN	V3C99_010969
18121	suca-1	V3C99_010971
18122	NNNNNN	V3C99_010975
18123	R53.4	V3C99_010976
18124	dtmk-1	V3C99_010977
18125	egl-43	V3C99_010978
18126	NNNNNN	V3C99_010979
18127	B0432.8	V3C99_010980
18128	trul-1	V3C99_010981
18129	R06F6.8	V3C99_010982
18132	NNNNNN	V3C99_010983
18133	NNNNNN	V3C99_010983
18134	NNNNNN	V3C99_010985
18135	acr-14	V3C99_010986
18136	NNNNNN	V3C99_010987
18138	NNNNNN	V3C99_010989
18140	srpa-72	V3C99_010991
18174	cey-1	V3C99_010995
18175	nmy-2	V3C99_010996
18176	NNNNNN	V3C99_010998
18177	gpcp-2	V3C99_011000
18178	NNNNNN	V3C99_011005
18179	mfsd-10	V3C99_011006
18180	NNNNNN	V3C99_011007
18182	ifb-1	V3C99_011011
18183	dhcr-24	V3C99_011012
18188	decr-1.1	V3C99_011015
18191	suf-1	V3C99_011017
18192	rpl-26	V3C99_011019
18193	cpf-1	V3C99_011020
18194	NNNNNN	V3C99_011021
18195	pigg-1	V3C99_011022
18196	prp-9	V3C99_011023
18198	F22B5.10	V3C99_011025
18199	fars-3	V3C99_011026
18201	hacl-1	V3C99_011030
18203	NNNNNN	V3C99_011033
18204	W10D9.3	V3C99_011034
18205	pole-4	V3C99_011035
18206	oct-2	V3C99_011036
18207	pch-2	V3C99_011037
18208	ctns-1	V3C99_011038
18209	F10B5.2	V3C99_011039
18210	tub-1	V3C99_011040
18212	tmem-138	V3C99_011041
18213	gsy-1	V3C99_011042
18214	C33F10.14	V3C99_011043
18215	tub-1	V3C99_011045
18217	tmem-138	V3C99_011046
18218	C33F10.14	V3C99_011047
18219	C33F10.14	V3C99_011048
18220	dgk-5	V3C99_011050
18222	NNNNNN	V3C99_011052
18223	K02F3.2	V3C99_011053
18228	hsp-16.41	V3C99_011055
18229	hsp-16.48	V3C99_011055
18230	hsp-16.49	V3C99_011055
18231	klp-7	V3C99_011056
18232	NNNNNN	V3C99_011057
18233	nphp-1	V3C99_011058
18234	NNNNNN	V3C99_011059
18235	tsp-17	V3C99_011061
18236	snu-13	V3C99_011062
18237	rsp-7	V3C99_011063
18238	mecr-1	V3C99_011064
18239	mecr-1	V3C99_011065
18241	ruvb-2	V3C99_011066
18243	spsb-1	V3C99_011069
18244	Y54G11A.2	V3C99_011071
18245	tomm-40	V3C99_011072
18246	NNNNNN	V3C99_011073
18248	smc-5	V3C99_011077
18249	NNNNNN	V3C99_011078
18250	NNNNNN	V3C99_011079
18251	cwn-1	V3C99_011080
18252	NNNNNN	V3C99_011081
18253	T24B8.7	V3C99_011082
18254	chmp-7	V3C99_011083
18255	C06A8.6	V3C99_011084
18256	cki-2	V3C99_011085
18257	NNNNNN	V3C99_011086
18258	NNNNNN	V3C99_011087
18259	NNNNNN	V3C99_011088
18263	NNNNNN	V3C99_011093
18286	B0252.3	V3C99_011097
18287	asm-1	V3C99_011098
18290	NNNNNN	V3C99_011102
18291	NNNNNN	V3C99_011103
18292	NNNNNN	V3C99_011104
18293	NNNNNN	V3C99_011105
18294	glt-1	V3C99_011106
18295	zfp-2	V3C99_011107
18296	zfp-2	V3C99_011109
18325	NNNNNN	V3C99_011116
18326	aly-1	V3C99_011118
18327	aly-2	V3C99_011118
18328	aly-3	V3C99_011118
18330	NNNNNN	V3C99_011119
18331	ptp-2	V3C99_011120
18332	NNNNNN	V3C99_011121
18333	NNNNNN	V3C99_011122
18335	E02H1.1	V3C99_011126
18336	snt-6	V3C99_011130
18337	NNNNNN	V3C99_011131
18338	mksr-1	V3C99_011135
18339	F58F12.1	V3C99_011137
18341	NNNNNN	V3C99_011139
18342	tab-1	V3C99_011141
18343	pfd-6	V3C99_011142
18344	NNNNNN	V3C99_011144
18345	K02C4.3	V3C99_011145
18346	Y17G7B.18	V3C99_011146
18347	NNNNNN	V3C99_011147
18348	shk-1	V3C99_011148
18349	aqp-10	V3C99_011149
18352	clh-2	V3C99_011154
18353	ndub-2	V3C99_011157
18354	F44G4.1	V3C99_011158
18356	ZK1127.5	V3C99_011160
18358	rab-6.2	V3C99_011161
18359	NNNNNN	V3C99_011162
18362	NNNNNN	V3C99_011168
18363	NNNNNN	V3C99_011169
18364	NNNNNN	V3C99_011170
18367	damt-1	V3C99_011171
18368	zipt-3	V3C99_011172
18369	C18A3.3	V3C99_011173
18370	mrps-18.C	V3C99_011174
18372	T14B4.1	V3C99_011175
18373	NNNNNN	V3C99_011176
18374	nfi-1	V3C99_011179
18375	cpn-2	V3C99_011180
18376	scc-2	V3C99_011182
18377	F19C7.2	V3C99_011183
18378	F19C7.4	V3C99_011183
18379	tex-2	V3C99_011184
18380	mks-5	V3C99_011185
18381	rpl-30	V3C99_011187
18383	C50D2.2	V3C99_011188
18384	etr-1	V3C99_011189
18386	col-77	V3C99_011190
18422	vps-2	V3C99_011201
18423	NNNNNN	V3C99_011205
18424	NNNNNN	V3C99_011206
18425	C07B5.4	V3C99_011207
18426	enol-1	V3C99_011208
18427	mrpl-50	V3C99_011209
18456	aly-1	V3C99_011211
18457	aly-2	V3C99_011211
18458	aly-3	V3C99_011211
18460	NNNNNN	V3C99_011212
18464	chd-3	V3C99_011215
18465	let-418	V3C99_011215
18468	H20J04.4	V3C99_011218
18470	pfd-2	V3C99_011219
18471	scly-1	V3C99_011220
18472	bpl-1	V3C99_011222
18473	F13H8.2	V3C99_011223
18476	NNNNNN	V3C99_011226
18477	pisy-1	V3C99_011227
18478	snrp-200	V3C99_011228
18479	NNNNNN	V3C99_011229
18481	NNNNNN	V3C99_011231
18482	NNNNNN	V3C99_011233
18483	NNNNNN	V3C99_011235
18485	T06D8.2	V3C99_011237
18486	malt-1	V3C99_011239
18487	NNNNNN	V3C99_011240
18488	ile-2	V3C99_011241
18489	alh-8	V3C99_011242
18490	mdt-31	V3C99_011243
18491	C27D8.1	V3C99_011244
18492	Y39G8C.2	V3C99_011244
18494	F53C3.1	V3C99_011244
18501	NNNNNN	V3C99_011251
18502	frh-1	V3C99_011252
18503	egl-44	V3C99_011255
18504	vrk-1	V3C99_011256
18505	vrk-1	V3C99_011257
18506	egl-44	V3C99_011258
18507	NNNNNN	V3C99_011261
18508	top-2	V3C99_011263
18513	ptr-20	V3C99_011265
18514	NNNNNN	V3C99_011266
18515	NNNNNN	V3C99_011268
18516	top-2	V3C99_011270
18519	Y48C3A.3	V3C99_011272
18520	dph-5	V3C99_011273
18521	mrpl-23	V3C99_011274
18522	pigm-1	V3C99_011275
18523	F18H3.1	V3C99_011276
18526	rfip-1	V3C99_011280
18527	Y57A10A.31	V3C99_011281
18528	F59G1.4	V3C99_011282
18529	F14E5.2	V3C99_011284
18531	NNNNNN	V3C99_011287
18532	NNNNNN	V3C99_011288
18533	NNNNNN	V3C99_011289
18535	arl-3	V3C99_011291
18536	NNNNNN	V3C99_011292
18538	pfs-2	V3C99_011295
18539	mrpl-20	V3C99_011296
18540	sam-10	V3C99_011297
18541	sam-10	V3C99_011298
18542	mac-1	V3C99_011299
18543	imb-2	V3C99_011300
18544	shw-1	V3C99_011301
18545	vha-20	V3C99_011302
18546	ran-3	V3C99_011303
18547	C26D10.3	V3C99_011304
18548	efl-3	V3C99_011307
18549	NNNNNN	V3C99_011308
18550	mth-2	V3C99_011309
18551	NNNNNN	V3C99_011310
18554	NNNNNN	V3C99_011313
18557	D1069.3	V3C99_011314
18558	NNNNNN	V3C99_011320
18575	NNNNNN	V3C99_011321
18583	abts-3	V3C99_011324
18584	raga-1	V3C99_011325
18585	saps-1	V3C99_011326
18586	T01B7.5	V3C99_011327
18588	NNNNNN	V3C99_011329
18590	gpx-1	V3C99_011331
18591	gpx-2	V3C99_011331
18593	NNNNNN	V3C99_011332
18594	NNNNNN	V3C99_011332
18595	aakg-2	V3C99_011335
18598	NNNNNN	V3C99_011338
18604	NNNNNN	V3C99_011339
18607	NNNNNN	V3C99_011339
18612	NNNNNN	V3C99_011339
18613	NNNNNN	V3C99_011339
18614	NNNNNN	V3C99_011339
18615	NNNNNN	V3C99_011339
18616	NNNNNN	V3C99_011339
18617	NNNNNN	V3C99_011339
18619	NNNNNN	V3C99_011339
18622	NNNNNN	V3C99_011339
18626	NNNNNN	V3C99_011339
18634	NNNNNN	V3C99_011341
18637	NNNNNN	V3C99_011341
18642	NNNNNN	V3C99_011341
18643	NNNNNN	V3C99_011341
18644	NNNNNN	V3C99_011341
18645	NNNNNN	V3C99_011341
18646	NNNNNN	V3C99_011341
18647	NNNNNN	V3C99_011341
18649	NNNNNN	V3C99_011341
18652	NNNNNN	V3C99_011341
18656	NNNNNN	V3C99_011341
18663	NNNNNN	V3C99_011345
18666	NNNNNN	V3C99_011345
18671	NNNNNN	V3C99_011345
18672	NNNNNN	V3C99_011345
18673	NNNNNN	V3C99_011345
18674	NNNNNN	V3C99_011345
18675	NNNNNN	V3C99_011345
18676	NNNNNN	V3C99_011345
18678	NNNNNN	V3C99_011345
18681	NNNNNN	V3C99_011345
18685	NNNNNN	V3C99_011345
18692	NNNNNN	V3C99_011346
18695	NNNNNN	V3C99_011346
18700	NNNNNN	V3C99_011346
18701	NNNNNN	V3C99_011346
18702	NNNNNN	V3C99_011346
18703	NNNNNN	V3C99_011346
18704	NNNNNN	V3C99_011346
18705	NNNNNN	V3C99_011346
18707	NNNNNN	V3C99_011346
18710	NNNNNN	V3C99_011346
18714	NNNNNN	V3C99_011346
18716	NNNNNN	V3C99_011347
18720	adal-1	V3C99_011350
18721	NNNNNN	V3C99_011352
18722	NNNNNN	V3C99_011353
18724	rsp-4	V3C99_011355
18725	ndx-6	V3C99_011356
18726	npl-4.1	V3C99_011357
18727	npl-4.2	V3C99_011357
18728	rog-1	V3C99_011358
18729	C25G4.2	V3C99_011359
18730	dnj-13	V3C99_011360
18731	F54D5.7	V3C99_011361
18732	syd-1	V3C99_011362
18736	gst-5	V3C99_011365
18737	gst-6	V3C99_011365
18738	gst-7	V3C99_011365
18739	gst-8	V3C99_011365
18740	gst-9	V3C99_011365
18756	gst-30	V3C99_011365
18762	gst-38	V3C99_011365
18767	gst-5	V3C99_011366
18768	gst-6	V3C99_011366
18769	gst-7	V3C99_011366
18770	gst-8	V3C99_011366
18771	gst-9	V3C99_011366
18787	gst-30	V3C99_011366
18793	gst-38	V3C99_011366
18795	NNNNNN	V3C99_011367
18799	gst-5	V3C99_011368
18800	gst-6	V3C99_011368
18801	gst-7	V3C99_011368
18802	gst-8	V3C99_011368
18803	gst-9	V3C99_011368
18819	gst-30	V3C99_011368
18825	gst-38	V3C99_011368
18830	gst-5	V3C99_011369
18831	gst-6	V3C99_011369
18832	gst-7	V3C99_011369
18833	gst-8	V3C99_011369
18834	gst-9	V3C99_011369
18850	gst-30	V3C99_011369
18856	gst-38	V3C99_011369
18861	gst-5	V3C99_011370
18862	gst-6	V3C99_011370
18863	gst-7	V3C99_011370
18864	gst-8	V3C99_011370
18865	gst-9	V3C99_011370
18880	gst-30	V3C99_011370
18886	gst-38	V3C99_011370
18919	gst-5	V3C99_011372
18920	gst-6	V3C99_011372
18921	gst-7	V3C99_011372
18922	gst-8	V3C99_011372
18923	gst-9	V3C99_011372
18939	gst-30	V3C99_011372
18945	gst-38	V3C99_011372
18947	btbd-10	V3C99_011373
18948	sft-1	V3C99_011375
18949	NNNNNN	V3C99_011376
18950	NNNNNN	V3C99_011377
18952	paic-1	V3C99_011381
18953	NNNNNN	V3C99_011388
18970	NNNNNN	V3C99_011389
18989	NNNNNN	V3C99_011390
18992	NNNNNN	V3C99_011391
18993	NNNNNN	V3C99_011392
18995	hmgr-1	V3C99_011395
18998	NNNNNN	V3C99_011398
18999	mak-1	V3C99_011399
19000	NNNNNN	V3C99_011400
19002	rer-1	V3C99_011402
19003	F46C5.9	V3C99_011403
19005	sul-2	V3C99_011419
19006	glr-4	V3C99_011423
19007	NNNNNN	V3C99_011424
19008	NNNNNN	V3C99_011424
19009	R53.5	V3C99_011430
19010	T02G5.7	V3C99_011431
19011	kat-1	V3C99_011432
19012	cnt-1	V3C99_011433
19013	ippk-1	V3C99_011434
19014	nadk-2	V3C99_011436
19019	phdh-1	V3C99_011439
19020	che-10	V3C99_011440
19022	C05D12.1	V3C99_011441
19025	T19D12.6	V3C99_011451
19026	hum-6	V3C99_011454
19028	NNNNNN	V3C99_011457
19029	NNNNNN	V3C99_011461
19030	NNNNNN	V3C99_011462
19033	ador-1	V3C99_011463
19034	myo-1	V3C99_011464
19035	unc-54	V3C99_011464
19037	emc-1	V3C99_011465
19038	tag-65	V3C99_011466
19040	unc-130	V3C99_011470
19045	unc-130	V3C99_011476
19046	NNNNNN	V3C99_011477
19052	inf-1	V3C99_011480
19053	cyn-11	V3C99_011481
19055	rab-21	V3C99_011483
19057	C47G2.4	V3C99_011484
19058	atp-4	V3C99_011486
19059	C47G2.3	V3C99_011487
19062	shn-1	V3C99_011492
19064	NNNNNN	V3C99_011495
19073	nep-11	V3C99_011498
19076	ephx-1	V3C99_011509
19077	NNNNNN	V3C99_011511
19078	NNNNNN	V3C99_011511
19080	NNNNNN	V3C99_011513
19085	ect-2	V3C99_011527
19114	C15F1.1	V3C99_011529
19115	unc-104	V3C99_011530
19116	Y49F6B.2	V3C99_011530
19117	gldi-1	V3C99_011533
19118	asg-1	V3C99_011535
19119	asg-2	V3C99_011535
19120	Y53C12A.3	V3C99_011536
19121	atad-3	V3C99_011537
19122	dyrb-1	V3C99_011538
19151	asg-1	V3C99_011542
19152	asg-2	V3C99_011542
19153	gldi-1	V3C99_011543
19154	Y48G8AL.13	V3C99_011543
19155	NNNNNN	V3C99_011544
19156	NNNNNN	V3C99_011545
19160	NNNNNN	V3C99_011547
19164	NNNNNN	V3C99_011548
19168	lig-1	V3C99_011549
19172	chhy-1	V3C99_011552
19173	chhy-1	V3C99_011553
19174	R151.10	V3C99_011555
19176	R151.10	V3C99_011557
19179	pir-1	V3C99_011560
19180	NNNNNN	V3C99_011561
19181	NNNNNN	V3C99_011561
19185	ptc-1	V3C99_011564
19187	his-1	V3C99_011565
19188	his-5	V3C99_011565
19189	his-10	V3C99_011565
19190	his-14	V3C99_011565
19191	his-18	V3C99_011565
19192	his-26	V3C99_011565
19193	his-28	V3C99_011565
19194	his-31	V3C99_011565
19195	his-37	V3C99_011565
19196	his-38	V3C99_011565
19197	his-46	V3C99_011565
19198	his-50	V3C99_011565
19199	his-56	V3C99_011565
19200	his-60	V3C99_011565
19201	his-64	V3C99_011565
19202	his-67	V3C99_011565
19203	his-2	V3C99_011566
19204	his-6	V3C99_011566
19205	his-9	V3C99_011566
19206	his-13	V3C99_011566
19207	his-17	V3C99_011566
19208	his-25	V3C99_011566
19209	his-27	V3C99_011566
19210	his-32	V3C99_011566
19211	his-40	V3C99_011566
19212	his-42	V3C99_011566
19213	his-45	V3C99_011566
19214	his-49	V3C99_011566
19215	his-55	V3C99_011566
19216	his-59	V3C99_011566
19217	his-63	V3C99_011566
19218	NNNNNN	V3C99_011566
19220	his-71	V3C99_011566
19221	his-72	V3C99_011566
19222	NNNNNN	V3C99_011566
19223	NNNNNN	V3C99_011566
19225	his-3	V3C99_011567
19226	his-7	V3C99_011567
19227	his-12	V3C99_011567
19228	his-16	V3C99_011567
19229	his-19	V3C99_011567
19230	his-21	V3C99_011567
19231	his-30	V3C99_011567
19232	his-33	V3C99_011567
19233	his-35	V3C99_011567
19234	his-43	V3C99_011567
19235	his-47	V3C99_011567
19236	his-51	V3C99_011567
19237	his-53	V3C99_011567
19238	his-57	V3C99_011567
19239	his-61	V3C99_011567
19240	his-65	V3C99_011567
19241	his-68	V3C99_011567
19243	his-2	V3C99_011568
19244	his-6	V3C99_011568
19245	his-9	V3C99_011568
19246	his-13	V3C99_011568
19247	his-17	V3C99_011568
19248	his-25	V3C99_011568
19249	his-27	V3C99_011568
19250	his-32	V3C99_011568
19251	his-40	V3C99_011568
19252	his-42	V3C99_011568
19253	his-45	V3C99_011568
19254	his-49	V3C99_011568
19255	his-55	V3C99_011568
19256	his-59	V3C99_011568
19257	his-63	V3C99_011568
19258	NNNNNN	V3C99_011568
19260	his-71	V3C99_011568
19261	his-72	V3C99_011568
19262	NNNNNN	V3C99_011568
19263	NNNNNN	V3C99_011568
19265	his-1	V3C99_011569
19266	his-5	V3C99_011569
19267	his-10	V3C99_011569
19268	his-14	V3C99_011569
19269	his-18	V3C99_011569
19270	his-26	V3C99_011569
19271	his-28	V3C99_011569
19272	his-31	V3C99_011569
19273	his-37	V3C99_011569
19274	his-38	V3C99_011569
19275	his-46	V3C99_011569
19276	his-50	V3C99_011569
19277	his-56	V3C99_011569
19278	his-60	V3C99_011569
19279	his-64	V3C99_011569
19280	his-67	V3C99_011569
19281	his-3	V3C99_011570
19282	his-7	V3C99_011570
19283	his-12	V3C99_011570
19284	his-16	V3C99_011570
19285	his-19	V3C99_011570
19286	his-21	V3C99_011570
19287	his-30	V3C99_011570
19288	his-33	V3C99_011570
19289	his-35	V3C99_011570
19290	his-43	V3C99_011570
19291	his-47	V3C99_011570
19292	his-51	V3C99_011570
19293	his-53	V3C99_011570
19294	his-57	V3C99_011570
19295	his-61	V3C99_011570
19296	his-65	V3C99_011570
19297	his-68	V3C99_011570
19299	his-2	V3C99_011571
19300	his-6	V3C99_011571
19301	his-9	V3C99_011571
19302	his-13	V3C99_011571
19303	his-17	V3C99_011571
19304	his-25	V3C99_011571
19305	his-27	V3C99_011571
19306	his-32	V3C99_011571
19307	his-40	V3C99_011571
19308	his-42	V3C99_011571
19309	his-45	V3C99_011571
19310	his-49	V3C99_011571
19311	his-55	V3C99_011571
19312	his-59	V3C99_011571
19313	his-63	V3C99_011571
19314	NNNNNN	V3C99_011571
19316	his-71	V3C99_011571
19317	his-72	V3C99_011571
19318	NNNNNN	V3C99_011571
19319	NNNNNN	V3C99_011571
19324	ptc-1	V3C99_011573
19327	NNNNNN	V3C99_011577
19328	NNNNNN	V3C99_011577
19329	pir-1	V3C99_011578
19332	R151.10	V3C99_011581
19333	his-4	V3C99_011582
19334	his-8	V3C99_011582
19335	his-11	V3C99_011582
19336	his-15	V3C99_011582
19337	his-20	V3C99_011582
19338	his-22	V3C99_011582
19339	his-29	V3C99_011582
19340	his-34	V3C99_011582
19341	his-39	V3C99_011582
19342	his-41	V3C99_011582
19343	his-44	V3C99_011582
19344	his-48	V3C99_011582
19345	his-52	V3C99_011582
19346	his-54	V3C99_011582
19347	his-58	V3C99_011582
19348	his-62	V3C99_011582
19349	his-66	V3C99_011582
19350	his-3	V3C99_011583
19351	his-7	V3C99_011583
19352	his-12	V3C99_011583
19353	his-16	V3C99_011583
19354	his-19	V3C99_011583
19355	his-21	V3C99_011583
19356	his-30	V3C99_011583
19357	his-33	V3C99_011583
19358	his-35	V3C99_011583
19359	his-43	V3C99_011583
19360	his-47	V3C99_011583
19361	his-51	V3C99_011583
19362	his-53	V3C99_011583
19363	his-57	V3C99_011583
19364	his-61	V3C99_011583
19365	his-65	V3C99_011583
19366	his-68	V3C99_011583
19368	his-1	V3C99_011584
19369	his-5	V3C99_011584
19370	his-10	V3C99_011584
19371	his-14	V3C99_011584
19372	his-18	V3C99_011584
19373	his-26	V3C99_011584
19374	his-28	V3C99_011584
19375	his-31	V3C99_011584
19376	his-37	V3C99_011584
19377	his-38	V3C99_011584
19378	his-46	V3C99_011584
19379	his-50	V3C99_011584
19380	his-56	V3C99_011584
19381	his-60	V3C99_011584
19382	his-64	V3C99_011584
19383	his-67	V3C99_011584
19384	his-2	V3C99_011585
19385	his-6	V3C99_011585
19386	his-9	V3C99_011585
19387	his-13	V3C99_011585
19388	his-17	V3C99_011585
19389	his-25	V3C99_011585
19390	his-27	V3C99_011585
19391	his-32	V3C99_011585
19392	his-40	V3C99_011585
19393	his-42	V3C99_011585
19394	his-45	V3C99_011585
19395	his-49	V3C99_011585
19396	his-55	V3C99_011585
19397	his-59	V3C99_011585
19398	his-63	V3C99_011585
19399	NNNNNN	V3C99_011585
19401	his-71	V3C99_011585
19402	his-72	V3C99_011585
19403	NNNNNN	V3C99_011585
19404	NNNNNN	V3C99_011585
19406	his-1	V3C99_011586
19407	his-5	V3C99_011586
19408	his-10	V3C99_011586
19409	his-14	V3C99_011586
19410	his-18	V3C99_011586
19411	his-26	V3C99_011586
19412	his-28	V3C99_011586
19413	his-31	V3C99_011586
19414	his-37	V3C99_011586
19415	his-38	V3C99_011586
19416	his-46	V3C99_011586
19417	his-50	V3C99_011586
19418	his-56	V3C99_011586
19419	his-60	V3C99_011586
19420	his-64	V3C99_011586
19421	his-67	V3C99_011586
19422	his-3	V3C99_011587
19423	his-7	V3C99_011587
19424	his-12	V3C99_011587
19425	his-16	V3C99_011587
19426	his-19	V3C99_011587
19427	his-21	V3C99_011587
19428	his-30	V3C99_011587
19429	his-33	V3C99_011587
19430	his-35	V3C99_011587
19431	his-43	V3C99_011587
19432	his-47	V3C99_011587
19433	his-51	V3C99_011587
19434	his-53	V3C99_011587
19435	his-57	V3C99_011587
19436	his-61	V3C99_011587
19437	his-65	V3C99_011587
19438	his-68	V3C99_011587
19440	his-2	V3C99_011588
19441	his-6	V3C99_011588
19442	his-9	V3C99_011588
19443	his-13	V3C99_011588
19444	his-17	V3C99_011588
19445	his-25	V3C99_011588
19446	his-27	V3C99_011588
19447	his-32	V3C99_011588
19448	his-40	V3C99_011588
19449	his-42	V3C99_011588
19450	his-45	V3C99_011588
19451	his-49	V3C99_011588
19452	his-55	V3C99_011588
19453	his-59	V3C99_011588
19454	his-63	V3C99_011588
19455	NNNNNN	V3C99_011588
19457	his-71	V3C99_011588
19458	his-72	V3C99_011588
19459	NNNNNN	V3C99_011588
19460	NNNNNN	V3C99_011588
19462	his-3	V3C99_011589
19463	his-7	V3C99_011589
19464	his-12	V3C99_011589
19465	his-16	V3C99_011589
19466	his-19	V3C99_011589
19467	his-21	V3C99_011589
19468	his-30	V3C99_011589
19469	his-33	V3C99_011589
19470	his-35	V3C99_011589
19471	his-43	V3C99_011589
19472	his-47	V3C99_011589
19473	his-51	V3C99_011589
19474	his-53	V3C99_011589
19475	his-57	V3C99_011589
19476	his-61	V3C99_011589
19477	his-65	V3C99_011589
19478	his-68	V3C99_011589
19480	his-2	V3C99_011590
19481	his-6	V3C99_011590
19482	his-9	V3C99_011590
19483	his-13	V3C99_011590
19484	his-17	V3C99_011590
19485	his-25	V3C99_011590
19486	his-27	V3C99_011590
19487	his-32	V3C99_011590
19488	his-40	V3C99_011590
19489	his-42	V3C99_011590
19490	his-45	V3C99_011590
19491	his-49	V3C99_011590
19492	his-55	V3C99_011590
19493	his-59	V3C99_011590
19494	his-63	V3C99_011590
19495	NNNNNN	V3C99_011590
19497	his-71	V3C99_011590
19498	his-72	V3C99_011590
19499	NNNNNN	V3C99_011590
19500	NNNNNN	V3C99_011590
19502	his-1	V3C99_011591
19503	his-5	V3C99_011591
19504	his-10	V3C99_011591
19505	his-14	V3C99_011591
19506	his-18	V3C99_011591
19507	his-26	V3C99_011591
19508	his-28	V3C99_011591
19509	his-31	V3C99_011591
19510	his-37	V3C99_011591
19511	his-38	V3C99_011591
19512	his-46	V3C99_011591
19513	his-50	V3C99_011591
19514	his-56	V3C99_011591
19515	his-60	V3C99_011591
19516	his-64	V3C99_011591
19517	his-67	V3C99_011591
19518	his-2	V3C99_011592
19519	his-6	V3C99_011592
19520	his-9	V3C99_011592
19521	his-13	V3C99_011592
19522	his-17	V3C99_011592
19523	his-25	V3C99_011592
19524	his-27	V3C99_011592
19525	his-32	V3C99_011592
19526	his-40	V3C99_011592
19527	his-42	V3C99_011592
19528	his-45	V3C99_011592
19529	his-49	V3C99_011592
19530	his-55	V3C99_011592
19531	his-59	V3C99_011592
19532	his-63	V3C99_011592
19533	NNNNNN	V3C99_011592
19535	his-71	V3C99_011592
19536	his-72	V3C99_011592
19537	NNNNNN	V3C99_011592
19538	NNNNNN	V3C99_011592
19540	his-1	V3C99_011593
19541	his-5	V3C99_011593
19542	his-10	V3C99_011593
19543	his-14	V3C99_011593
19544	his-18	V3C99_011593
19545	his-26	V3C99_011593
19546	his-28	V3C99_011593
19547	his-31	V3C99_011593
19548	his-37	V3C99_011593
19549	his-38	V3C99_011593
19550	his-46	V3C99_011593
19551	his-50	V3C99_011593
19552	his-56	V3C99_011593
19553	his-60	V3C99_011593
19554	his-64	V3C99_011593
19555	his-67	V3C99_011593
19556	his-2	V3C99_011594
19557	his-6	V3C99_011594
19558	his-9	V3C99_011594
19559	his-13	V3C99_011594
19560	his-17	V3C99_011594
19561	his-25	V3C99_011594
19562	his-27	V3C99_011594
19563	his-32	V3C99_011594
19564	his-40	V3C99_011594
19565	his-42	V3C99_011594
19566	his-45	V3C99_011594
19567	his-49	V3C99_011594
19568	his-55	V3C99_011594
19569	his-59	V3C99_011594
19570	his-63	V3C99_011594
19571	NNNNNN	V3C99_011594
19573	his-71	V3C99_011594
19574	his-72	V3C99_011594
19575	NNNNNN	V3C99_011594
19576	NNNNNN	V3C99_011594
19578	pld-1	V3C99_011596
19579	T06D8.9	V3C99_011598
19580	NNNNNN	V3C99_011599
19581	NNNNNN	V3C99_011600
19582	NNNNNN	V3C99_011601
19585	NNNNNN	V3C99_011604
19586	utp-20	V3C99_011605
19587	NNNNNN	V3C99_011606
19623	NNNNNN	V3C99_011608
19624	NNNNNN	V3C99_011609
19626	NNNNNN	V3C99_011614
19627	Y53C12B.1	V3C99_011615
19628	pno-1	V3C99_011616
19629	NNNNNN	V3C99_011617
19630	NNNNNN	V3C99_011620
19631	NNNNNN	V3C99_011621
19633	NNNNNN	V3C99_011623
19635	pmp-2	V3C99_011624
19637	T01D1.4	V3C99_011626
19638	NNNNNN	V3C99_011632
19639	pas-7	V3C99_011633
19640	let-858	V3C99_011634
19643	NNNNNN	V3C99_011637
19683	NNNNNN	V3C99_011641
19684	dhs-28	V3C99_011642
19685	NNNNNN	V3C99_011643
19686	W03C9.6	V3C99_011645
19687	F10G7.10	V3C99_011646
19689	NNNNNN	V3C99_011647
19693	NNNNNN	V3C99_011651
19694	NNNNNN	V3C99_011652
19695	NNNNNN	V3C99_011653
19696	ctsa-1.1	V3C99_011654
19700	ctsa-1.1	V3C99_011661
19701	mrpl-10	V3C99_011662
19702	Y17G7B.12	V3C99_011663
19703	NNNNNN	V3C99_011664
19704	NNNNNN	V3C99_011665
19705	dhps-1	V3C99_011666
19706	Y17G7B.3	V3C99_011667
19707	ash-2	V3C99_011668
19708	ctsa-1.2	V3C99_011669
19709	cpb-1	V3C99_011670
19710	ehs-1	V3C99_011671
19712	NNNNNN	V3C99_011673
19713	NNNNNN	V3C99_011674
19714	sptl-1	V3C99_011675
19715	tre-5	V3C99_011676
19716	ascc-1	V3C99_011677
19717	NNNNNN	V3C99_011678
19719	acp-2	V3C99_011679
19721	vha-13	V3C99_011680
19722	T01H3.2	V3C99_011682
19723	vha-4	V3C99_011683
19724	clh-5	V3C99_011685
19726	snpc-1.1	V3C99_011686
19731	F31E8.4	V3C99_011688
19732	mthf-1	V3C99_011690
19735	lat-1	V3C99_011692
19736	ddx-19	V3C99_011694
19737	NNNNNN	V3C99_011695
19739	NNNNNN	V3C99_011697
19740	NNNNNN	V3C99_011698
19741	NNNNNN	V3C99_011699
19742	C32D5.8	V3C99_011704
19743	trx-5	V3C99_011704
19744	T20D4.7	V3C99_011704
19746	pyc-1	V3C99_011705
19747	NNNNNN	V3C99_011706
19748	spon-1	V3C99_011707
19749	btf-1	V3C99_011708
19752	dhs-14	V3C99_011711
19753	dhs-15	V3C99_011711
19754	dhs-23	V3C99_011711
19755	C01G12.5	V3C99_011711
19757	D1054.8	V3C99_011711
19758	F02C12.2	V3C99_011711
19759	F25D1.5	V3C99_011711
19760	F26D2.15	V3C99_011711
19761	F28H7.2	V3C99_011711
19763	C06E4.3	V3C99_011711
19764	C06E4.6	V3C99_011711
19765	R05D8.7	V3C99_011711
19766	R05D8.9	V3C99_011711
19767	T01G6.1	V3C99_011711
19768	T01G6.10	V3C99_011711
19769	W03F9.9	V3C99_011711
19770	nta-1	V3C99_011711
19771	ZK1067.4	V3C99_011714
19772	asp-3	V3C99_011715
19774	NNNNNN	V3C99_011716
19776	dhs-14	V3C99_011718
19777	dhs-15	V3C99_011718
19778	dhs-23	V3C99_011718
19779	C01G12.5	V3C99_011718
19781	D1054.8	V3C99_011718
19782	F02C12.2	V3C99_011718
19783	F25D1.5	V3C99_011718
19784	F26D2.15	V3C99_011718
19785	F28H7.2	V3C99_011718
19787	C06E4.3	V3C99_011718
19788	C06E4.6	V3C99_011718
19789	R05D8.7	V3C99_011718
19790	R05D8.9	V3C99_011718
19791	T01G6.1	V3C99_011718
19792	T01G6.10	V3C99_011718
19794	nta-1	V3C99_011718
19810	NNNNNN	V3C99_011741
19811	NNNNNN	V3C99_011742
19812	C17H12.3	V3C99_011742
19813	NNNNNN	V3C99_011742
19816	Y51H7C.7	V3C99_011743
19817	M05D6.2	V3C99_011744
19818	R04F11.2	V3C99_011745
19820	F47B7.2	V3C99_011748
19821	NNNNNN	V3C99_011749
19822	NNNNNN	V3C99_011751
19825	NNNNNN	V3C99_011752
19827	osta-2	V3C99_011756
19828	tiar-1	V3C99_011757
19829	NNNNNN	V3C99_011758
19831	marc-3	V3C99_011759
19832	zyg-9	V3C99_011760
19833	thoc-1	V3C99_011761
19834	T02H6.1	V3C99_011762
19835	rfip-2	V3C99_011763
19836	npp-2	V3C99_011766
19837	acdh-9	V3C99_011767
19846	NNNNNN	V3C99_011773
19847	puf-12	V3C99_011774
19848	NNNNNN	V3C99_011775
19849	NNNNNN	V3C99_011776
19852	NNNNNN	V3C99_011781
19853	NNNNNN	V3C99_011782
19854	NNNNNN	V3C99_011784
19856	nmur-2	V3C99_011787
19857	T02G5.3	V3C99_011788
19858	NNNNNN	V3C99_011789
19859	atgp-2	V3C99_011790
19860	NNNNNN	V3C99_011791
19892	mut-7	V3C99_011796
19893	ZK1098.3	V3C99_011796
19898	lgg-1	V3C99_011801
19991	NNNNNN	V3C99_011807
19994	NNNNNN	V3C99_011808
19998	NNNNNN	V3C99_011810
19999	ubxn-3	V3C99_011811
20001	rsr-2	V3C99_011813
20002	sinh-1	V3C99_011814
20003	NNNNNN	V3C99_011819
20005	mrps-22	V3C99_011822
20006	algn-9	V3C99_011823
20007	crn-3	V3C99_011824
20008	crn-5	V3C99_011825
20009	NNNNNN	V3C99_011826
20012	NNNNNN	V3C99_011828
20013	dap-3	V3C99_011829
20014	dohh-1	V3C99_011830
20015	NNNNNN	V3C99_011832
20016	C17H12.3	V3C99_011832
20017	NNNNNN	V3C99_011832
20020	lsm-4	V3C99_011833
20021	prx-13	V3C99_011834
20022	NNNNNN	V3C99_011835
20023	NNNNNN	V3C99_011838
20024	arv-1	V3C99_011839
20025	pif-1	V3C99_011840
20026	NNNNNN	V3C99_011841
20028	snr-5	V3C99_011842
20029	NNNNNN	V3C99_011843
20031	NNNNNN	V3C99_011844
20032	mdmh-35	V3C99_011847
20033	mdt-10	V3C99_011848
20034	NNNNNN	V3C99_011849
20035	NNNNNN	V3C99_011850
20036	rict-1	V3C99_011851
20037	NNNNNN	V3C99_011852
20038	NNNNNN	V3C99_011859
20039	ZK1307.9	V3C99_011862
20040	sqv-8	V3C99_011863
20041	F40E10.6	V3C99_011864
20042	tftc-5	V3C99_011865
20043	vti-1	V3C99_011866
20044	mrps-7	V3C99_011867
20045	snpc-3.4	V3C99_011868
20047	NNNNNN	V3C99_011870
20048	NNNNNN	V3C99_011871
20055	NNNNNN	V3C99_011875
20057	C25H3.11	V3C99_011877
20058	F45E12.5	V3C99_011879
20059	brf-1	V3C99_011880
20060	F58A6.1	V3C99_011883
20062	NNNNNN	V3C99_011885
20064	NNNNNN	V3C99_011886
20065	best-3	V3C99_011887
20066	osta-1	V3C99_011889
20067	NNNNNN	V3C99_011890
20069	NNNNNN	V3C99_011890
20075	unc-53	V3C99_011895
20076	ilkp-1	V3C99_011896
20077	NNNNNN	V3C99_011897
20078	sdhd-1	V3C99_011898
20079	F33A8.4	V3C99_011899
20080	NNNNNN	V3C99_011900
20082	NNNNNN	V3C99_011902
20085	K09A11.1	V3C99_011905
20089	C10A4.1	V3C99_011905
20092	NNNNNN	V3C99_011907
20093	hil-2	V3C99_011908
20094	hil-3	V3C99_011908
20097	hil-6	V3C99_011908
20099	cdk-11.1	V3C99_011913
20101	B0495.5	V3C99_011915
20102	nhx-2	V3C99_011916
20103	nhx-6	V3C99_011916
20104	NNNNNN	V3C99_011917
20105	NNNNNN	V3C99_011917
20106	NNNNNN	V3C99_011918
20111	NNNNNN	V3C99_011924
20112	NNNNNN	V3C99_011924
20113	dyf-13	V3C99_011925
20114	NNNNNN	V3C99_011926
20115	luc-7L	V3C99_011927
20116	B0495.7	V3C99_011928
20117	NNNNNN	V3C99_011929
20119	NNNNNN	V3C99_011931
20120	NNNNNN	V3C99_011932
20122	NNNNNN	V3C99_011934
20123	NNNNNN	V3C99_011934
20124	NNNNNN	V3C99_011934
20125	NNNNNN	V3C99_011934
20128	NNNNNN	V3C99_011934
20152	NNNNNN	V3C99_011936
20153	hil-2	V3C99_011937
20154	hil-3	V3C99_011937
20157	hil-6	V3C99_011937
20160	NNNNNN	V3C99_011943
20167	nhl-3	V3C99_011945
20168	T04B8.5	V3C99_011948
20169	NNNNNN	V3C99_011949
20170	rib-1	V3C99_011950
20171	Y64G10A.7	V3C99_011953
20172	ZK622.1	V3C99_011955
20182	NNNNNN	V3C99_011959
20183	NNNNNN	V3C99_011959
20185	NNNNNN	V3C99_011964
20186	NNNNNN	V3C99_011964
20188	NNNNNN	V3C99_011965
20189	Y39G10AR.9	V3C99_011968
20190	nsun-4	V3C99_011969
20207	NNNNNN	V3C99_011992
20208	unc-93	V3C99_011993
20209	NNNNNN	V3C99_011994
20210	NNNNNN	V3C99_011995
20211	NNNNNN	V3C99_011998
20212	NNNNNN	V3C99_012000
20213	NNNNNN	V3C99_012003
20214	NNNNNN	V3C99_012003
20216	NNNNNN	V3C99_012005
20217	fzo-1	V3C99_012006
20221	NNNNNN	V3C99_012007
20226	NNNNNN	V3C99_012008
20227	tbc-2	V3C99_012010
20229	rad-23	V3C99_012012
20230	coa-7	V3C99_012013
20231	NNNNNN	V3C99_012014
20232	T19D7.7	V3C99_012016
20233	daf-19	V3C99_012017
20234	wbp-11	V3C99_012018
20235	tcab-1	V3C99_012021
20236	C08F8.2	V3C99_012022
20238	B0432.9	V3C99_012023
20241	NNNNNN	V3C99_012028
20242	NNNNNN	V3C99_012028
20243	NNNNNN	V3C99_012028
20245	NNNNNN	V3C99_012028
20247	NNNNNN	V3C99_012029
20248	NNNNNN	V3C99_012030
20249	apd-3	V3C99_012032
20250	lin-32	V3C99_012033
20251	NNNNNN	V3C99_012036
20252	C44B7.11	V3C99_012038
20253	T24H7.2	V3C99_012040
20254	lelo-1	V3C99_012041
20255	F07E5.5	V3C99_012042
20256	vab-19	V3C99_012044
20257	NNNNNN	V3C99_012045
20258	art-1	V3C99_012046
20259	oga-1	V3C99_012047
20260	set-11	V3C99_012048
20262	NNNNNN	V3C99_012052
20264	NNNNNN	V3C99_012055
20265	NNNNNN	V3C99_012055
20266	NNNNNN	V3C99_012055
20267	NNNNNN	V3C99_012055
20268	NNNNNN	V3C99_012055
20278	C23H3.9	V3C99_012062
20279	mcat-1	V3C99_012063
20280	C50D2.7	V3C99_012065
20281	luc-7L3	V3C99_012067
20282	NNNNNN	V3C99_012069
20285	ltd-1	V3C99_012072
20288	NNNNNN	V3C99_012077
20289	eif-3.D	V3C99_012079
20290	chdh-1	V3C99_012080
20291	sphk-1	V3C99_012082
20296	NNNNNN	V3C99_012084
20298	prx-5	V3C99_012086
20299	C06C3.3	V3C99_012087
20301	prg-1	V3C99_012093
20302	pro-1	V3C99_012094
20305	puf-9	V3C99_012097
20306	nsun-5	V3C99_012098
20307	metl-2	V3C99_012099
20308	elo-9	V3C99_012101
20309	rbm-28	V3C99_012102
20311	mgrn-1	V3C99_012104
20312	C11H1.2	V3C99_012105
20313	gphr-1	V3C99_012105
20315	Y25C1A.13	V3C99_012113
20316	dhs-6	V3C99_012115
20318	NNNNNN	V3C99_012119
20322	NNNNNN	V3C99_012125
20323	laat-1	V3C99_012126
20326	arc-1	V3C99_012130
20327	NNNNNN	V3C99_012132
20328	NNNNNN	V3C99_012133
20330	NNNNNN	V3C99_012134
20336	toe-1	V3C99_012135
20338	rpa-2	V3C99_012136
20339	NNNNNN	V3C99_012137
20340	NNNNNN	V3C99_012138
20342	ZK1127.4	V3C99_012145
20343	cth-1	V3C99_012146
20344	cth-2	V3C99_012146
20345	NNNNNN	V3C99_012147
20346	T05H10.1	V3C99_012148
20347	T24H10.1	V3C99_012152
20348	pax-3	V3C99_012153
20350	algn-2	V3C99_012156
20351	F09E5.3	V3C99_012157
20352	W09D6.1	V3C99_012158
20354	NNNNNN	V3C99_012160
20355	NNNNNN	V3C99_012161
20356	NNNNNN	V3C99_012162
20357	rab-39	V3C99_012163
20358	wdfy-2	V3C99_012164
20360	atf-2	V3C99_012165
20361	NNNNNN	V3C99_012166
20362	rpy-1	V3C99_012167
20363	NNNNNN	V3C99_012168
20364	NNNNNN	V3C99_012171
20365	NNNNNN	V3C99_012172
20366	NNNNNN	V3C99_012173
20367	NNNNNN	V3C99_012174
20368	F07A11.4	V3C99_012175
20369	F07A11.5	V3C99_012176
20370	NNNNNN	V3C99_012177
20371	mab-9	V3C99_012178
20372	NNNNNN	V3C99_012179
20373	NNNNNN	V3C99_012184
20376	exl-1	V3C99_012195
20377	nurf-1	V3C99_012196
20379	NNNNNN	V3C99_012201
20380	NNNNNN	V3C99_012202
20381	NNNNNN	V3C99_012203
20382	znf-598	V3C99_012204
20383	NNNNNN	V3C99_012207
20384	C47D12.2	V3C99_012209
20385	trr-1	V3C99_012210
20386	ttc-39B	V3C99_012212
20387	dylt-2	V3C99_012213
20388	NNNNNN	V3C99_012217
20389	NNNNNN	V3C99_012218
20391	acl-7	V3C99_012221
20392	eat-2	V3C99_012222
20393	rod-1	V3C99_012225
20396	dbt-1	V3C99_012238
20397	NNNNNN	V3C99_012239
20398	NNNNNN	V3C99_012240
20399	T09F3.2	V3C99_012241
20412	F35D11.3	V3C99_012245
20413	tbc-6	V3C99_012246
20414	egl-27	V3C99_012247
20415	snt-1	V3C99_012248
20419	NNNNNN	V3C99_012249
20426	NNNNNN	V3C99_012250
20436	NNNNNN	V3C99_012253
20439	nep-1	V3C99_012255
20459	nep-1	V3C99_012258
20467	nep-1	V3C99_012259
20475	pdl-1	V3C99_012260
20476	rpb-4	V3C99_012261
20477	F56D2.2	V3C99_012262
20478	F56D2.5	V3C99_012262
20479	Y53F4B.14	V3C99_012263
20480	mdf-1	V3C99_012264
20481	trip-4	V3C99_012265
20482	mtch-1	V3C99_012266
20483	exc-7	V3C99_012267
20484	mtch-1	V3C99_012268
20485	exc-7	V3C99_012269
20486	C08B6.8	V3C99_012270
20487	Y53C12A.10	V3C99_012271
20488	NNNNNN	V3C99_012272
20489	NNNNNN	V3C99_012273
20496	NNNNNN	V3C99_012281
20499	C06A8.8	V3C99_012282
20502	jip-1	V3C99_012287
20503	pde-3	V3C99_012290
20505	NNNNNN	V3C99_012292
20507	NNNNNN	V3C99_012294
20508	hst-6	V3C99_012297
20509	Y26E6A.3	V3C99_012298
20510	dnsn-1	V3C99_012299
20512	NNNNNN	V3C99_012301
20515	gyf-1	V3C99_012302
20516	NNNNNN	V3C99_012303
20517	NNNNNN	V3C99_012304
20523	F29A7.6	V3C99_012311
20524	Y46E12BL.2	V3C99_012312
20525	jun-1	V3C99_012313
20526	T24H10.4	V3C99_012315
20527	mec-15	V3C99_012316
20528	NNNNNN	V3C99_012317
20529	plc-3	V3C99_012318
20530	cct-2	V3C99_012320
20531	plpr-1	V3C99_012321
20532	F37H8.5	V3C99_012322
20533	NNNNNN	V3C99_012324
20534	hpr-17	V3C99_012325
20535	ztf-17	V3C99_012326
20543	ostb-1	V3C99_012330
20544	sds-22	V3C99_012331
20545	NNNNNN	V3C99_012331
20546	NNNNNN	V3C99_012334
20547	gstk-1	V3C99_012335
20548	gstk-1	V3C99_012336
20549	kqt-3	V3C99_012337
20550	ulp-4	V3C99_012339
20551	ire-1	V3C99_012342
20552	unc-105	V3C99_012343
20555	unc-105	V3C99_012346
20558	NNNNNN	V3C99_012349
20559	NNNNNN	V3C99_012350
20560	tba-1	V3C99_012352
20561	tba-2	V3C99_012352
20562	tba-4	V3C99_012352
20563	C08B11.9	V3C99_012353
20564	arp-6	V3C99_012354
20565	sap-49	V3C99_012355
20566	NNNNNN	V3C99_012356
20567	hda-2	V3C99_012358
20568	swsn-7	V3C99_012358
20570	vha-9	V3C99_012365
20571	clpp-1	V3C99_012366
20572	vha-9	V3C99_012367
20573	clpp-1	V3C99_012368
20574	NNNNNN	V3C99_012369
20575	zyg-11	V3C99_012370
20576	NNNNNN	V3C99_012372
20577	cam-1	V3C99_012375
20578	copz-1	V3C99_012377
20579	orc-2	V3C99_012378
20580	NNNNNN	V3C99_012379
20582	misc-1	V3C99_012386
20583	F32A11.1	V3C99_012387
20586	NNNNNN	V3C99_012394
20591	NNNNNN	V3C99_012396
20595	NNNNNN	V3C99_012398
20597	NNNNNN	V3C99_012399
20598	NNNNNN	V3C99_012400
20599	NNNNNN	V3C99_012400
20600	NNNNNN	V3C99_012400
20601	NNNNNN	V3C99_012401
20602	ooc-5	V3C99_012402
20604	ZK1127.13	V3C99_012403
20605	F09E5.11	V3C99_012405
20638	NNNNNN	V3C99_012406
20640	NNNNNN	V3C99_012408
20641	NNNNNN	V3C99_012409
20642	NNNNNN	V3C99_012410
20643	NNNNNN	V3C99_012410
20644	NNNNNN	V3C99_012410
20645	NNNNNN	V3C99_012410
20646	clh-4	V3C99_012411
20647	NNNNNN	V3C99_012412
20648	NNNNNN	V3C99_012413
20649	C01F1.6	V3C99_012414
20652	rml-4	V3C99_012416
20654	iff-1	V3C99_012418
20655	iff-2	V3C99_012418
20656	NNNNNN	V3C99_012419
20659	NNNNNN	V3C99_012427
20660	NNNNNN	V3C99_012427
20661	NNNNNN	V3C99_012427
20662	NNNNNN	V3C99_012427
20663	NNNNNN	V3C99_012427
20666	NNNNNN	V3C99_012429
20667	NNNNNN	V3C99_012429
20668	NNNNNN	V3C99_012429
20669	NNNNNN	V3C99_012429
20670	NNNNNN	V3C99_012429
20673	NNNNNN	V3C99_012432
20674	NNNNNN	V3C99_012433
20675	NNNNNN	V3C99_012434
20676	rbbp-5	V3C99_012435
20680	B0432.7	V3C99_012443
20682	lin-29	V3C99_012445
20685	cyn-16	V3C99_012446
20687	tpi-1	V3C99_012447
20689	W06B4.2	V3C99_012448
20690	vps-18	V3C99_012449
20691	mrpl-53	V3C99_012450
20692	E02H1.6	V3C99_012451
20693	E02H1.5	V3C99_012452
20694	tag-124	V3C99_012453
20730	NNNNNN	V3C99_012464
20733	NNNNNN	V3C99_012467
20734	NNNNNN	V3C99_012468
20735	snr-3	V3C99_012469
20736	NNNNNN	V3C99_012470
20737	NNNNNN	V3C99_012473
20738	egl-17	V3C99_012475
20739	K01A2.5	V3C99_012477
20743	cgt-2	V3C99_012481
20744	cgt-3	V3C99_012481
20745	vps-35	V3C99_012482
20746	B0395.3	V3C99_012483
20748	gss-1	V3C99_012487
20755	sqv-7	V3C99_012495
20756	lst-6	V3C99_012496
20758	rars-2	V3C99_012499
20759	C29H12.2	V3C99_012500
20760	NNNNNN	V3C99_012501
20761	NNNNNN	V3C99_012503
20762	NNNNNN	V3C99_012504
20763	NNNNNN	V3C99_012507
20766	nep-1	V3C99_012512
20776	trpp-1	V3C99_012521
20777	B0228.7	V3C99_012522
20778	ifg-1	V3C99_012523
20779	M110.3	V3C99_012524
20780	NNNNNN	V3C99_012526
20781	NNNNNN	V3C99_012526
20782	dnj-2	V3C99_012534
20784	NNNNNN	V3C99_012535
20785	C18E9.2	V3C99_012537
20786	NNNNNN	V3C99_012538
20790	rpl-37	V3C99_012540
20791	W01D2.1	V3C99_012540
20794	NNNNNN	V3C99_012545
20795	tsp-17	V3C99_012547
20796	ZK669.2	V3C99_012554
20797	ZK669.3	V3C99_012554
20798	ZK669.2	V3C99_012555
20799	ZK669.3	V3C99_012555
20800	ZK669.2	V3C99_012556
20801	ZK669.3	V3C99_012556
20804	rab-7	V3C99_012560
20805	C02D5.2	V3C99_012561
20806	gtf-2F1	V3C99_012563
20809	sco-1	V3C99_012565
20810	prp-21	V3C99_012566
20812	sco-1	V3C99_012568
20813	tag-180	V3C99_012569
20814	NNNNNN	V3C99_012571
20815	tdp-1	V3C99_012573
20822	NNNNNN	V3C99_012585
20825	NNNNNN	V3C99_012593
20826	NNNNNN	V3C99_012600
20827	cyp-44A1	V3C99_012602
20828	romo-1	V3C99_012606
20830	NNNNNN	V3C99_012608
20832	ubh-4	V3C99_012619
20833	pfut-1	V3C99_012620
20834	EEED8.10	V3C99_012621
20837	NNNNNN	V3C99_012624
20839	NNNNNN	V3C99_012628
20840	F38A1.8	V3C99_012629
20847	NNNNNN	V3C99_012633
20848	cdo-1	V3C99_012636
20849	ben-1	V3C99_012637
20850	tbb-1	V3C99_012637
20851	tbb-2	V3C99_012637
20855	hgap-2	V3C99_012641
20856	athp-2	V3C99_012642
20857	rpl-25.1	V3C99_012643
20858	rpl-25.2	V3C99_012643
20859	C05C10.3	V3C99_012644
20860	chhy-1	V3C99_012647
20861	ugt-58	V3C99_012650
20862	NNNNNN	V3C99_012653
20863	NNNNNN	V3C99_012653
20864	NNNNNN	V3C99_012655
20865	F10E7.11	V3C99_012657
20866	T07F8.4	V3C99_012657
20867	npp-3	V3C99_012661
20868	col-84	V3C99_012663
20870	NNNNNN	V3C99_012664
20871	NNNNNN	V3C99_012664
20872	NNNNNN	V3C99_012667
20875	F54B3.1	V3C99_012672
20876	NNNNNN	V3C99_012678
20877	NNNNNN	V3C99_012679
20878	txdc-12.2	V3C99_012684
20890	NNNNNN	V3C99_012694
20892	cah-2	V3C99_012699
20893	npr-20	V3C99_012703
20894	NNNNNN	V3C99_012704
20895	gcp-2.1	V3C99_012705
20987	NNNNNN	V3C99_012717
20988	Y58A7A.1	V3C99_012719
20989	fcho-1	V3C99_012720
20990	sod-1	V3C99_012721
20992	pgp-3	V3C99_012722
20993	pgp-4	V3C99_012722
20994	cdk-5	V3C99_012723
20995	let-19	V3C99_012724
20996	dyn-1	V3C99_012725
20999	NNNNNN	V3C99_012729
21000	NNNNNN	V3C99_012730
21001	NNNNNN	V3C99_012732
21002	NNNNNN	V3C99_012733
21003	NNNNNN	V3C99_012735
21016	rbx-2	V3C99_012738
21017	rpb-12	V3C99_012739
21018	ntl-2	V3C99_012740
21019	NNNNNN	V3C99_012741
21020	fkh-6	V3C99_012742
21057	NNNNNN	V3C99_012750
21058	F23F1.5	V3C99_012753
21059	nol-6	V3C99_012754
21062	T25D3.4	V3C99_012756
21063	tmed-3	V3C99_012757
21064	cup-14	V3C99_012758
21065	K10B4.3	V3C99_012759
21066	NNNNNN	V3C99_012760
21068	lec-5	V3C99_012763
21071	NNNNNN	V3C99_012764
21074	emc-2	V3C99_012771
21075	alh-6	V3C99_012772
21078	mmaa-1	V3C99_012774
21080	farl-11	V3C99_012775
21081	NNNNNN	V3C99_012779
21083	NNNNNN	V3C99_012780
21084	NNNNNN	V3C99_012780
21085	NNNNNN	V3C99_012780
21086	NNNNNN	V3C99_012780
21087	NNNNNN	V3C99_012780
21090	NNNNNN	V3C99_012781
21091	NNNNNN	V3C99_012781
21092	NNNNNN	V3C99_012781
21093	NNNNNN	V3C99_012781
21094	NNNNNN	V3C99_012781
21108	fah-1	V3C99_012784
21110	cdc-37	V3C99_012785
21111	W08F4.3	V3C99_012786
21112	D1054.1	V3C99_012787
21130	uba-2	V3C99_012793
21137	NNNNNN	V3C99_012797
21138	NNNNNN	V3C99_012797
21139	NNNNNN	V3C99_012797
21140	NNNNNN	V3C99_012797
21141	NNNNNN	V3C99_012797
21143	NNNNNN	V3C99_012797
21148	NNNNNN	V3C99_012797
21149	NNNNNN	V3C99_012797
21154	NNNNNN	V3C99_012797
21155	NNNNNN	V3C99_012797
21161	NNNNNN	V3C99_012798
21162	NNNNNN	V3C99_012798
21163	NNNNNN	V3C99_012798
21164	NNNNNN	V3C99_012798
21165	NNNNNN	V3C99_012798
21167	NNNNNN	V3C99_012798
21172	NNNNNN	V3C99_012798
21173	NNNNNN	V3C99_012798
21178	NNNNNN	V3C99_012798
21179	NNNNNN	V3C99_012798
21185	NNNNNN	V3C99_012799
21186	NNNNNN	V3C99_012799
21187	NNNNNN	V3C99_012799
21188	NNNNNN	V3C99_012799
21189	NNNNNN	V3C99_012799
21191	NNNNNN	V3C99_012799
21196	NNNNNN	V3C99_012799
21197	NNNNNN	V3C99_012799
21202	NNNNNN	V3C99_012799
21203	NNNNNN	V3C99_012799
21209	NNNNNN	V3C99_012800
21210	NNNNNN	V3C99_012800
21211	NNNNNN	V3C99_012800
21212	NNNNNN	V3C99_012800
21213	NNNNNN	V3C99_012800
21215	NNNNNN	V3C99_012800
21220	NNNNNN	V3C99_012800
21221	NNNNNN	V3C99_012800
21226	NNNNNN	V3C99_012800
21227	NNNNNN	V3C99_012800
21233	NNNNNN	V3C99_012802
21234	NNNNNN	V3C99_012802
21235	NNNNNN	V3C99_012802
21236	NNNNNN	V3C99_012802
21237	NNNNNN	V3C99_012802
21239	NNNNNN	V3C99_012802
21244	NNNNNN	V3C99_012802
21245	NNNNNN	V3C99_012802
21250	NNNNNN	V3C99_012802
21251	NNNNNN	V3C99_012802
21257	NNNNNN	V3C99_012804
21258	NNNNNN	V3C99_012804
21259	NNNNNN	V3C99_012804
21260	NNNNNN	V3C99_012804
21261	NNNNNN	V3C99_012804
21263	NNNNNN	V3C99_012804
21268	NNNNNN	V3C99_012804
21269	NNNNNN	V3C99_012804
21274	NNNNNN	V3C99_012804
21275	NNNNNN	V3C99_012804
21286	NNNNNN	V3C99_012805
21305	NNNNNN	V3C99_012806
21306	NNNNNN	V3C99_012806
21307	NNNNNN	V3C99_012806
21308	NNNNNN	V3C99_012806
21309	NNNNNN	V3C99_012806
21311	NNNNNN	V3C99_012806
21316	NNNNNN	V3C99_012806
21317	NNNNNN	V3C99_012806
21322	NNNNNN	V3C99_012806
21323	NNNNNN	V3C99_012806
21344	rpom-1	V3C99_012808
21345	NNNNNN	V3C99_012809
21346	vab-1	V3C99_012811
21347	camt-1	V3C99_012812
21348	NNNNNN	V3C99_012813
21349	camt-1	V3C99_012814
21350	cyp-23A1	V3C99_012815
21351	hlh-1	V3C99_012816
21352	NNNNNN	V3C99_012818
21353	osm-12	V3C99_012819
21362	taf-8	V3C99_012827
21363	cee-1	V3C99_012833
21364	cdc-14	V3C99_012834
21365	mtrr-1	V3C99_012834
21366	ttc-4	V3C99_012836
21388	NNNNNN	V3C99_012843
21389	NNNNNN	V3C99_012844
21408	NNNNNN	V3C99_012851
21409	NNNNNN	V3C99_012851
21410	NNNNNN	V3C99_012851
21413	NNNNNN	V3C99_012851
21414	NNNNNN	V3C99_012852
21415	NNNNNN	V3C99_012852
21416	NNNNNN	V3C99_012852
21419	NNNNNN	V3C99_012852
21436	dcaf-13	V3C99_012858
21437	bpnt-1	V3C99_012859
21438	lat-2	V3C99_012860
21468	NNNNNN	V3C99_012862
21472	NNNNNN	V3C99_012870
21473	NNNNNN	V3C99_012871
21475	NNNNNN	V3C99_012872
21478	NNNNNN	V3C99_012876
21481	pgp-14	V3C99_012877
21482	tat-4	V3C99_012878
21483	tbc-17	V3C99_012879
21484	unc-61	V3C99_012880
21485	cox-10	V3C99_012881
21486	pcca-1	V3C99_012882
21487	NNNNNN	V3C99_012885
21488	sec-6	V3C99_012886
21489	bmy-1	V3C99_012887
21490	NNNNNN	V3C99_012888
21491	rnh-1.0	V3C99_012889
21494	rnh-1.0	V3C99_012890
21495	NNNNNN	V3C99_012892
21496	C26D10.4	V3C99_012893
21512	aagr-2	V3C99_012895
21517	pbs-3	V3C99_012900
21518	NNNNNN	V3C99_012901
21520	flr-1	V3C99_012902
21521	NNNNNN	V3C99_012903
21534	fkh-8	V3C99_012909
21535	NNNNNN	V3C99_012911
21536	fkh-8	V3C99_012914
21537	F18A11.3	V3C99_012916
21549	sdhb-1	V3C99_012920
21551	sdhb-1	V3C99_012922
21552	noa-1	V3C99_012923
21553	snx-14	V3C99_012924
21555	cct-4	V3C99_012928
21556	cyn-15	V3C99_012929
21558	W07A12.4	V3C99_012932
21559	NNNNNN	V3C99_012933
21560	NNNNNN	V3C99_012934
21561	NNNNNN	V3C99_012936
21566	NNNNNN	V3C99_012939
21571	NNNNNN	V3C99_012939
21577	NNNNNN	V3C99_012940
21582	NNNNNN	V3C99_012940
21588	NNNNNN	V3C99_012941
21593	NNNNNN	V3C99_012941
21991	C24H12.4	V3C99_012961
21992	syf-1	V3C99_012962
21993	mpk-2	V3C99_012963
21994	tag-280	V3C99_012964
21995	tag-281	V3C99_012965
21996	R12C12.6	V3C99_012966
21997	R12C12.5	V3C99_012967
22000	NNNNNN	V3C99_012968
22003	NNNNNN	V3C99_012968
22007	NNNNNN	V3C99_012968
22008	NNNNNN	V3C99_012968
22009	NNNNNN	V3C99_012968
22010	NNNNNN	V3C99_012968
22011	NNNNNN	V3C99_012968
22014	NNNNNN	V3C99_012968
22016	NNNNNN	V3C99_012968
22017	NNNNNN	V3C99_012968
22019	K07E1.1	V3C99_012970
22021	sfxn-1.4	V3C99_012971
22025	NNNNNN	V3C99_012972
22028	NNNNNN	V3C99_012980
22032	NNNNNN	V3C99_012983
22033	NNNNNN	V3C99_012984
22034	NNNNNN	V3C99_012985
22035	gtf-2E2	V3C99_012986
22036	dhgd-1	V3C99_012987
22037	NNNNNN	V3C99_012988
22113	zig-10	V3C99_013008
22126	NNNNNN	V3C99_013010
22154	NNNNNN	V3C99_013013
22155	NNNNNN	V3C99_013013
22171	NNNNNN	V3C99_013019
22173	nsy-1	V3C99_013020
22174	NNNNNN	V3C99_013022
22175	wdr-83	V3C99_013023
22176	F33G12.3	V3C99_013024
22177	lrr-1	V3C99_013025
22179	golg-2	V3C99_013027
22184	NNNNNN	V3C99_013032
22185	NNNNNN	V3C99_013033
22186	C08E8.2	V3C99_013034
22187	F57C2.5	V3C99_013034
22190	NNNNNN	V3C99_013040
22191	B0511.12	V3C99_013042
22192	sgt-1	V3C99_013043
22193	NNNNNN	V3C99_013044
22194	cyd-1	V3C99_013058
22195	aars-1	V3C99_013060
22196	rga-1	V3C99_013061
22198	mfn-1	V3C99_013063
22200	NNNNNN	V3C99_013066
22201	sec-15	V3C99_013067
22202	ncap-1	V3C99_013068
22204	NNNNNN	V3C99_013069
22205	ubc-26	V3C99_013070
22206	sqv-2	V3C99_013071
22207	pigw-1	V3C99_013072
22208	rpn-9	V3C99_013073
22209	dhs-7	V3C99_013074
22210	dhs-8	V3C99_013074
22211	K10H10.6	V3C99_013074
22212	DC2.5	V3C99_013074
22213	E04F6.15	V3C99_013074
22215	K10B2.4	V3C99_013075
22218	zyx-1	V3C99_013078
22223	ZK1248.19	V3C99_013085
22224	cmtr-1	V3C99_013086
22225	bicd-1	V3C99_013087
22227	NNNNNN	V3C99_013099
22228	NNNNNN	V3C99_013100
22229	NNNNNN	V3C99_013101
22230	NNNNNN	V3C99_013105
22231	NNNNNN	V3C99_013116
22232	vps-32.1	V3C99_013117
22233	C56C10.9	V3C99_013118
22234	aipr-1	V3C99_013119
22235	dnj-8	V3C99_013120
22236	epg-5	V3C99_013121
22237	Y38F1A.2	V3C99_013122
22238	ZK546.2	V3C99_013123
22239	try-1	V3C99_013124
22240	zyg-12	V3C99_013125
22241	ndx-3	V3C99_013126
22243	lect-2	V3C99_013128
22244	chch-3	V3C99_013129
22245	M176.4	V3C99_013130
22246	NNNNNN	V3C99_013131
22247	NNNNNN	V3C99_013132
22248	rpl-33	V3C99_013133
22249	F10E7.9	V3C99_013134
22250	sup-9	V3C99_013136
22254	cyp-31A2	V3C99_013139
22256	cyp-31A3	V3C99_013139
22257	NNNNNN	V3C99_013140
22260	C16A11.2	V3C99_013142
22261	ufd-3	V3C99_013144
22262	NNNNNN	V3C99_013145
22263	NNNNNN	V3C99_013146
22264	flad-1	V3C99_013147
22265	ufd-3	V3C99_013148
22266	sdhb-1	V3C99_013149
22267	cup-15	V3C99_013150
22268	dmd-4	V3C99_013152
22269	NNNNNN	V3C99_013153
22270	NNNNNN	V3C99_013155
22271	F07F6.4	V3C99_013157
22274	NNNNNN	V3C99_013158
22275	mrpl-37	V3C99_013160
22276	NNNNNN	V3C99_013161
22277	NNNNNN	V3C99_013162
22278	ddl-2	V3C99_013163
22279	Y48E1B.17	V3C99_013164
22280	noa-1	V3C99_013165
22281	snx-14	V3C99_013166
22283	NNNNNN	V3C99_013171
22284	glna-2	V3C99_013172
22285	NNNNNN	V3C99_013173
22286	clh-1	V3C99_013175
22287	NNNNNN	V3C99_013176
22325	NNNNNN	V3C99_013181
22326	F09G2.8	V3C99_013182
22359	NNNNNN	V3C99_013183
22480	NNNNNN	V3C99_013187
22481	NNNNNN	V3C99_013188
22482	NNNNNN	V3C99_013189
22483	ast-1	V3C99_013190
22484	NNNNNN	V3C99_013191
22485	atg-4.2	V3C99_013193
22486	ZK792.1	V3C99_013194
22487	NNNNNN	V3C99_013195
22489	NNNNNN	V3C99_013196
22490	eif-2D	V3C99_013197
22491	C25H3.3	V3C99_013198
22492	C25H3.14	V3C99_013198
22493	NNNNNN	V3C99_013200
22494	clhm-1	V3C99_013201
22495	F59E12.1	V3C99_013202
22496	NNNNNN	V3C99_013203
22497	sam-4	V3C99_013205
22499	gna-1	V3C99_013206
22501	gna-1	V3C99_013207
22503	F46H5.4	V3C99_013208
22504	qdpr-1	V3C99_013209
22505	dnj-17	V3C99_013210
22522	NNNNNN	V3C99_013215
22525	Y54G11A.4	V3C99_013217
22526	Y54G11A.7	V3C99_013217
22527	NNNNNN	V3C99_013218
22528	NNNNNN	V3C99_013219
22529	rpi-1	V3C99_013220
22534	mdt-26	V3C99_013222
22535	NNNNNN	V3C99_013223
22536	fut-3	V3C99_013224
22537	NNNNNN	V3C99_013225
22538	NNNNNN	V3C99_013227
22539	NNNNNN	V3C99_013228
22540	haly-1	V3C99_013229
22541	NNNNNN	V3C99_013230
22542	NNNNNN	V3C99_013231
22543	NNNNNN	V3C99_013232
22545	NNNNNN	V3C99_013235
22546	kel-1	V3C99_013238
22547	xpf-1	V3C99_013239
22548	inos-1	V3C99_013240
22549	cup-5	V3C99_013241
22550	NNNNNN	V3C99_013242
22551	NNNNNN	V3C99_013243
22552	NNNNNN	V3C99_013244
22553	NNNNNN	V3C99_013249
22555	din-1	V3C99_013251
22556	arp-1	V3C99_013253
22557	set-4	V3C99_013254
22559	ced-3	V3C99_013256
22565	NNNNNN	V3C99_013259
22566	prp-6	V3C99_013260
22567	ssup-72	V3C99_013261
22569	F52C9.3	V3C99_013263
22572	R05F9.6	V3C99_013265
22573	B0280.9	V3C99_013267
22574	C07E3.9	V3C99_013268
22576	C07E3.9	V3C99_013269
22580	ilcr-2	V3C99_013271
22581	NNNNNN	V3C99_013272
22582	NNNNNN	V3C99_013273
22583	NNNNNN	V3C99_013274
22585	NNNNNN	V3C99_013279
22586	NNNNNN	V3C99_013279
22588	dut-1	V3C99_013281
22589	eas-1	V3C99_013282
22590	NNNNNN	V3C99_013283
22591	NNNNNN	V3C99_013284
22598	nep-12	V3C99_013285
22601	unc-97	V3C99_013288
22602	NNNNNN	V3C99_013290
22603	agr-1	V3C99_013291
22605	NNNNNN	V3C99_013293
22606	cdl-1	V3C99_013294
22608	nst-1	V3C99_013297
22609	let-268	V3C99_013298
22610	mtcu-2	V3C99_013299
22614	ttc-36	V3C99_013300
22627	glna-1	V3C99_013305
22628	C01G6.4	V3C99_013306
22629	NNNNNN	V3C99_013307
22631	NNNNNN	V3C99_013312
22633	sfxn-5	V3C99_013313
22634	NNNNNN	V3C99_013314
22638	NNNNNN	V3C99_013325
22640	rab-3	V3C99_013327
22642	slc-28.1	V3C99_013328
22643	slc-28.2	V3C99_013328
22644	gpb-1	V3C99_013330
22645	NNNNNN	V3C99_013332
22647	NNNNNN	V3C99_013336
22648	NNNNNN	V3C99_013340
22649	T26C5.3	V3C99_013341
22650	NNNNNN	V3C99_013342
22651	aqp-2	V3C99_013343
22652	NNNNNN	V3C99_013345
22653	NNNNNN	V3C99_013345
22654	NNNNNN	V3C99_013345
22655	NNNNNN	V3C99_013346
22656	ttll-12	V3C99_013347
22657	scp-1	V3C99_013348
22658	eif-3.F	V3C99_013349
22659	wbp-2	V3C99_013350
22660	eat-3	V3C99_013351
22661	egli-1	V3C99_013352
22663	casy-1	V3C99_013354
22666	cap-2	V3C99_013357
22668	gmps-1	V3C99_013359
22669	M106.3	V3C99_013360
22670	M106.7	V3C99_013361
22671	pqn-48	V3C99_013362
22672	bmk-1	V3C99_013363
22674	NNNNNN	V3C99_013365
22675	NNNNNN	V3C99_013366
22676	ctl-1	V3C99_013368
22677	ctl-2	V3C99_013368
22678	ctl-3	V3C99_013368
22680	ctl-1	V3C99_013370
22681	ctl-2	V3C99_013370
22682	ctl-3	V3C99_013370
22683	ctl-1	V3C99_013371
22684	ctl-2	V3C99_013371
22685	ctl-3	V3C99_013371
22686	Y66D12A.8	V3C99_013372
22687	dnj-23	V3C99_013373
22688	arl-1	V3C99_013374
22689	F54C9.9	V3C99_013375
22691	mnat-1	V3C99_013377
22692	bcs-1	V3C99_013378
22696	NNNNNN	V3C99_013381
22698	NNNNNN	V3C99_013383
22700	pde-4	V3C99_013385
22701	NNNNNN	V3C99_013389
22702	unc-52	V3C99_013391
22703	hhat-1	V3C99_013393
22704	NNNNNN	V3C99_013394
22705	NNNNNN	V3C99_013395
22706	NNNNNN	V3C99_013396
22707	NNNNNN	V3C99_013397
22708	mog-2	V3C99_013398
22709	H20J04.6	V3C99_013399
22710	ace-3	V3C99_013402
22721	F23F1.6	V3C99_013404
22722	mog-4	V3C99_013405
22723	alfa-1	V3C99_013406
22725	NNNNNN	V3C99_013407
22726	crh-2	V3C99_013410
22727	gbh-1	V3C99_013411
22728	ptb-1	V3C99_013412
22729	tph-1	V3C99_013415
22730	ptp-3	V3C99_013416
22733	NNNNNN	V3C99_013421
22734	NNNNNN	V3C99_013423
22735	NNNNNN	V3C99_013423
22736	sedl-1	V3C99_013424
22737	NNNNNN	V3C99_013425
22738	hel-1	V3C99_013426
22739	NNNNNN	V3C99_013428
22740	NNNNNN	V3C99_013428
22741	nlt-1	V3C99_013429
22742	daf-22	V3C99_013429
22772	eef-1A.1	V3C99_013432
22773	eef-1A.2	V3C99_013432
22886	lec-3	V3C99_013438
22887	NNNNNN	V3C99_013439
22890	NNNNNN	V3C99_013442
22891	NNNNNN	V3C99_013443
22892	NNNNNN	V3C99_013444
22893	stc-1	V3C99_013445
22894	wdr-31	V3C99_013446
22895	drn-1	V3C99_013456
22896	NNNNNN	V3C99_013457
22898	NNNNNN	V3C99_013458
22899	NNNNNN	V3C99_013458
22900	NNNNNN	V3C99_013458
22901	NNNNNN	V3C99_013458
22902	NNNNNN	V3C99_013458
22904	NNNNNN	V3C99_013461
22906	F42F12.4	V3C99_013463
22907	NNNNNN	V3C99_013465
22908	NNNNNN	V3C99_013466
22909	taap-1	V3C99_013467
22910	taap-1	V3C99_013468
22911	taap-1	V3C99_013469
22912	gbh-2	V3C99_013470
22913	T13H5.1	V3C99_013472
22914	NNNNNN	V3C99_013473
22915	F37H8.5	V3C99_013475
22916	ctg-2	V3C99_013480
22917	rnh-2	V3C99_013482
22919	T13H5.8	V3C99_013483
22920	che-11	V3C99_013484
22921	mig-14	V3C99_013488
22922	NNNNNN	V3C99_013489
22923	NNNNNN	V3C99_013490
22924	K07E3.4	V3C99_013492
22925	osm-1	V3C99_013493
22926	NNNNNN	V3C99_013495
22927	NNNNNN	V3C99_013495
22928	glt-5	V3C99_013499
22929	NNNNNN	V3C99_013500
22930	ech-4	V3C99_013502
22931	NNNNNN	V3C99_013503
22932	copb-1	V3C99_013504
22933	Y25C1A.8	V3C99_013505
22934	Y25C1A.7	V3C99_013506
22935	NNNNNN	V3C99_013507
22936	rps-9	V3C99_013508
22937	lsm-1	V3C99_013509
22938	C29F7.3	V3C99_013510
22939	F40F8.1	V3C99_013510
22940	K07E8.7	V3C99_013511
22941	NNNNNN	V3C99_013512
22942	nep-2	V3C99_013514
22944	upb-1	V3C99_013517
22945	dao-3	V3C99_013518
22949	NNNNNN	V3C99_013521
22951	stg-1	V3C99_013523
22952	rpl-35	V3C99_013524
22953	skpt-1	V3C99_013525
22954	NNNNNN	V3C99_013526
22955	NNNNNN	V3C99_013527
22956	NNNNNN	V3C99_013529
22958	gldi-2	V3C99_013531
22959	NNNNNN	V3C99_013533
22960	dnj-5	V3C99_013534
22962	abch-1	V3C99_013536
22964	NNNNNN	V3C99_013538
22966	osta-3	V3C99_013539
22967	nmr-1	V3C99_013540
22970	NNNNNN	V3C99_013548
22971	NNNNNN	V3C99_013549
22972	C08H9.16	V3C99_013550
22973	vgln-1	V3C99_013551
22974	NNNNNN	V3C99_013552
22995	ctsa-3.1	V3C99_013555
22996	ctsa-3.1	V3C99_013558
22997	NNNNNN	V3C99_013560
22998	NNNNNN	V3C99_013561
22999	NNNNNN	V3C99_013562
23004	ldh-1	V3C99_013570
23005	Y38C1AB.1	V3C99_013571
23006	Y38C1AB.5	V3C99_013571
23009	NNNNNN	V3C99_013576
23012	NNNNNN	V3C99_013577
23015	NNNNNN	V3C99_013578
23016	NNNNNN	V3C99_013579
23017	NNNNNN	V3C99_013580
23018	NNNNNN	V3C99_013582
23019	NNNNNN	V3C99_013582
23020	NNNNNN	V3C99_013582
23021	NNNNNN	V3C99_013582
23022	NNNNNN	V3C99_013582
23026	NNNNNN	V3C99_013583
23027	NNNNNN	V3C99_013584
23029	slc-36.5	V3C99_013586
23031	tcer-1	V3C99_013590
23032	algn-8	V3C99_013592
23033	NNNNNN	V3C99_013594
23035	NNNNNN	V3C99_013594
23036	NNNNNN	V3C99_013594
23037	NNNNNN	V3C99_013595
23039	NNNNNN	V3C99_013595
23040	NNNNNN	V3C99_013595
23041	NNNNNN	V3C99_013596
23043	NNNNNN	V3C99_013596
23044	NNNNNN	V3C99_013596
23049	NNNNNN	V3C99_013600
23051	NNNNNN	V3C99_013600
23052	NNNNNN	V3C99_013600
23055	NNNNNN	V3C99_013605
23056	pos-1	V3C99_013606
23067	cogc-4	V3C99_013608
23068	snpn-1	V3C99_013609
23069	NNNNNN	V3C99_013610
23079	NNNNNN	V3C99_013613
23189	NNNNNN	V3C99_013630
23190	NNNNNN	V3C99_013631
23191	ufd-2	V3C99_013632
23192	pdha-1	V3C99_013633
23194	NNNNNN	V3C99_013635
23195	NNNNNN	V3C99_013636
23196	acdh-12	V3C99_013637
23197	maoc-1	V3C99_013638
23198	fdgt-1	V3C99_013641
23200	mec-4	V3C99_013644
23203	twk-26	V3C99_013648
23204	twk-45	V3C99_013648
23205	rpn-5	V3C99_013649
23206	unc-85	V3C99_013650
23207	asfl-1	V3C99_013650
23208	NNNNNN	V3C99_013651
23209	NNNNNN	V3C99_013652
23211	C17C3.1	V3C99_013654
23212	C17C3.3	V3C99_013654
23214	zmp-4	V3C99_013655
23227	cyn-2	V3C99_013659
23228	cyn-3	V3C99_013659
23229	cyn-7	V3C99_013659
23230	lec-1	V3C99_013661
23232	NNNNNN	V3C99_013664
23233	mdt-8	V3C99_013665
23234	age-1	V3C99_013666
23235	ZK673.2	V3C99_013668
23236	ZK673.2	V3C99_013669
23238	NNNNNN	V3C99_013675
23239	mdt-8	V3C99_013676
23240	age-1	V3C99_013677
23241	ZK673.2	V3C99_013678
23246	alh-1	V3C99_013685
23247	alh-2	V3C99_013685
23248	alh-1	V3C99_013686
23249	alh-2	V3C99_013686
23260	NNNNNN	V3C99_013689
23261	NNNNNN	V3C99_013689
23267	NNNNNN	V3C99_013690
23268	NNNNNN	V3C99_013691
23270	efr-3	V3C99_013698
23271	smg-9	V3C99_013700
23272	dph-2	V3C99_013704
23301	NNNNNN	V3C99_013706
23302	NNNNNN	V3C99_013709
23306	mnat-1	V3C99_013714
23307	tsr-1	V3C99_013715
23308	NNNNNN	V3C99_013717
23309	NNNNNN	V3C99_013718
23310	NNNNNN	V3C99_013724
23315	NNNNNN	V3C99_013728
23316	R08F11.1	V3C99_013729
23317	par-1	V3C99_013732
23320	che-12	V3C99_013734
23321	NNNNNN	V3C99_013735
23322	NNNNNN	V3C99_013736
23323	csn-1	V3C99_013737
23330	NNNNNN	V3C99_013739
23333	folt-2	V3C99_013740
23334	folt-3	V3C99_013740
23335	NNNNNN	V3C99_013741
23337	F28C1.3	V3C99_013743
23338	egl-10	V3C99_013745
23339	NNNNNN	V3C99_013746
23340	efl-1	V3C99_013747
23342	C05C8.1	V3C99_013749
23343	NNNNNN	V3C99_013751
23344	NNNNNN	V3C99_013751
23345	NNNNNN	V3C99_013752
23349	T15B7.1	V3C99_013755
23350	hlh-34	V3C99_013756
23353	T20B3.1	V3C99_013759
23354	NNNNNN	V3C99_013760
23355	NNNNNN	V3C99_013761
23356	mog-5	V3C99_013762
23357	wdr-20	V3C99_013763
23358	aos-1	V3C99_013764
23359	NNNNNN	V3C99_013765
23360	ZC190.4	V3C99_013766
23364	NNNNNN	V3C99_013768
23365	cwf-19L1	V3C99_013769
23366	T04H1.5	V3C99_013770
23369	dhs-22	V3C99_013773
23370	dhs-22	V3C99_013775
23371	NNNNNN	V3C99_013777
23372	NNNNNN	V3C99_013778
23374	NNNNNN	V3C99_013787
23375	F31D4.5	V3C99_013789
23379	NNNNNN	V3C99_013796
23380	clic-1	V3C99_013797
23381	NNNNNN	V3C99_013798
23383	NNNNNN	V3C99_013799
23385	NNNNNN	V3C99_013799
23386	F29A7.4	V3C99_013800
23387	NNNNNN	V3C99_013802
23390	NNNNNN	V3C99_013820
23391	col-43	V3C99_013821
23392	NNNNNN	V3C99_013821
23393	NNNNNN	V3C99_013822
23394	NNNNNN	V3C99_013823
23395	NNNNNN	V3C99_013824
23398	exp-2	V3C99_013826
23403	atg-16.1	V3C99_013829
23405	asps-1	V3C99_013830
23406	gana-1	V3C99_013833
23407	R07B7.10	V3C99_013834
23410	NNNNNN	V3C99_013838
23411	NNNNNN	V3C99_013841
23412	NNNNNN	V3C99_013841
23414	NNNNNN	V3C99_013841
23417	NNNNNN	V3C99_013841
23418	NNNNNN	V3C99_013841
23425	NNNNNN	V3C99_013841
23426	NNNNNN	V3C99_013841
23429	NNNNNN	V3C99_013841
23432	NNNNNN	V3C99_013841
23433	soap-1	V3C99_013842
23434	C13F10.5	V3C99_013843
23435	F56B3.4	V3C99_013845
23437	spcs-2	V3C99_013849
23438	F31D4.2	V3C99_013850
23439	unc-120	V3C99_013853
23440	NNNNNN	V3C99_013855
23443	NNNNNN	V3C99_013861
23444	NNNNNN	V3C99_013861
23445	aqp-4	V3C99_013863
23446	aqp-6	V3C99_013864
23447	aqp-6	V3C99_013865
23448	NNNNNN	V3C99_013870
23449	lmtr-2	V3C99_013871
23450	rpb-9	V3C99_013872
23451	Y97E10AR.6	V3C99_013873
23465	NNNNNN	V3C99_013878
23466	nuo-5	V3C99_013879
23467	Y45G12B.2	V3C99_013880
23468	hid-1	V3C99_013881
23469	Y45G12B.2	V3C99_013882
23470	kel-8	V3C99_013883
23471	W02G9.3	V3C99_013884
23472	Y45G12B.3	V3C99_013887
23473	Y57A10A.29	V3C99_013888
23474	W02G9.4	V3C99_013889
23476	hex-5	V3C99_013891
23477	NNNNNN	V3C99_013893
23478	NNNNNN	V3C99_013893
23479	NNNNNN	V3C99_013893
23492	cyp-33E1	V3C99_013894
23499	cyp-33E2	V3C99_013894
23505	mrpl-39	V3C99_013895
23506	NNNNNN	V3C99_013897
23507	NNNNNN	V3C99_013898
23509	NNNNNN	V3C99_013900
23511	Y32F6A.5	V3C99_013902
23512	Y32F6A.5	V3C99_013903
23514	haao-1	V3C99_013905
23515	NNNNNN	V3C99_013906
23516	F40F9.10	V3C99_013907
23517	aagr-3	V3C99_013909
23518	NNNNNN	V3C99_013910
23521	NNNNNN	V3C99_013916
23528	NNNNNN	V3C99_013917
23530	NNNNNN	V3C99_013917
23531	NNNNNN	V3C99_013917
23533	srsx-26	V3C99_013922
23534	srsx-27	V3C99_013922
23535	srsx-28	V3C99_013922
23536	srsx-29	V3C99_013922
23548	NNNNNN	V3C99_013923
23549	NNNNNN	V3C99_013924
23550	isy-1	V3C99_013925
23551	zhit-3	V3C99_013926
23552	tftc-3	V3C99_013927
23553	rpc-25	V3C99_013928
23554	cytb-5.1	V3C99_013933
23555	atn-1	V3C99_013934
23556	acl-14	V3C99_013935
23557	K07B1.4	V3C99_013936
23558	NNNNNN	V3C99_013937
23559	NNNNNN	V3C99_013937
23561	NNNNNN	V3C99_013937
23562	C37C3.2	V3C99_013938
23564	NNNNNN	V3C99_013939
23565	mlt-4	V3C99_013940
23566	gfm-1	V3C99_013941
23568	swsn-1	V3C99_013942
23569	sld-5	V3C99_013942
23570	spd-1	V3C99_013943
23571	NNNNNN	V3C99_013945
23572	K07C11.7	V3C99_013947
23573	NNNNNN	V3C99_013949
23574	NNNNNN	V3C99_013950
23575	NNNNNN	V3C99_013950
23578	NNNNNN	V3C99_013953
23579	NNNNNN	V3C99_013954
23580	C03H12.1	V3C99_013955
23581	mxl-1	V3C99_013956
23582	pgap-1	V3C99_013957
23583	nuaf-1	V3C99_013960
23584	slrp-1	V3C99_013961
23586	K07B1.7	V3C99_013966
23587	NNNNNN	V3C99_013967
23588	ife-3	V3C99_013968
23589	NNNNNN	V3C99_013970
23592	NNNNNN	V3C99_013970
23593	NNNNNN	V3C99_013970
23594	NNNNNN	V3C99_013970
23595	NNNNNN	V3C99_013970
23597	ech-8	V3C99_013974
23598	ech-9	V3C99_013974
23600	NNNNNN	V3C99_013985
23601	NNNNNN	V3C99_013986
23602	NNNNNN	V3C99_013987
23603	NNNNNN	V3C99_013988
23604	ncx-2	V3C99_013989
23605	natc-2	V3C99_013990
23606	NNNNNN	V3C99_013991
23607	spe-49	V3C99_013992
23608	odc-1	V3C99_013993
23609	NNNNNN	V3C99_013994
23610	T04F3.1	V3C99_013995
23611	NNNNNN	V3C99_013996
23612	amx-3	V3C99_013997
23613	NNNNNN	V3C99_013998
23614	letm-1	V3C99_013999
23615	zig-11	V3C99_014002
23616	cct-7	V3C99_014003
23617	NNNNNN	V3C99_014004
23618	NNNNNN	V3C99_014005
23619	Y61A9LA.10	V3C99_014006
23620	sumv-2	V3C99_014007
23621	pfk-1.2	V3C99_014008
23623	pmt-2	V3C99_014010
23624	NNNNNN	V3C99_014011
23644	NNNNNN	V3C99_014034
23645	K11C4.2	V3C99_014036
23646	unc-70	V3C99_014037
23648	NNNNNN	V3C99_014038
23649	NNNNNN	V3C99_014039
23650	NNNNNN	V3C99_014041
23652	NNNNNN	V3C99_014041
23653	NNNNNN	V3C99_014041
23657	NNNNNN	V3C99_014046
23658	NNNNNN	V3C99_014047
23661	NNNNNN	V3C99_014050
23662	NNNNNN	V3C99_014051
23663	NNNNNN	V3C99_014052
23664	NNNNNN	V3C99_014053
23671	egl-8	V3C99_014060
23672	NNNNNN	V3C99_014061
23673	fmo-4	V3C99_014062
23674	fmo-4	V3C99_014063
23675	NNNNNN	V3C99_014064
23678	unc-41	V3C99_014068
23680	NNNNNN	V3C99_014070
23681	anmt-3	V3C99_014072
23687	NNNNNN	V3C99_014075
23688	T10C6.6	V3C99_014076
23689	mys-2	V3C99_014077
23690	cwc-15	V3C99_014078
23691	pptr-1	V3C99_014079
23692	NNNNNN	V3C99_014080
23716	NNNNNN	V3C99_014087
23717	cdc-25.2	V3C99_014089
23719	scd-2	V3C99_014090
23721	NNNNNN	V3C99_014092
23722	ocr-1	V3C99_014093
23723	gln-2	V3C99_014094
23724	gln-5	V3C99_014094
23725	gln-6	V3C99_014094
23726	gln-2	V3C99_014095
23727	gln-5	V3C99_014095
23728	gln-6	V3C99_014095
23732	NNNNNN	V3C99_014097
23733	NNNNNN	V3C99_014098
23750	NNNNNN	V3C99_014100
23755	C25A8.5	V3C99_014101
23756	F23C8.7	V3C99_014101
23757	NNNNNN	V3C99_014102
23760	C25A8.5	V3C99_014103
23761	F23C8.7	V3C99_014103
23765	rap-2	V3C99_014107
23766	otub-1	V3C99_014107
23767	uda-1	V3C99_014108
23769	NNNNNN	V3C99_014109
23771	cpr-9	V3C99_014111
23773	NNNNNN	V3C99_014113
23774	NNNNNN	V3C99_014115
23776	NNNNNN	V3C99_014115
23777	NNNNNN	V3C99_014115
23778	NNNNNN	V3C99_014115
23779	NNNNNN	V3C99_014115
23780	NNNNNN	V3C99_014115
23782	NNNNNN	V3C99_014115
23783	NNNNNN	V3C99_014116
23784	cdt-2	V3C99_014117
23785	NNNNNN	V3C99_014118
23786	mics-1	V3C99_014120
23787	NNNNNN	V3C99_014121
23788	vps-54	V3C99_014122
23789	NNNNNN	V3C99_014123
23790	F35C11.3	V3C99_014124
23791	M05D6.1	V3C99_014124
23792	crt-1	V3C99_014125
23795	F35C11.3	V3C99_014126
23796	M05D6.1	V3C99_014126
23797	crt-1	V3C99_014127
23800	act-1	V3C99_014129
23801	act-2	V3C99_014129
23802	act-3	V3C99_014129
23803	act-4	V3C99_014129
23804	act-1	V3C99_014130
23805	act-2	V3C99_014130
23806	act-3	V3C99_014130
23807	act-4	V3C99_014130
23808	act-1	V3C99_014131
23809	act-2	V3C99_014131
23810	act-3	V3C99_014131
23811	act-4	V3C99_014131
23812	C14B1.3	V3C99_014132
23813	sde-2	V3C99_014133
23814	F53F4.11	V3C99_014134
23815	NNNNNN	V3C99_014137
23818	C50F4.16	V3C99_014140
23819	NNNNNN	V3C99_014141
23820	NNNNNN	V3C99_014142
23821	NNNNNN	V3C99_014143
23822	eea-1	V3C99_014145
23823	NNNNNN	V3C99_014146
23830	tsfm-1	V3C99_014152
23831	NNNNNN	V3C99_014154
23833	NNNNNN	V3C99_014158
23836	taf-10	V3C99_014161
23837	fkb-6	V3C99_014162
23838	C05C8.7	V3C99_014163
23839	NNNNNN	V3C99_014164
23840	cal-1	V3C99_014166
23841	lipl-1	V3C99_014168
23842	lipl-3	V3C99_014168
23843	lipl-5	V3C99_014168
23844	NNNNNN	V3C99_014169
23860	NNNNNN	V3C99_014171
23861	NNNNNN	V3C99_014172
23879	NNNNNN	V3C99_014175
23881	gtf-2F2	V3C99_014178
23882	tgt-2	V3C99_014179
23883	Y39B6A.34	V3C99_014179
23884	nxf-1	V3C99_014180
23886	hpo-9	V3C99_014181
23890	NNNNNN	V3C99_014187
23891	NNNNNN	V3C99_014188
23892	NNNNNN	V3C99_014189
23897	NNNNNN	V3C99_014191
23898	rgef-1	V3C99_014192
23899	ehbp-1	V3C99_014193
23900	C15C8.4	V3C99_014194
23902	rps-4	V3C99_014197
23903	Y43B11AR.3	V3C99_014198
23904	NNNNNN	V3C99_014199
23906	F08F3.4	V3C99_014200
23907	rmd-2	V3C99_014201
23909	C27H6.8	V3C99_014202
23910	cash-1	V3C99_014203
23911	ugt-49	V3C99_014204
23912	NNNNNN	V3C99_014206
23913	slc-25A29	V3C99_014207
23914	pmp-3	V3C99_014208
23915	rfc-1	V3C99_014209
23916	C38C3.4	V3C99_014210
23917	NNNNNN	V3C99_014211
23918	NNNNNN	V3C99_014211
23919	NNNNNN	V3C99_014211
23920	NNNNNN	V3C99_014211
23921	NNNNNN	V3C99_014211
23923	NNNNNN	V3C99_014211
23927	NNNNNN	V3C99_014212
23935	T28B4.1	V3C99_014213
23936	W01F3.2	V3C99_014214
23937	NNNNNN	V3C99_014217
23943	uig-1	V3C99_014220
23944	NNNNNN	V3C99_014221
23945	NNNNNN	V3C99_014222
23950	NNNNNN	V3C99_014227
23951	NNNNNN	V3C99_014228
23952	NNNNNN	V3C99_014229
23953	NNNNNN	V3C99_014234
23962	hex-1	V3C99_014236
23963	hex-1	V3C99_014237
23964	NNNNNN	V3C99_014238
23966	hil-3	V3C99_014239
23971	zipt-16	V3C99_014241
23975	NNNNNN	V3C99_014256
23977	NNNNNN	V3C99_014256
23978	chw-1	V3C99_014258
23979	NNNNNN	V3C99_014259
23980	cyp-32A1	V3C99_014260
23982	pitr-4	V3C99_014263
23983	F53F8.5	V3C99_014266
23984	NNNNNN	V3C99_014267
24000	F21A3.11	V3C99_014279
24002	B0024.15	V3C99_014280
24013	B0024.15	V3C99_014282
24021	ric-4	V3C99_014284
24022	akt-1	V3C99_014285
24025	snb-1	V3C99_014287
24027	syx-18	V3C99_014288
24028	npp-15	V3C99_014290
24033	NNNNNN	V3C99_014304
24034	dyci-1	V3C99_014305
24035	NNNNNN	V3C99_014306
24036	NNNNNN	V3C99_014306
24039	NNNNNN	V3C99_014306
24040	NNNNNN	V3C99_014306
24044	NNNNNN	V3C99_014307
24045	NNNNNN	V3C99_014307
24048	NNNNNN	V3C99_014307
24049	NNNNNN	V3C99_014307
24053	NNNNNN	V3C99_014309
24055	nkcc-1	V3C99_014311
24056	soc-1	V3C99_014321
24057	srp-1	V3C99_014322
24058	srp-2	V3C99_014322
24063	algn-5	V3C99_014324
24064	rpac-40	V3C99_014325
24065	H43I07.1	V3C99_014326
24067	NNNNNN	V3C99_014328
24068	NNNNNN	V3C99_014329
24070	hsp-90	V3C99_014332
24071	C47E8.4	V3C99_014333
24090	NNNNNN	V3C99_014336
24091	NNNNNN	V3C99_014339
24122	NNNNNN	V3C99_014342
24123	NNNNNN	V3C99_014343
24139	kvs-2	V3C99_014347
24140	NNNNNN	V3C99_014348
24153	kvs-3	V3C99_014355
24154	NNNNNN	V3C99_014356
24155	B0035.3	V3C99_014358
24156	dnj-22	V3C99_014359
24160	NNNNNN	V3C99_014363
24164	NNNNNN	V3C99_014364
24166	NNNNNN	V3C99_014365
24167	C56A3.4	V3C99_014366
24224	NNNNNN	V3C99_014371
24225	sbt-1	V3C99_014373
24226	num-1	V3C99_014379
24227	NNNNNN	V3C99_014380
24228	NNNNNN	V3C99_014380
24252	NNNNNN	V3C99_014390
24361	rhr-2	V3C99_014399
24362	tre-3	V3C99_014400
24363	ceh-32	V3C99_014402
24365	NNNNNN	V3C99_014404
24368	dhs-21	V3C99_014409
24371	memo-1	V3C99_014411
24373	lgc-36	V3C99_014415
24374	NNNNNN	V3C99_014417
24375	F22F7.7	V3C99_014421
24376	rme-1	V3C99_014423
24377	unc-45	V3C99_014424
24378	NNNNNN	V3C99_014425
24384	NNNNNN	V3C99_014427
24398	NNNNNN	V3C99_014431
24399	dcs-1	V3C99_014432
24400	fre-1	V3C99_014433
24402	NNNNNN	V3C99_014435
24404	gcst-1	V3C99_014438
24405	NNNNNN	V3C99_014439
24406	NNNNNN	V3C99_014440
24407	rpl-38	V3C99_014441
24408	NNNNNN	V3C99_014443
24437	trx-2	V3C99_014447
24440	vps-39	V3C99_014448
24441	C16D9.6	V3C99_014450
24442	NNNNNN	V3C99_014451
24443	dvc-1	V3C99_014452
24445	NNNNNN	V3C99_014454
24448	rmd-2	V3C99_014456
24464	NNNNNN	V3C99_014462
24489	NNNNNN	V3C99_014476
24490	arid-1	V3C99_014477
24491	F32D8.14	V3C99_014478
24492	F32D8.4	V3C99_014479
24493	F32D8.12	V3C99_014480
24501	bud-13	V3C99_014482
24502	plrg-1	V3C99_014483
24503	prp-38	V3C99_014484
24504	secs-1	V3C99_014485
24521	NNNNNN	V3C99_014490
24522	NNNNNN	V3C99_014491
24525	NNNNNN	V3C99_014494
24527	NNNNNN	V3C99_014495
24529	figl-1	V3C99_014496
24530	npp-22	V3C99_014497
24531	NNNNNN	V3C99_014500
24533	NNNNNN	V3C99_014501
24535	npp-22	V3C99_014502
24536	NNNNNN	V3C99_014503
24541	B0024.15	V3C99_014509
24552	NNNNNN	V3C99_014510
24553	nol-16	V3C99_014511
24554	NNNNNN	V3C99_014515
24555	NNNNNN	V3C99_014516
24556	NNNNNN	V3C99_014517
24571	NNNNNN	V3C99_014523
24572	rmh-2	V3C99_014524
24573	NNNNNN	V3C99_014526
24575	eelo-1	V3C99_014531
24576	ZK287.7	V3C99_014532
24579	xbx-6	V3C99_014535
24580	mrck-1	V3C99_014537
24581	NNNNNN	V3C99_014545
24597	NNNNNN	V3C99_014548
24598	NNNNNN	V3C99_014548
24602	NNNNNN	V3C99_014568
24603	NNNNNN	V3C99_014568
24604	NNNNNN	V3C99_014568
24605	NNNNNN	V3C99_014572
24608	NNNNNN	V3C99_014576
24609	rps-30	V3C99_014579
24610	NNNNNN	V3C99_014580
24611	NNNNNN	V3C99_014581
24612	Y32F6B.1	V3C99_014582
24614	NNNNNN	V3C99_014583
24615	NNNNNN	V3C99_014584
24616	pha-4	V3C99_014585
24618	NNNNNN	V3C99_014588
24664	NNNNNN	V3C99_014600
24665	T25B9.4	V3C99_014601
24669	sul-2	V3C99_014604
24670	sul-2	V3C99_014609
24673	smoc-1	V3C99_014620
24674	smoc-1	V3C99_014621
24676	NNNNNN	V3C99_014626
24677	gld-1	V3C99_014627
24679	snap-1	V3C99_014629
24680	pgs-1	V3C99_014631
24681	ncx-5	V3C99_014633
24682	Y32F6B.1	V3C99_014635
24684	NNNNNN	V3C99_014643
24685	cgp-1	V3C99_014644
24687	NNNNNN	V3C99_014647
24688	NNNNNN	V3C99_014648
24690	NNNNNN	V3C99_014648
24691	saeg-1	V3C99_014650
24697	K03B8.6	V3C99_014656
24728	NNNNNN	V3C99_014659
24729	NNNNNN	V3C99_014660
24730	H27A22.1	V3C99_014667
24731	scpl-4	V3C99_014668
24732	marc-2	V3C99_014669
24733	abhd-3.1	V3C99_014671
24734	abhd-3.2	V3C99_014671
24735	stn-2	V3C99_014675
24736	stn-2	V3C99_014677
24737	NNNNNN	V3C99_014678
24738	C13F10.7	V3C99_014680
24739	kxd-1	V3C99_014681
24740	C13F10.7	V3C99_014682
24741	kxd-1	V3C99_014683
24742	hpo-31	V3C99_014689
24743	sel-10	V3C99_014690
24744	ceh-24	V3C99_014692
24745	tag-120	V3C99_014693
24748	NNNNNN	V3C99_014695
24749	NNNNNN	V3C99_014696
24750	T28H10.1	V3C99_014698
24752	rbm-25	V3C99_014699
24753	NNNNNN	V3C99_014700
24754	mrps-11	V3C99_014701
24755	NNNNNN	V3C99_014702
24756	NNNNNN	V3C99_014706
24759	NNNNNN	V3C99_014707
24761	NNNNNN	V3C99_014707
24763	lgmn-1	V3C99_014710
24767	lgmn-1	V3C99_014714
24768	haf-3	V3C99_014715
24769	dlst-1	V3C99_014716
24770	haf-3	V3C99_014717
24771	W02F12.4	V3C99_014718
24773	fan-1	V3C99_014721
24774	lmd-3	V3C99_014722
24775	wdr-62	V3C99_014724
24783	gly-1	V3C99_014729
24784	unc-68	V3C99_014731
24785	lipl-6	V3C99_014732
24798	NNNNNN	V3C99_014735
24799	NNNNNN	V3C99_014737
24800	cri-2	V3C99_014738
24801	F20D6.11	V3C99_014739
24807	NNNNNN	V3C99_014740
24808	NNNNNN	V3C99_014740
24809	NNNNNN	V3C99_014740
24835	NNNNNN	V3C99_014743
24836	NNNNNN	V3C99_014743
24861	NNNNNN	V3C99_014745
24864	NNNNNN	V3C99_014745
24890	NNNNNN	V3C99_014746
24893	NNNNNN	V3C99_014746
24934	NNNNNN	V3C99_014751
24935	NNNNNN	V3C99_014751
24936	NNNNNN	V3C99_014751
24937	NNNNNN	V3C99_014751
24963	NNNNNN	V3C99_014752
24966	NNNNNN	V3C99_014752
24990	mes-4	V3C99_014755
24991	cyp-13A7	V3C99_014759
24995	cyp-13A11	V3C99_014759
24996	cyp-13A12	V3C99_014759
24998	cyp-13A4	V3C99_014759
24999	cyp-13A5	V3C99_014759
25002	cyp-13A3	V3C99_014759
25004	cyp-13A1	V3C99_014759
25005	cyp-13A10	V3C99_014759
25010	cyp-13A7	V3C99_014761
25014	cyp-13A11	V3C99_014761
25015	cyp-13A12	V3C99_014761
25017	cyp-13A4	V3C99_014761
25018	cyp-13A5	V3C99_014761
25021	cyp-13A3	V3C99_014761
25023	cyp-13A1	V3C99_014761
25024	cyp-13A10	V3C99_014761
25029	famh-161	V3C99_014762
25034	ret-1	V3C99_014771
25035	NNNNNN	V3C99_014772
25039	NNNNNN	V3C99_014778
25040	NNNNNN	V3C99_014779
25041	R07B7.8	V3C99_014781
25042	R07B7.9	V3C99_014781
25046	NNNNNN	V3C99_014793
25047	NNNNNN	V3C99_014795
25048	NNNNNN	V3C99_014796
25049	NNNNNN	V3C99_014797
25050	NNNNNN	V3C99_014797
25051	lpin-1	V3C99_014798
25052	rom-3	V3C99_014801
25053	rom-4	V3C99_014801
25054	NNNNNN	V3C99_014802
25055	NNNNNN	V3C99_014805
25056	NNNNNN	V3C99_014805
25057	NNNNNN	V3C99_014805
25058	NNNNNN	V3C99_014806
25059	NNNNNN	V3C99_014806
25060	NNNNNN	V3C99_014806
25063	NNNNNN	V3C99_014807
25064	NNNNNN	V3C99_014807
25065	NNNNNN	V3C99_014807
25070	NNNNNN	V3C99_014811
25071	NNNNNN	V3C99_014811
25072	NNNNNN	V3C99_014811
25073	NNNNNN	V3C99_014811
25075	NNNNNN	V3C99_014812
25076	NNNNNN	V3C99_014813
25084	rskd-1	V3C99_014815
25085	srpa-68	V3C99_014816
25087	NNNNNN	V3C99_014818
25090	NNNNNN	V3C99_014823
25091	NNNNNN	V3C99_014824
25092	NNNNNN	V3C99_014825
25093	NNNNNN	V3C99_014826
25094	spl-2	V3C99_014827
25095	NNNNNN	V3C99_014830
25101	NNNNNN	V3C99_014834
25104	NNNNNN	V3C99_014836
25105	NNNNNN	V3C99_014837
25112	ptd-2	V3C99_014843
25128	F25B4.8	V3C99_014850
25130	Y42A5A.5	V3C99_014866
25131	erfa-3	V3C99_014867
25135	cdkl-1	V3C99_014870
25137	cdkl-1	V3C99_014872
25138	Y42A5A.1	V3C99_014873
25139	NNNNNN	V3C99_014874
25140	NNNNNN	V3C99_014875
25141	NNNNNN	V3C99_014875
25142	fib-1	V3C99_014879
25143	rps-16	V3C99_014880
25145	ampd-1	V3C99_014882
25154	NNNNNN	V3C99_014886
25155	cnb-1	V3C99_014889
25156	NNNNNN	V3C99_014891
25159	NNNNNN	V3C99_014896
25160	NNNNNN	V3C99_014898
25161	col-43	V3C99_014899
25162	NNNNNN	V3C99_014899
25163	tomm-20	V3C99_014900
25164	NNNNNN	V3C99_014901
25165	Y39B6A.33	V3C99_014902
25167	acdh-3	V3C99_014903
25171	hsp-16.41	V3C99_014904
25172	hsp-16.48	V3C99_014904
25173	hsp-16.49	V3C99_014904
25177	acdh-3	V3C99_014905
25178	NNNNNN	V3C99_014906
25179	cgp-1	V3C99_014907
25180	NNNNNN	V3C99_014912
25183	pax-1	V3C99_014914
25184	nol-56	V3C99_014915
25185	NNNNNN	V3C99_014917
25186	NNNNNN	V3C99_014917
25187	NNNNNN	V3C99_014917
25188	NNNNNN	V3C99_014917
25189	NNNNNN	V3C99_014917
25192	emb-4	V3C99_014927
25193	gly-7	V3C99_014928
25194	NNNNNN	V3C99_014928
25196	NNNNNN	V3C99_014929
25197	NNNNNN	V3C99_014929
25198	NNNNNN	V3C99_014932
25203	cpr-6	V3C99_014936
25204	NNNNNN	V3C99_014937
25205	R10D12.13	V3C99_014938
25206	NNNNNN	V3C99_014939
25207	NNNNNN	V3C99_014941
25209	sptl-2	V3C99_014944
25212	NNNNNN	V3C99_014950
25213	NNNNNN	V3C99_014951
25214	NNNNNN	V3C99_014952
25215	NNNNNN	V3C99_014953
25216	NNNNNN	V3C99_014956
25217	NNNNNN	V3C99_014958
25219	mct-6	V3C99_014962
25221	mlk-1	V3C99_014963
25224	pqn-51	V3C99_014965
25225	NNNNNN	V3C99_014967
25227	NNNNNN	V3C99_014968
25228	NNNNNN	V3C99_014968
25229	NNNNNN	V3C99_014968
25230	NNNNNN	V3C99_014969
25231	NNNNNN	V3C99_014969
25232	NNNNNN	V3C99_014969
25234	C39F7.5	V3C99_014972
25235	rab-1	V3C99_014973
25238	NNNNNN	V3C99_014976
25239	NNNNNN	V3C99_014981
25241	NNNNNN	V3C99_014981
25242	spe-42	V3C99_014989
25243	asns-1	V3C99_014990
25245	acds-10	V3C99_014992
25246	NNNNNN	V3C99_014993
25247	NNNNNN	V3C99_014994
25248	T03D8.6	V3C99_014995
25249	NNNNNN	V3C99_014996
25250	NNNNNN	V3C99_014998
25251	hif-1	V3C99_014999
25252	pitr-2	V3C99_015001
25253	pitr-3	V3C99_015001
25256	lin-40	V3C99_015010
25257	NNNNNN	V3C99_015011
25258	NNNNNN	V3C99_015012
25260	NNNNNN	V3C99_015018
25261	NNNNNN	V3C99_015020
25262	NNNNNN	V3C99_015021
25263	unc-80	V3C99_015023
25265	idhg-1	V3C99_015025
25266	moma-1	V3C99_015026
25267	kmo-1	V3C99_015027
25268	elp-1	V3C99_015028
25269	NNNNNN	V3C99_015032
25270	NNNNNN	V3C99_015036
25275	NNNNNN	V3C99_015038
25279	dmd-10	V3C99_015039
25282	cyp-33D3	V3C99_015041
25286	cyp-33C9	V3C99_015041
25287	cyp-33C7	V3C99_015041
25288	cyp-33C5	V3C99_015041
25289	cyp-33C3	V3C99_015041
25292	cyp-33C4	V3C99_015041
25295	NNNNNN	V3C99_015042
25296	NNNNNN	V3C99_015053
25297	NNNNNN	V3C99_015055
25298	C27A7.5	V3C99_015056
25299	aqp-3	V3C99_015059
25300	lev-9	V3C99_015060
25301	peli-1	V3C99_015066
25302	NNNNNN	V3C99_015067
25303	T19B10.5	V3C99_015069
25304	rad-50	V3C99_015071
25306	NNNNNN	V3C99_015076
25307	spe-26	V3C99_015078
25308	usp-50	V3C99_015079
25310	B0416.5	V3C99_015080
25311	dhod-1	V3C99_015081
25312	NNNNNN	V3C99_015082
25313	prmt-1	V3C99_015083
25314	mdt-17	V3C99_015084
25315	egl-3	V3C99_015085
25316	C51E3.6	V3C99_015086
25319	rin-1	V3C99_015087
25320	NNNNNN	V3C99_015089
25322	F54E12.2	V3C99_015091
25324	T23H2.3	V3C99_015091
25325	dkf-2	V3C99_015092
25326	tmd-2	V3C99_015094
25327	E01A2.1	V3C99_015095
25328	E01A2.1	V3C99_015097
25362	NNNNNN	V3C99_015106
25363	NNNNNN	V3C99_015107
25364	NNNNNN	V3C99_015108
25365	rtfo-1	V3C99_015109
25366	NNNNNN	V3C99_015110
25368	eif-2Bdelta	V3C99_015113
25369	NNNNNN	V3C99_015114
25370	NNNNNN	V3C99_015115
25371	NNNNNN	V3C99_015116
25372	NNNNNN	V3C99_015117
25373	klp-18	V3C99_015121
25374	ints-1	V3C99_015122
25375	Y43F8B.2	V3C99_015123
25376	NNNNNN	V3C99_015125
25377	ccz-1	V3C99_015128
25409	NNNNNN	V3C99_015134
25410	NNNNNN	V3C99_015139
25415	lmtr-3	V3C99_015143
25416	C06H2.2	V3C99_015144
25417	NNNNNN	V3C99_015145
25418	NNNNNN	V3C99_015146
25419	angl-1	V3C99_015147
25420	angl-1	V3C99_015148
25421	W02H5.8	V3C99_015149
25422	NNNNNN	V3C99_015150
25423	NNNNNN	V3C99_015150
25425	cyp-33D3	V3C99_015153
25429	cyp-33C9	V3C99_015153
25430	cyp-33C7	V3C99_015153
25431	cyp-33C5	V3C99_015153
25432	cyp-33C3	V3C99_015153
25435	cyp-33C4	V3C99_015153
25439	NNNNNN	V3C99_015155
25440	C14C10.5	V3C99_015156
25441	NNNNNN	V3C99_015157
25442	tasp-1	V3C99_015158
25443	lmn-1	V3C99_015160
25444	ucp-4	V3C99_015161
25445	coq-6	V3C99_015162
25446	myo-5	V3C99_015163
25447	npr-5	V3C99_015165
25448	F44A2.3	V3C99_015169
25449	C24G6.8	V3C99_015170
25451	NNNNNN	V3C99_015172
25453	NNNNNN	V3C99_015174
25454	NNNNNN	V3C99_015175
25455	cyp-42A1	V3C99_015176
25457	NNNNNN	V3C99_015184
25458	mpst-1	V3C99_015185
25459	NNNNNN	V3C99_015185
25460	mpst-1	V3C99_015186
25461	tig-2	V3C99_015188
25462	F39G3.4	V3C99_015190
25463	F39G3.5	V3C99_015190
25464	prx-6	V3C99_015191
25466	prp-39	V3C99_015194
25467	hmgs-1	V3C99_015195
25470	NNNNNN	V3C99_015197
25471	NNNNNN	V3C99_015197
25472	pyc-1	V3C99_015200
25473	R11D1.1	V3C99_015202
25474	acl-6	V3C99_015203
25476	NNNNNN	V3C99_015210
25479	F53F8.5	V3C99_015215
25480	K07A1.3	V3C99_015216
25483	hlh-15	V3C99_015220
25485	algn-7	V3C99_015223
25488	pph-5	V3C99_015226
25489	adh-5	V3C99_015227
25490	trm-2A	V3C99_015227
25491	gar-3	V3C99_015228
25492	NNNNNN	V3C99_015229
25494	NNNNNN	V3C99_015232
25495	F32D8.5	V3C99_015233
25496	kcnl-1	V3C99_015234
25497	dlat-1	V3C99_015236
25498	gcs-1	V3C99_015237
25499	capg-2	V3C99_015239
25500	dlg-1	V3C99_015242
25511	cel-1	V3C99_015246
25512	NNNNNN	V3C99_015247
25513	NNNNNN	V3C99_015249
25514	vab-8	V3C99_015251
25515	ogdh-2	V3C99_015252
25516	rnp-1	V3C99_015255
25517	dpy-30	V3C99_015256
25519	NNNNNN	V3C99_015264
25520	NNNNNN	V3C99_015265
25521	cbs-1	V3C99_015269
25522	cbs-2	V3C99_015269
25523	F32D8.15	V3C99_015273
25524	NNNNNN	V3C99_015274
25526	NNNNNN	V3C99_015277
25527	NNNNNN	V3C99_015279
25528	F09G2.2	V3C99_015280
25529	NNNNNN	V3C99_015282
25530	npr-13	V3C99_015286
25531	NNNNNN	V3C99_015287
25532	NNNNNN	V3C99_015288
25533	NNNNNN	V3C99_015289
25535	hum-2	V3C99_015297
25536	paf-1	V3C99_015300
25537	paf-2	V3C99_015300
25538	parp-1	V3C99_015302
25540	pgap-3	V3C99_015303
25541	jamp-1	V3C99_015304
25542	seip-1	V3C99_015305
25544	crls-1	V3C99_015308
25545	NNNNNN	V3C99_015309
25546	NNNNNN	V3C99_015310
25547	NNNNNN	V3C99_015311
25548	enpp-1	V3C99_015312
25549	C27A7.3	V3C99_015312
25554	best-14	V3C99_015316
25557	C01B4.6	V3C99_015326
25558	Y19D10A.16	V3C99_015326
25559	NNNNNN	V3C99_015327
25560	emb-27	V3C99_015330
25562	F36D4.5	V3C99_015334
25563	dmd-3	V3C99_015335
25564	B0507.2	V3C99_015337
25565	eif-3.K	V3C99_015340
25566	mpst-7	V3C99_015341
25567	mpst-7	V3C99_015345
25568	eif-3.K	V3C99_015346
25569	NNNNNN	V3C99_015347
25570	bus-17	V3C99_015349
25571	pqn-68	V3C99_015351
25573	NNNNNN	V3C99_015354
25574	daam-1	V3C99_015355
25577	ttbk-7	V3C99_015359
25578	Y41E3.7	V3C99_015360
25580	acr-15	V3C99_015363
25582	acr-16	V3C99_015365
25583	NNNNNN	V3C99_015366
25586	eef-1G	V3C99_015370
25587	ctf-4	V3C99_015371
25588	NNNNNN	V3C99_015372
25591	ech-2	V3C99_015377
25592	NNNNNN	V3C99_015381
25593	NNNNNN	V3C99_015382
25594	sftb-2	V3C99_015386
25596	W03F9.1	V3C99_015387
25599	acl-2	V3C99_015392
25600	NNNNNN	V3C99_015394
25602	NNNNNN	V3C99_015397
25603	unc-39	V3C99_015398
25607	Y49A3A.3	V3C99_015410
25608	cept-2	V3C99_015411
25609	hsp-17	V3C99_015412
25610	parn-1	V3C99_015413
25611	krr-1	V3C99_015415
25612	vab-15	V3C99_015419
25614	NNNNNN	V3C99_015424
25616	prx-1	V3C99_015427
25617	NNNNNN	V3C99_015430
25618	pptr-2	V3C99_015433
25619	NNNNNN	V3C99_015434
25620	NNNNNN	V3C99_015435
25621	NNNNNN	V3C99_015436
25622	ints-9	V3C99_015437
25623	swan-1	V3C99_015447
25624	swan-2	V3C99_015448
25625	snu-66	V3C99_015449
25627	NNNNNN	V3C99_015451
25629	NNNNNN	V3C99_015454
25630	nphp-2	V3C99_015455
25631	NNNNNN	V3C99_015456
25633	nphp-2	V3C99_015459
25634	NNNNNN	V3C99_015460
25640	unc-34	V3C99_015463
25641	rnst-2	V3C99_015464
25645	pygl-1	V3C99_015469
25647	NNNNNN	V3C99_015472
25649	dnj-19	V3C99_015475
25651	NNNNNN	V3C99_015478
25652	hpo-15	V3C99_015481
25653	mms-19	V3C99_015482
25655	NNNNNN	V3C99_015484
25658	glc-3	V3C99_015489
25659	NNNNNN	V3C99_015490
25660	bub-3	V3C99_015492
25661	NNNNNN	V3C99_015493
25662	mrps-12	V3C99_015494
25663	NNNNNN	V3C99_015495
25664	NNNNNN	V3C99_015496
25665	NNNNNN	V3C99_015498
25666	NNNNNN	V3C99_015500
25672	NNNNNN	V3C99_015517
25674	T27E9.2	V3C99_015521
25675	cyl-1	V3C99_015522
25676	NNNNNN	V3C99_015524
25677	mans-2	V3C99_015526
25678	snr-4	V3C99_015527
25679	mif-2	V3C99_015528
25681	NNNNNN	V3C99_015529
25682	NNNNNN	V3C99_015533
25683	let-355	V3C99_015535
25684	unc-62	V3C99_015537
25685	osm-6	V3C99_015538
25690	tmed-12	V3C99_015548
25691	tmed-4	V3C99_015548
25692	gly-4	V3C99_015549
25693	fars-2	V3C99_015550
25694	NNNNNN	V3C99_015551
25695	C37H5.13	V3C99_015552
25697	nex-4	V3C99_015553
25698	NNNNNN	V3C99_015554
25699	NNNNNN	V3C99_015556
25700	NNNNNN	V3C99_015560
25702	NNNNNN	V3C99_015563
25704	NNNNNN	V3C99_015563
25705	NNNNNN	V3C99_015563
25722	NNNNNN	V3C99_015563
25732	NNNNNN	V3C99_015563
25744	NNNNNN	V3C99_015564
25745	NNNNNN	V3C99_015565
25751	NNNNNN	V3C99_015568
25753	eat-6	V3C99_015570
25754	max-1	V3C99_015572
25755	NNNNNN	V3C99_015575
25757	NNNNNN	V3C99_015576
25758	ska-1	V3C99_015578
25759	frm-7	V3C99_015581
25760	NNNNNN	V3C99_015582
25762	NNNNNN	V3C99_015590
25803	zwl-1	V3C99_015592
25805	myo-3	V3C99_015594
25806	sluh-7	V3C99_015595
25807	magu-2	V3C99_015596
25808	NNNNNN	V3C99_015597
25809	NNNNNN	V3C99_015598
25826	NNNNNN	V3C99_015604
25827	bcl-11	V3C99_015607
25829	xbx-1	V3C99_015621
25830	NNNNNN	V3C99_015626
25831	vars-1	V3C99_015630
25832	algn-12	V3C99_015632
25833	glrx-3	V3C99_015634
25834	NNNNNN	V3C99_015635
25836	NNNNNN	V3C99_015636
25837	ZK632.4	V3C99_015637
25842	sptl-3	V3C99_015641
25843	NNNNNN	V3C99_015646
25844	NNNNNN	V3C99_015648
25845	dna-2	V3C99_015650
25846	pes-9	V3C99_015651
25847	NNNNNN	V3C99_015653
25849	ztf-7	V3C99_015656
25850	F46B6.6	V3C99_015657
25852	F46B6.4	V3C99_015659
25853	F46B6.12	V3C99_015660
25854	egl-46	V3C99_015661
25855	NNNNNN	V3C99_015662
25856	Y97E10AL.1	V3C99_015663
25857	NNNNNN	V3C99_015664
25858	NNNNNN	V3C99_015665
25860	klc-2	V3C99_015666
25861	NNNNNN	V3C99_015667
25862	ncx-1	V3C99_015670
25863	sec-23	V3C99_015671
25864	NNNNNN	V3C99_015676
25865	slo-1	V3C99_015680
25866	NNNNNN	V3C99_015681
25867	dre-1	V3C99_015682
25868	abcf-1	V3C99_015684
25869	C54D10.10	V3C99_015685
25870	dop-2	V3C99_015686
25872	Y48G1C.12	V3C99_015688
25873	NNNNNN	V3C99_015691
25874	sti-1	V3C99_015692
25875	lec-12	V3C99_015693
25876	NNNNNN	V3C99_015694
25877	NNNNNN	V3C99_015694
25878	NNNNNN	V3C99_015697
25879	B0207.6	V3C99_015698
25880	mett-10	V3C99_015700
25881	ZK856.5	V3C99_015701
25882	cpz-2	V3C99_015703
25883	ifbp-1	V3C99_015704
25884	zipt-9	V3C99_015705
25885	NNNNNN	V3C99_015706
25886	R186.3	V3C99_015707
25888	NNNNNN	V3C99_015713
25891	NNNNNN	V3C99_015718
25894	NNNNNN	V3C99_015727
25904	NNNNNN	V3C99_015737
25906	NNNNNN	V3C99_015739
25908	snt-5	V3C99_015744
25913	acr-8	V3C99_015748
25917	C56C10.6	V3C99_015753
25918	F54H5.2	V3C99_015753
25935	snt-3	V3C99_015758
25936	unc-112	V3C99_015767
25937	rft-2	V3C99_015768
25938	rft-1	V3C99_015768
25939	NNNNNN	V3C99_015769
25941	NNNNNN	V3C99_015771
25947	ncs-5	V3C99_015775
25950	NNNNNN	V3C99_015777
25951	NNNNNN	V3C99_015778
25952	fut-8	V3C99_015780
25953	NNNNNN	V3C99_015781
25954	gmpr-1	V3C99_015782
25955	NNNNNN	V3C99_015789
25956	T10B5.3	V3C99_015790
25957	slfl-5	V3C99_015792
25960	NNNNNN	V3C99_015800
25991	NNNNNN	V3C99_015806
25992	NNNNNN	V3C99_015807
25994	ttx-1	V3C99_015809
25997	hmp-1	V3C99_015812
25998	emc-6	V3C99_015813
26034	asp-5	V3C99_015824
26035	NNNNNN	V3C99_015824
26038	asp-5	V3C99_015825
26039	NNNNNN	V3C99_015825
26042	C10G8.8	V3C99_015827
26043	emc-6	V3C99_015829
26044	ceh-34	V3C99_015836
26045	C10G8.8	V3C99_015837
26046	dhs-20	V3C99_015840
26047	cul-5	V3C99_015841
26048	mnr-1	V3C99_015842
26049	C23G10.2	V3C99_015843
26050	tag-290	V3C99_015847
26051	NNNNNN	V3C99_015848
26052	NNNNNN	V3C99_015849
26053	symk-1	V3C99_015850
26055	C10B5.1	V3C99_015852
26056	pxn-1	V3C99_015853
26058	NNNNNN	V3C99_015854
26060	NNNNNN	V3C99_015856
26061	NNNNNN	V3C99_015858
26062	NNNNNN	V3C99_015858
26066	smk-1	V3C99_015860
26067	R07G3.8	V3C99_015861
26068	cdc-42	V3C99_015862
26069	NNNNNN	V3C99_015863
26072	F41E6.5	V3C99_015866
26073	tag-196	V3C99_015869
26074	NNNNNN	V3C99_015870
26075	NNNNNN	V3C99_015871
26076	atg-18	V3C99_015872
26081	cpi-2	V3C99_015877
26085	NNNNNN	V3C99_015878
26092	picc-1	V3C99_015883
26093	aps-1	V3C99_015884
26102	M02B7.2	V3C99_015886
26103	R02D3.8	V3C99_015886
26104	M02B7.2	V3C99_015889
26105	R02D3.8	V3C99_015889
26106	NNNNNN	V3C99_015892
26107	NNNNNN	V3C99_015893
26108	NNNNNN	V3C99_015893
26109	NNNNNN	V3C99_015894
26110	NNNNNN	V3C99_015894
26111	NNNNNN	V3C99_015895
26112	mrg-1	V3C99_015896
26114	NNNNNN	V3C99_015897
26115	NNNNNN	V3C99_015898
26116	NNNNNN	V3C99_015899
26117	B0001.4	V3C99_015901
26118	B0001.4	V3C99_015902
26119	nphp-4	V3C99_015907
26120	NNNNNN	V3C99_015908
26122	NNNNNN	V3C99_015909
26123	NNNNNN	V3C99_015910
26126	pkc-1	V3C99_015925
26127	NNNNNN	V3C99_015926
26128	eif-2A	V3C99_015929
26130	NNNNNN	V3C99_015933
26131	NNNNNN	V3C99_015933
26132	mks-3	V3C99_015934
26134	NNNNNN	V3C99_015938
26148	NNNNNN	V3C99_015947
26150	NNNNNN	V3C99_015950
26151	rpt-2	V3C99_015951
26152	jmjc-1	V3C99_015952
26153	NNNNNN	V3C99_015964
26154	T06E6.1	V3C99_015965
26155	picd-1	V3C99_015966
26156	T06E6.1	V3C99_015967
26157	trm-1	V3C99_015968
26158	exc-14	V3C99_015969
26160	NNNNNN	V3C99_015970
26164	NNNNNN	V3C99_015977
26167	F47G9.4	V3C99_015981
26168	tmed-10	V3C99_015991
26170	Y60A3A.19	V3C99_015992
26171	NNNNNN	V3C99_015993
26172	NNNNNN	V3C99_015994
26173	fpn-1.2	V3C99_015995
26174	tbc-7	V3C99_015996
26177	ges-1	V3C99_016000
26182	adss-1	V3C99_016005
26183	hsp-6	V3C99_016007
26184	C37H5.5	V3C99_016008
26187	acr-10	V3C99_016013
26188	bre-4	V3C99_016014
26189	bre-4	V3C99_016015
26190	bre-4	V3C99_016016
26191	NNNNNN	V3C99_016018
26192	aps-2	V3C99_016020
26193	NNNNNN	V3C99_016021
26194	B0024.13	V3C99_016023
26195	NNNNNN	V3C99_016024
26196	cdf-2	V3C99_016027
26197	NNNNNN	V3C99_016028
26198	NNNNNN	V3C99_016029
26199	NNNNNN	V3C99_016030
26201	NNNNNN	V3C99_016036
26202	NNNNNN	V3C99_016038
26211	Y57E12AL.1	V3C99_016042
26212	tmem-258	V3C99_016043
26213	NNNNNN	V3C99_016044
26214	sma-1	V3C99_016045
26216	cosa-1	V3C99_016050
26217	prdx-2	V3C99_016051
26218	algn-2	V3C99_016053
26219	F09E5.3	V3C99_016054
26220	NNNNNN	V3C99_016055
26221	NNNNNN	V3C99_016061
26222	rbx-1	V3C99_016062
26223	NNNNNN	V3C99_016063
26224	NNNNNN	V3C99_016067
26225	abhd-12	V3C99_016068
26229	rcor-1	V3C99_016070
26230	NNNNNN	V3C99_016072
26232	cubn-1	V3C99_016074
26242	NNNNNN	V3C99_016086
26243	NNNNNN	V3C99_016087
26244	sut-2	V3C99_016088
26245	chn-1	V3C99_016089
26246	sos-1	V3C99_016090
26248	unc-23	V3C99_016096
26249	C50B6.7	V3C99_016097
26251	C01G10.7	V3C99_016103
26252	atg-13	V3C99_016104
26253	ahsa-1	V3C99_016107
26254	NNNNNN	V3C99_016108
26255	NNNNNN	V3C99_016110
26258	rhr-1	V3C99_016113
26259	cat-4	V3C99_016117
26260	NNNNNN	V3C99_016119
26261	gpc-1	V3C99_016120
26264	skp-1	V3C99_016122
26266	NNNNNN	V3C99_016124
26267	NNNNNN	V3C99_016125
26270	cand-1	V3C99_016131
26271	ctps-1	V3C99_016132
26291	NNNNNN	V3C99_016164
26292	NNNNNN	V3C99_016166
26293	bus-18	V3C99_016167
26294	sel-11	V3C99_016168
26295	syx-5	V3C99_016169
26296	F55A11.1	V3C99_016170
26297	NNNNNN	V3C99_016172
26300	uvs-1	V3C99_016178
26301	uvs-1	V3C99_016180
26302	mrpl-49	V3C99_016181
26303	R11D1.10	V3C99_016182
26305	NNNNNN	V3C99_016184
26309	NNNNNN	V3C99_016189
26310	NNNNNN	V3C99_016191
26311	NNNNNN	V3C99_016191
26312	NNNNNN	V3C99_016191
26313	NNNNNN	V3C99_016191
26314	umps-1	V3C99_016193
26315	crn-2	V3C99_016194
26316	mrpl-48	V3C99_016195
26317	vps-37	V3C99_016196
26318	NNNNNN	V3C99_016197
26319	trpp-6	V3C99_016199
26320	NNNNNN	V3C99_016200
26321	ceh-22	V3C99_016201
26322	NNNNNN	V3C99_016202
26323	gsp-1	V3C99_016203
26324	NNNNNN	V3C99_016204
26326	mfsd-11	V3C99_016205
26328	reps-1	V3C99_016213
26329	NNNNNN	V3C99_016215
26331	mrps-35	V3C99_016216
26339	NNNNNN	V3C99_016221
26340	NNNNNN	V3C99_016222
26350	NNNNNN	V3C99_016225
26354	ubh-1	V3C99_016227
26357	dpy-11	V3C99_016228
26358	R31.2	V3C99_016230
26359	NNNNNN	V3C99_016231
26360	NNNNNN	V3C99_016232
26361	ZK856.11	V3C99_016233
26363	NNNNNN	V3C99_016236
26365	xpo-1	V3C99_016238
26366	NNNNNN	V3C99_016239
26367	NNNNNN	V3C99_016245
26368	nmr-2	V3C99_016246
26369	spas-1	V3C99_016247
26370	F44A2.5	V3C99_016248
26373	NNNNNN	V3C99_016254
26374	NNNNNN	V3C99_016255
26375	Y38A10A.7	V3C99_016257
26376	Y39B6A.3	V3C99_016258
26377	Y50D4C.3	V3C99_016259
26378	Y50D4C.6	V3C99_016260
26379	sqv-6	V3C99_016261
26380	ccnk-1	V3C99_016262
26382	dgtr-1	V3C99_016263
26383	NNNNNN	V3C99_016264
26384	C44B11.1	V3C99_016265
26386	NNNNNN	V3C99_016266
26388	mdh-1	V3C99_016268
26389	W01A11.1	V3C99_016268
26390	NNNNNN	V3C99_016269
26394	pgph-3	V3C99_016271
26395	pgph-2	V3C99_016271
26396	pgph-1	V3C99_016271
26397	NNNNNN	V3C99_016274
26399	NNNNNN	V3C99_016276
26400	hrg-9	V3C99_016277
26401	hrg-10	V3C99_016277
26403	Y59A8B.8	V3C99_016279
26405	nova-1	V3C99_016281
26409	rbg-1	V3C99_016283
26412	T02H6.11	V3C99_016285
26413	istr-1	V3C99_016286
26414	cdkr-3	V3C99_016288
26415	F32D8.13	V3C99_016290
26416	sec-61.G	V3C99_016291
26417	NNNNNN	V3C99_016292
26418	NNNNNN	V3C99_016293
26419	NNNNNN	V3C99_016294
26420	NNNNNN	V3C99_016294
26421	NNNNNN	V3C99_016294
26422	NNNNNN	V3C99_016294
26423	NNNNNN	V3C99_016295
26424	NNNNNN	V3C99_016295
26425	NNNNNN	V3C99_016295
26426	NNNNNN	V3C99_016295
26431	unc-45	V3C99_016297
26432	drsh-1	V3C99_016300
26434	clp-9	V3C99_016301
26438	clp-10	V3C99_016301
26440	cfz-2	V3C99_016302
26444	zmp-3	V3C99_016308
26445	hex-2	V3C99_016309
26448	mls-1	V3C99_016313
26450	fut-6	V3C99_016314
26451	NNNNNN	V3C99_016315
26452	NNNNNN	V3C99_016316
26464	NNNNNN	V3C99_016347
26496	NNNNNN	V3C99_016349
26499	NNNNNN	V3C99_016354
26500	shw-3	V3C99_016355
26501	moc-1	V3C99_016356
26502	pnn-1	V3C99_016356
26503	NNNNNN	V3C99_016358
26504	shw-3	V3C99_016359
26518	pst-1	V3C99_016366
26519	syf-3	V3C99_016367
26520	unc-76	V3C99_016369
26521	C01G10.10	V3C99_016370
26522	rsp-1	V3C99_016371
26524	NNNNNN	V3C99_016372
26525	NNNNNN	V3C99_016372
26533	NNNNNN	V3C99_016375
26534	C05C8.5	V3C99_016376
26537	NNNNNN	V3C99_016377
26540	NNNNNN	V3C99_016377
26544	NNNNNN	V3C99_016377
26545	NNNNNN	V3C99_016377
26546	NNNNNN	V3C99_016377
26547	NNNNNN	V3C99_016377
26548	NNNNNN	V3C99_016377
26551	NNNNNN	V3C99_016377
26553	NNNNNN	V3C99_016377
26574	NNNNNN	V3C99_016380
26578	NNNNNN	V3C99_016381
26581	NNNNNN	V3C99_016381
26584	NNNNNN	V3C99_016381
26585	NNNNNN	V3C99_016381
26586	NNNNNN	V3C99_016381
26587	NNNNNN	V3C99_016381
26588	NNNNNN	V3C99_016381
26589	NNNNNN	V3C99_016381
26592	NNNNNN	V3C99_016381
26594	NNNNNN	V3C99_016381
26595	NNNNNN	V3C99_016381
26625	NNNNNN	V3C99_016393
26626	sel-1	V3C99_016396
26627	mrps-5	V3C99_016397
26628	rpm-1	V3C99_016398
26635	H14N18.4	V3C99_016402
26636	H14N18.4	V3C99_016403
26637	bbs-8	V3C99_016406
26638	NNNNNN	V3C99_016407
26639	pacs-1	V3C99_016412
26640	F44E7.9	V3C99_016413
26641	ZC250.2	V3C99_016414
26643	ttb-1	V3C99_016416
26644	algn-13	V3C99_016416
26645	NNNNNN	V3C99_016417
26646	set-6	V3C99_016417
26648	NNNNNN	V3C99_016417
26650	NNNNNN	V3C99_016417
26653	pap-1	V3C99_016419
26655	rga-3	V3C99_016421
26656	rga-4	V3C99_016421
26657	cfap-36	V3C99_016422
26668	NNNNNN	V3C99_016423
26669	NNNNNN	V3C99_016425
26670	NNNNNN	V3C99_016426
26671	NNNNNN	V3C99_016427
26672	NNNNNN	V3C99_016428
26674	pcaf-1	V3C99_016430
26675	nid-1	V3C99_016431
26683	NNNNNN	V3C99_016433
26688	NNNNNN	V3C99_016435
26689	NNNNNN	V3C99_016436
26690	egl-2	V3C99_016438
26691	NNNNNN	V3C99_016439
26695	T07F10.3	V3C99_016441
26699	pafo-1	V3C99_016443
26700	mrps-21	V3C99_016444
26702	C25E10.12	V3C99_016446
26703	uvs-1	V3C99_016447
26706	ssu-1	V3C99_016452
26707	NNNNNN	V3C99_016455
26708	fkb-3	V3C99_016456
26709	E02A10.3	V3C99_016457
26711	T07F10.3	V3C99_016459
26715	gpla-1	V3C99_016463
26719	NNNNNN	V3C99_016470
26729	pak-2	V3C99_016477
26735	ccch-1	V3C99_016483
26736	NNNNNN	V3C99_016484
26737	NNNNNN	V3C99_016486
26742	NNNNNN	V3C99_016491
26751	anp-1	V3C99_016500
26752	anp-1	V3C99_016501
26753	anp-1	V3C99_016502
26754	anp-1	V3C99_016503
26756	anp-1	V3C99_016506
26760	algn-14	V3C99_016511
26761	NNNNNN	V3C99_016512
26762	NNNNNN	V3C99_016512
26763	NNNNNN	V3C99_016514
26764	NNNNNN	V3C99_016515
26765	NNNNNN	V3C99_016516
26768	faah-5	V3C99_016519
26769	faah-4	V3C99_016519
26770	got-1.2	V3C99_016521
26771	acy-2	V3C99_016525
26778	NNNNNN	V3C99_016531
26779	mcp-1	V3C99_016532
26780	pcm-1	V3C99_016533
26781	tbcb-1	V3C99_016534
26782	NNNNNN	V3C99_016536
26783	ldp-1	V3C99_016537
26785	NNNNNN	V3C99_016538
26795	NNNNNN	V3C99_016540
26802	NNNNNN	V3C99_016541
26806	F33E11.3	V3C99_016542
26807	gid-2	V3C99_016543
26808	mom-1	V3C99_016544
26809	phf-10	V3C99_016545
26810	F25H9.7	V3C99_016546
26811	phf-14	V3C99_016548
26816	C35A5.8	V3C99_016551
26819	mrpl-4	V3C99_016555
26820	mrps-2	V3C99_016556
26821	natc-1	V3C99_016557
26825	NNNNNN	V3C99_016559
26826	NNNNNN	V3C99_016559
26829	NNNNNN	V3C99_016559
26830	NNNNNN	V3C99_016562
26831	NNNNNN	V3C99_016563
26833	NNNNNN	V3C99_016563
26834	NNNNNN	V3C99_016564
26835	rol-3	V3C99_016566
26843	NNNNNN	V3C99_016582
26853	NNNNNN	V3C99_016585
26855	NNNNNN	V3C99_016585
26856	glp-1	V3C99_016586
26857	lin-12	V3C99_016586
26858	ndc-80	V3C99_016587
26866	cky-1	V3C99_016590
26868	NNNNNN	V3C99_016591
26870	NNNNNN	V3C99_016591
26871	NNNNNN	V3C99_016591
26872	NNNNNN	V3C99_016591
26873	NNNNNN	V3C99_016591
26874	NNNNNN	V3C99_016591
26876	NNNNNN	V3C99_016591
26878	NNNNNN	V3C99_016591
26879	NNNNNN	V3C99_016591
26880	NNNNNN	V3C99_016591
26881	NNNNNN	V3C99_016591
26882	NNNNNN	V3C99_016591
26883	NNNNNN	V3C99_016591
26884	NNNNNN	V3C99_016591
26891	NNNNNN	V3C99_016592
26923	NNNNNN	V3C99_016595
26933	NNNNNN	V3C99_016595
26935	NNNNNN	V3C99_016596
26937	NNNNNN	V3C99_016596
26938	NNNNNN	V3C99_016596
26939	NNNNNN	V3C99_016596
26940	NNNNNN	V3C99_016596
26941	NNNNNN	V3C99_016596
26943	NNNNNN	V3C99_016596
26945	NNNNNN	V3C99_016596
26946	NNNNNN	V3C99_016596
26947	NNNNNN	V3C99_016596
26948	NNNNNN	V3C99_016596
26949	NNNNNN	V3C99_016596
26950	NNNNNN	V3C99_016596
26951	NNNNNN	V3C99_016596
26954	NNNNNN	V3C99_016597
26956	NNNNNN	V3C99_016597
26957	NNNNNN	V3C99_016597
26958	NNNNNN	V3C99_016597
26959	NNNNNN	V3C99_016597
26960	NNNNNN	V3C99_016597
26962	NNNNNN	V3C99_016597
26964	NNNNNN	V3C99_016597
26965	NNNNNN	V3C99_016597
26966	NNNNNN	V3C99_016597
26967	NNNNNN	V3C99_016597
26968	NNNNNN	V3C99_016597
26969	NNNNNN	V3C99_016597
26970	NNNNNN	V3C99_016597
26973	NNNNNN	V3C99_016598
26975	NNNNNN	V3C99_016598
26976	NNNNNN	V3C99_016598
26977	NNNNNN	V3C99_016598
26978	NNNNNN	V3C99_016598
26979	NNNNNN	V3C99_016598
26981	NNNNNN	V3C99_016598
26983	NNNNNN	V3C99_016598
26984	NNNNNN	V3C99_016598
26985	NNNNNN	V3C99_016598
26986	NNNNNN	V3C99_016598
26987	NNNNNN	V3C99_016598
26988	NNNNNN	V3C99_016598
26989	NNNNNN	V3C99_016598
26992	NNNNNN	V3C99_016599
26994	NNNNNN	V3C99_016599
26995	NNNNNN	V3C99_016599
26996	NNNNNN	V3C99_016599
26997	NNNNNN	V3C99_016599
26998	NNNNNN	V3C99_016599
27000	NNNNNN	V3C99_016599
27002	NNNNNN	V3C99_016599
27003	NNNNNN	V3C99_016599
27004	NNNNNN	V3C99_016599
27005	NNNNNN	V3C99_016599
27006	NNNNNN	V3C99_016599
27007	NNNNNN	V3C99_016599
27008	NNNNNN	V3C99_016599
27011	NNNNNN	V3C99_016600
27013	NNNNNN	V3C99_016600
27014	NNNNNN	V3C99_016600
27015	NNNNNN	V3C99_016600
27016	NNNNNN	V3C99_016600
27017	NNNNNN	V3C99_016600
27019	NNNNNN	V3C99_016600
27020	NNNNNN	V3C99_016600
27021	NNNNNN	V3C99_016600
27022	NNNNNN	V3C99_016600
27023	NNNNNN	V3C99_016600
27024	NNNNNN	V3C99_016600
27025	NNNNNN	V3C99_016600
27026	NNNNNN	V3C99_016600
27028	NNNNNN	V3C99_016603
27030	NNNNNN	V3C99_016603
27031	NNNNNN	V3C99_016603
27032	NNNNNN	V3C99_016603
27033	NNNNNN	V3C99_016603
27034	NNNNNN	V3C99_016603
27036	NNNNNN	V3C99_016603
27037	NNNNNN	V3C99_016603
27038	NNNNNN	V3C99_016603
27039	NNNNNN	V3C99_016603
27040	NNNNNN	V3C99_016603
27041	NNNNNN	V3C99_016603
27042	NNNNNN	V3C99_016603
27043	NNNNNN	V3C99_016603
27045	NNNNNN	V3C99_016604
27047	NNNNNN	V3C99_016604
27048	NNNNNN	V3C99_016604
27049	NNNNNN	V3C99_016604
27050	NNNNNN	V3C99_016604
27051	NNNNNN	V3C99_016604
27053	NNNNNN	V3C99_016604
27054	NNNNNN	V3C99_016604
27055	NNNNNN	V3C99_016604
27056	NNNNNN	V3C99_016604
27057	NNNNNN	V3C99_016604
27058	NNNNNN	V3C99_016604
27059	NNNNNN	V3C99_016604
27060	NNNNNN	V3C99_016604
27062	NNNNNN	V3C99_016605
27064	NNNNNN	V3C99_016605
27065	NNNNNN	V3C99_016605
27066	NNNNNN	V3C99_016605
27067	NNNNNN	V3C99_016605
27068	NNNNNN	V3C99_016605
27070	NNNNNN	V3C99_016605
27072	NNNNNN	V3C99_016605
27073	NNNNNN	V3C99_016605
27074	NNNNNN	V3C99_016605
27075	NNNNNN	V3C99_016605
27076	NNNNNN	V3C99_016605
27077	NNNNNN	V3C99_016605
27078	NNNNNN	V3C99_016605
27080	NNNNNN	V3C99_016606
27081	sulp-8	V3C99_016608
27086	mdt-6	V3C99_016614
27087	NNNNNN	V3C99_016615
27088	sipa-1	V3C99_016617
27212	NNNNNN	V3C99_016621
27216	bgal-1	V3C99_016630
27217	NNNNNN	V3C99_016632
27218	F35B12.10	V3C99_016633
27219	F35B12.10	V3C99_016635
27220	Y45G5AM.9	V3C99_016637
27221	hda-11	V3C99_016638
27222	F25D1.3	V3C99_016639
27223	NNNNNN	V3C99_016640
27224	NNNNNN	V3C99_016641
27225	frm-10	V3C99_016642
27227	F25H9.6	V3C99_016644
27228	ppm-1.A	V3C99_016645
27237	NNNNNN	V3C99_016648
27238	T05H4.4	V3C99_016650
27239	hpo-19	V3C99_016650
27241	erfa-1	V3C99_016652
27242	alh-4	V3C99_016653
27245	T05H4.10	V3C99_016657
27246	NNNNNN	V3C99_016665
27247	NNNNNN	V3C99_016666
27248	NNNNNN	V3C99_016666
27249	F23B12.7	V3C99_016667
27250	fntb-1	V3C99_016668
27251	dhcr-7	V3C99_016670
27252	NNNNNN	V3C99_016671
27253	rpl-2	V3C99_016672
27254	NNNNNN	V3C99_016673
27255	NNNNNN	V3C99_016674
27256	par-4	V3C99_016675
27258	ebp-1	V3C99_016677
27259	lsm-5	V3C99_016678
27260	acs-1	V3C99_016684
27261	NNNNNN	V3C99_016685
27262	NNNNNN	V3C99_016686
27263	pfkb-1.1	V3C99_016688
27264	mtm-1	V3C99_016689
27268	unc-42	V3C99_016698
27270	NNNNNN	V3C99_016701
27273	laat-1	V3C99_016715
27277	pak-2	V3C99_016722
27278	NNNNNN	V3C99_016724
27279	gad-1	V3C99_016726
27280	snx-6	V3C99_016727
27281	gck-3	V3C99_016728
27283	ttc-17	V3C99_016730
27284	NNNNNN	V3C99_016731
27285	NNNNNN	V3C99_016733
27289	Y70C5C.1	V3C99_016737
27290	C02G6.2	V3C99_016737
27291	F44E7.4	V3C99_016737
27292	Y70C5C.1	V3C99_016738
27293	C02G6.2	V3C99_016738
27294	F44E7.4	V3C99_016738
27296	NNNNNN	V3C99_016742
27297	NNNNNN	V3C99_016745
27298	NNNNNN	V3C99_016746
27300	NNNNNN	V3C99_016747
27301	NNNNNN	V3C99_016748
27302	npp-14	V3C99_016749
27305	F53E2.2	V3C99_016751
27306	NNNNNN	V3C99_016752
27307	NNNNNN	V3C99_016753
27308	dbl-1	V3C99_016755
27311	NNNNNN	V3C99_016757
27312	NNNNNN	V3C99_016757
27313	NNNNNN	V3C99_016757
27314	NNNNNN	V3C99_016757
27315	NNNNNN	V3C99_016757
27316	NNNNNN	V3C99_016757
27317	NNNNNN	V3C99_016757
27318	NNNNNN	V3C99_016757
27319	NNNNNN	V3C99_016761
27320	tnc-2	V3C99_016762
27321	avr-15	V3C99_016763
27324	F26D11.1	V3C99_016771
27325	natb-1	V3C99_016773
27326	NNNNNN	V3C99_016774
27328	hphd-1	V3C99_016776
27329	NNNNNN	V3C99_016777
27361	F40F8.3	V3C99_016792
27362	nasp-1	V3C99_016793
27363	nasp-2	V3C99_016793
27364	apc-1	V3C99_016794
27378	R12A1.3	V3C99_016798
27379	twk-14	V3C99_016800
27383	D2023.6	V3C99_016803
27384	mtg-1	V3C99_016804
27385	atg-9	V3C99_016805
27386	T22H9.1	V3C99_016806
27387	C17G10.1	V3C99_016807
27436	fce-2	V3C99_016817
27437	F53E4.1	V3C99_016818
27438	twk-46	V3C99_016819
27439	asp-1	V3C99_016820
27440	NNNNNN	V3C99_016820
27444	NNNNNN	V3C99_016825
27445	NNNNNN	V3C99_016827
27447	tnt-4	V3C99_016828
27474	NNNNNN	V3C99_016835
27475	cps-6	V3C99_016836
27476	cope-1	V3C99_016837
27477	NNNNNN	V3C99_016838
27479	ptr-22	V3C99_016839
27481	NNNNNN	V3C99_016841
27483	npr-25	V3C99_016843
27484	NNNNNN	V3C99_016844
27485	NNNNNN	V3C99_016845
27486	NNNNNN	V3C99_016846
27488	NNNNNN	V3C99_016854
27489	dhs-16	V3C99_016856
27490	srp-1	V3C99_016857
27491	srp-2	V3C99_016857
27503	oat-1	V3C99_016859
27504	str-176	V3C99_016859
27508	NNNNNN	V3C99_016859
27509	NNNNNN	V3C99_016859
27513	NNNNNN	V3C99_016860
27514	NNNNNN	V3C99_016860
27515	NNNNNN	V3C99_016861
27534	NNNNNN	V3C99_016862
27536	NNNNNN	V3C99_016862
27542	NNNNNN	V3C99_016862
27546	NNNNNN	V3C99_016862
27549	NNNNNN	V3C99_016862
27550	NNNNNN	V3C99_016862
27551	NNNNNN	V3C99_016862
27552	NNNNNN	V3C99_016862
27553	NNNNNN	V3C99_016862
27554	NNNNNN	V3C99_016862
27555	NNNNNN	V3C99_016862
27556	NNNNNN	V3C99_016862
27558	NNNNNN	V3C99_016863
27559	C24B5.4	V3C99_016866
27560	NNNNNN	V3C99_016867
27566	arx-2	V3C99_016874
27567	crm-1	V3C99_016876
27568	aip-1	V3C99_016878
27569	ddx-17	V3C99_016879
27570	NNNNNN	V3C99_016881
27571	NNNNNN	V3C99_016881
27576	NNNNNN	V3C99_016882
27577	ptr-16	V3C99_016883
27578	NNNNNN	V3C99_016884
27579	NNNNNN	V3C99_016891
27580	NNNNNN	V3C99_016892
27586	fshr-1	V3C99_016894
27587	NNNNNN	V3C99_016896
27589	K08B12.3	V3C99_016899
27590	chk-1	V3C99_016900
27596	vps-33.2	V3C99_016901
27597	dmd-8	V3C99_016902
27598	NNNNNN	V3C99_016903
27599	NNNNNN	V3C99_016903
27600	NNNNNN	V3C99_016903
27606	NNNNNN	V3C99_016903
27607	NNNNNN	V3C99_016903
27608	NNNNNN	V3C99_016903
27609	NNNNNN	V3C99_016903
27610	NNNNNN	V3C99_016903
27611	NNNNNN	V3C99_016903
27613	NNNNNN	V3C99_016903
27614	NNNNNN	V3C99_016903
27615	NNNNNN	V3C99_016903
27616	NNNNNN	V3C99_016903
27620	NNNNNN	V3C99_016908
27621	NNNNNN	V3C99_016909
27630	NNNNNN	V3C99_016915
27631	NNNNNN	V3C99_016917
27632	NNNNNN	V3C99_016920
27641	gck-1	V3C99_016927
27642	NNNNNN	V3C99_016928
27643	R04B5.5	V3C99_016930
27644	R04B5.6	V3C99_016930
27645	NNNNNN	V3C99_016932
27646	NNNNNN	V3C99_016933
27647	NNNNNN	V3C99_016939
27648	ape-1	V3C99_016941
27649	NNNNNN	V3C99_016942
27650	NNNNNN	V3C99_016943
27651	NNNNNN	V3C99_016943
27652	NNNNNN	V3C99_016943
27654	NNNNNN	V3C99_016943
27655	rnp-6	V3C99_016944
27656	hint-3	V3C99_016947
27657	pro-3	V3C99_016948
27658	R04B5.5	V3C99_016950
27659	R04B5.6	V3C99_016950
27662	lbp-9	V3C99_016952
27663	NNNNNN	V3C99_016953
27664	NNNNNN	V3C99_016954
27665	ZK973.11	V3C99_016954
27666	NNNNNN	V3C99_016956
27667	cni-1	V3C99_016956
27669	T20D3.5	V3C99_016958
27670	C04E6.11	V3C99_016959
27671	NNNNNN	V3C99_016960
27672	NNNNNN	V3C99_016961
27674	NNNNNN	V3C99_016964
27675	NNNNNN	V3C99_016964
27676	NNNNNN	V3C99_016964
27677	NNNNNN	V3C99_016966
27678	NNNNNN	V3C99_016966
27679	NNNNNN	V3C99_016966
27681	NNNNNN	V3C99_016969
27682	NNNNNN	V3C99_016970
27683	NNNNNN	V3C99_016972
27684	cmd-1	V3C99_016974
27687	madd-2	V3C99_016975
27688	ttll-5	V3C99_016999
27689	C55A6.10	V3C99_017000
27690	grdn-1	V3C99_017001
27691	NNNNNN	V3C99_017002
27692	R11H6.5	V3C99_017003
27693	NNNNNN	V3C99_017006
27694	atp-5	V3C99_017007
27695	mboa-2	V3C99_017008
27697	nrx-1	V3C99_017010
27700	NNNNNN	V3C99_017019
27701	usp-39	V3C99_017020
27702	NNNNNN	V3C99_017024
27704	NNNNNN	V3C99_017026
27706	rpl-16	V3C99_017029
27707	NNNNNN	V3C99_017030
27708	ubc-19	V3C99_017031
27711	NNNNNN	V3C99_017033
27712	ints-5	V3C99_017034
27713	add-2	V3C99_017035
27714	bus-19	V3C99_017036
27716	mig-6	V3C99_017038
27717	NNNNNN	V3C99_017040
27719	acl-9	V3C99_017043
27720	mcm-7	V3C99_017045
27722	C53A5.17	V3C99_017048
27723	spin-1	V3C99_017051
27725	F10C2.4	V3C99_017062
27729	NNNNNN	V3C99_017077
27731	NNNNNN	V3C99_017079
27733	tmc-1	V3C99_017080
27734	F40B5.2	V3C99_017083
27736	cept-1	V3C99_017086
27737	NNNNNN	V3C99_017088
27739	NNNNNN	V3C99_017099
27743	NNNNNN	V3C99_017106
27744	NNNNNN	V3C99_017107
27747	NNNNNN	V3C99_017111
27748	igcm-2	V3C99_017113
27749	glt-4	V3C99_017115
27750	ada-2	V3C99_017116
27751	NNNNNN	V3C99_017119
27752	NNNNNN	V3C99_017123
27753	pek-1	V3C99_017125
27755	mct-4	V3C99_017126
27757	NNNNNN	V3C99_017133
27758	NNNNNN	V3C99_017134
27759	git-1	V3C99_017138
27760	NNNNNN	V3C99_017139
27761	NNNNNN	V3C99_017140
27762	dsc-1	V3C99_017141
27763	seb-3	V3C99_017142
27764	ergi-2	V3C99_017145
27765	slc-25A18.1	V3C99_017147
27766	sox-3	V3C99_017148
27767	NNNNNN	V3C99_017149
27768	C15H9.4	V3C99_017150
27769	C15H9.5	V3C99_017151
27770	let-413	V3C99_017152
27771	K09A9.6	V3C99_017153
27773	pcyt-2.1	V3C99_017156
27774	NNNNNN	V3C99_017157
27776	pdk-1	V3C99_017160
27777	NNNNNN	V3C99_017162
27778	dop-4	V3C99_017163
27779	NNNNNN	V3C99_017164
27780	NNNNNN	V3C99_017167
27781	mfsd-12	V3C99_017168
27782	NNNNNN	V3C99_017169
27783	ceh-1	V3C99_017170
27792	argn-1	V3C99_017173
27793	F21G4.6	V3C99_017174
27794	NNNNNN	V3C99_017176
27803	NNNNNN	V3C99_017178
27804	NNNNNN	V3C99_017180
27807	NNNNNN	V3C99_017182
27808	ccdc-149	V3C99_017183
27809	NNNNNN	V3C99_017184
27810	ergi-1	V3C99_017186
27811	NNNNNN	V3C99_017188
27813	igcm-4	V3C99_017190
27814	C27C12.4	V3C99_017192
27815	NNNNNN	V3C99_017193
27816	egrh-1	V3C99_017194
27820	egrh-2	V3C99_017194
27822	dpf-2	V3C99_017195
27825	rhi-1	V3C99_017201
27826	C07A12.7	V3C99_017202
27827	pdi-2	V3C99_017203
27828	pfk-1.1	V3C99_017204
27829	math-33	V3C99_017207
27830	NNNNNN	V3C99_017208
27831	NNNNNN	V3C99_017209
27832	NNNNNN	V3C99_017210
27833	NNNNNN	V3C99_017211
27834	apt-9	V3C99_017213
27835	sulp-7	V3C99_017215
27836	W04G3.5	V3C99_017217
27837	NNNNNN	V3C99_017218
27838	NNNNNN	V3C99_017219
27839	nmy-1	V3C99_017221
27842	tsp-6	V3C99_017221
27843	unc-2	V3C99_017222
27844	unc-2	V3C99_017223
27847	unc-2	V3C99_017226
27848	cgef-1	V3C99_017229
27849	lin-23	V3C99_017234
27851	hcp-6	V3C99_017239
27852	gas-1	V3C99_017241
27853	nduf-2.2	V3C99_017241
27854	serp-1.1	V3C99_017242
27856	C50F4.12	V3C99_017245
27857	fpn-1.1	V3C99_017246
27858	NNNNNN	V3C99_017247
27860	josd-1	V3C99_017251
27861	hsp-3	V3C99_017252
27862	hsp-4	V3C99_017252
27866	frm-3	V3C99_017253
27867	unc-45	V3C99_017255
27868	sdn-1	V3C99_017256
27869	NNNNNN	V3C99_017257
27870	NNNNNN	V3C99_017258
27871	NNNNNN	V3C99_017259
27872	suco-1	V3C99_017261
27873	mrp-1	V3C99_017265
27874	mrp-2	V3C99_017265
27875	NNNNNN	V3C99_017266
27876	NNNNNN	V3C99_017267
27877	NNNNNN	V3C99_017268
27878	NNNNNN	V3C99_017270
27879	NNNNNN	V3C99_017271
27880	pha-2	V3C99_017272
27887	lec-8	V3C99_017274
27889	NNNNNN	V3C99_017274
27892	tnt-2	V3C99_017277
27895	slc-25A21	V3C99_017279
27896	C11E4.6	V3C99_017281
27897	NNNNNN	V3C99_017284
27898	C14H10.3	V3C99_017285
27900	kin-20	V3C99_017287
27901	NNNNNN	V3C99_017288
27902	piki-1	V3C99_017290
27905	famk-1	V3C99_017293
27907	unc-58	V3C99_017298
27909	rme-4	V3C99_017301
27910	fbp-1	V3C99_017303
27911	fbp-1	V3C99_017304
27912	emre-1	V3C99_017305
27914	acn-1	V3C99_017307
27915	Y67D8C.22	V3C99_017309
27916	NNNNNN	V3C99_017310
27918	tsp-21	V3C99_017314
27920	vab-3	V3C99_017316
27921	NNNNNN	V3C99_017317
27922	acr-9	V3C99_017318
27923	NNNNNN	V3C99_017319
27924	C15B12.1	V3C99_017320
27925	C15B12.8	V3C99_017320
27926	ssr-2	V3C99_017321
27927	lim-6	V3C99_017323
27928	cah-5	V3C99_017324
27929	erd-2.2	V3C99_017327
27930	flwr-1	V3C99_017329
27931	bet-2	V3C99_017330
27936	nhx-5	V3C99_017331
27942	NNNNNN	V3C99_017333
27943	syg-2	V3C99_017334
27944	NNNNNN	V3C99_017335
27945	NNNNNN	V3C99_017336
27946	NNNNNN	V3C99_017336
27947	NNNNNN	V3C99_017336
27948	NNNNNN	V3C99_017336
27949	NNNNNN	V3C99_017337
27950	NNNNNN	V3C99_017339
27951	NNNNNN	V3C99_017340
27952	sax-1	V3C99_017342
27953	NNNNNN	V3C99_017344
27955	NNNNNN	V3C99_017346
27957	mob-2	V3C99_017348
27958	NNNNNN	V3C99_017349
27959	NNNNNN	V3C99_017349
27960	NNNNNN	V3C99_017349
27961	dgk-2	V3C99_017350
27962	NNNNNN	V3C99_017352
27965	NNNNNN	V3C99_017356
27966	kvs-1	V3C99_017357
27967	bcat-1	V3C99_017359
27968	kynu-1	V3C99_017360
27969	NNNNNN	V3C99_017361
27970	NNNNNN	V3C99_017361
27971	NNNNNN	V3C99_017361
27972	NNNNNN	V3C99_017361
27973	NNNNNN	V3C99_017361
27974	nnt-1	V3C99_017362
27975	NNNNNN	V3C99_017363
27976	NNNNNN	V3C99_017364
27977	tag-275	V3C99_017365
27978	NNNNNN	V3C99_017368
27979	NNNNNN	V3C99_017369
27980	ndx-2	V3C99_017371
27981	ets-5	V3C99_017372
27982	NNNNNN	V3C99_017373
27983	NNNNNN	V3C99_017374
28366	vang-1	V3C99_017383
28367	dhhc-14	V3C99_017384
28368	NNNNNN	V3C99_017385
28369	NNNNNN	V3C99_017388
28370	NNNNNN	V3C99_017390
28371	NNNNNN	V3C99_017391
28372	NNNNNN	V3C99_017392
28373	NNNNNN	V3C99_017393
28374	NNNNNN	V3C99_017394
28375	Y71H10B.1	V3C99_017395
28376	Y42G9A.3	V3C99_017396
28377	NNNNNN	V3C99_017398
28378	T23G5.2	V3C99_017398
28379	NNNNNN	V3C99_017400
28381	NNNNNN	V3C99_017404
28384	NNNNNN	V3C99_017406
28385	fasn-1	V3C99_017408
28386	NNNNNN	V3C99_017409
28390	acl-5	V3C99_017416
28397	R07E3.4	V3C99_017421
28398	NNNNNN	V3C99_017422
28400	unc-84	V3C99_017425
28401	NNNNNN	V3C99_017430
28402	NNNNNN	V3C99_017433
28406	NNNNNN	V3C99_017439
28407	wrt-6	V3C99_017441
28408	egl-15	V3C99_017442
28410	NNNNNN	V3C99_017443
28411	wdr-54	V3C99_017444
28412	F39H12.3	V3C99_017445
28413	NNNNNN	V3C99_017447
28414	NNNNNN	V3C99_017449
28415	NNNNNN	V3C99_017450
28416	T03G6.3	V3C99_017451
28417	NNNNNN	V3C99_017452
28418	mbr-1	V3C99_017453
28419	H18N23.2	V3C99_017456
28420	NNNNNN	V3C99_017458
28421	F17H10.1	V3C99_017460
28422	NNNNNN	V3C99_017461
28425	dyf-19	V3C99_017464
28426	lgl-1	V3C99_017465
28427	atrn-1	V3C99_017466
28428	NNNNNN	V3C99_017467
28429	NNNNNN	V3C99_017468
28430	C05G5.1	V3C99_017469
28431	C05G5.3	V3C99_017472
28432	C05G5.5	V3C99_017474
28434	F09C8.2	V3C99_017486
28435	NNNNNN	V3C99_017487
28436	ZK1073.1	V3C99_017488
28437	pnk-4	V3C99_017492
28438	pmp-5	V3C99_017494
28468	NNNNNN	V3C99_017498
28469	NNNNNN	V3C99_017502
28470	NNNNNN	V3C99_017502
28471	NNNNNN	V3C99_017502
28472	NNNNNN	V3C99_017502
28476	NNNNNN	V3C99_017502
28477	NNNNNN	V3C99_017502
28478	NNNNNN	V3C99_017502
28479	NNNNNN	V3C99_017502
28481	NNNNNN	V3C99_017502
28482	NNNNNN	V3C99_017502
28483	NNNNNN	V3C99_017502
28484	NNNNNN	V3C99_017502
28485	NNNNNN	V3C99_017502
28486	NNNNNN	V3C99_017502
28487	NNNNNN	V3C99_017502
28488	NNNNNN	V3C99_017502
28490	NNNNNN	V3C99_017502
28491	NNNNNN	V3C99_017502
28492	NNNNNN	V3C99_017502
28493	NNNNNN	V3C99_017502
28494	NNNNNN	V3C99_017502
28495	NNNNNN	V3C99_017502
28496	NNNNNN	V3C99_017502
28497	NNNNNN	V3C99_017502
28498	NNNNNN	V3C99_017502
28499	NNNNNN	V3C99_017502
28501	NNNNNN	V3C99_017503
28502	NNNNNN	V3C99_017503
28503	NNNNNN	V3C99_017503
28504	NNNNNN	V3C99_017503
28508	NNNNNN	V3C99_017503
28509	NNNNNN	V3C99_017503
28510	NNNNNN	V3C99_017503
28511	NNNNNN	V3C99_017503
28513	NNNNNN	V3C99_017503
28514	NNNNNN	V3C99_017503
28515	NNNNNN	V3C99_017503
28516	NNNNNN	V3C99_017503
28517	NNNNNN	V3C99_017503
28518	NNNNNN	V3C99_017503
28519	NNNNNN	V3C99_017503
28520	NNNNNN	V3C99_017503
28522	NNNNNN	V3C99_017503
28523	NNNNNN	V3C99_017503
28524	NNNNNN	V3C99_017503
28525	NNNNNN	V3C99_017503
28526	NNNNNN	V3C99_017503
28527	NNNNNN	V3C99_017503
28528	NNNNNN	V3C99_017503
28529	NNNNNN	V3C99_017503
28530	NNNNNN	V3C99_017503
28531	NNNNNN	V3C99_017503
28544	NNNNNN	V3C99_017508
28545	NNNNNN	V3C99_017509
28546	NNNNNN	V3C99_017510
28550	gly-1	V3C99_017512
28551	sng-1	V3C99_017514
28552	npr-24	V3C99_017516
28553	NNNNNN	V3C99_017520
28554	slc-17.1	V3C99_017521
28556	mlc-1	V3C99_017522
28557	mlc-2	V3C99_017522
28558	mlc-1	V3C99_017523
28559	mlc-2	V3C99_017523
28560	C36E6.2	V3C99_017524
28561	NNNNNN	V3C99_017525
28562	NNNNNN	V3C99_017526
28566	hsp-16.41	V3C99_017532
28567	hsp-16.48	V3C99_017532
28568	hsp-16.49	V3C99_017532
28569	NNNNNN	V3C99_017533
28570	NNNNNN	V3C99_017534
28571	C34F6.7	V3C99_017536
28572	hum-4	V3C99_017537
28576	hsp-16.41	V3C99_017540
28577	hsp-16.48	V3C99_017540
28578	hsp-16.49	V3C99_017540
28579	pak-1	V3C99_017543
28580	sym-3	V3C99_017547
28581	NNNNNN	V3C99_017548
28582	NNNNNN	V3C99_017549
28583	NNNNNN	V3C99_017550
28584	NNNNNN	V3C99_017550
28586	NNNNNN	V3C99_017552
28587	NNNNNN	V3C99_017552
28588	NNNNNN	V3C99_017553
28589	NNNNNN	V3C99_017554
28590	NNNNNN	V3C99_017555
28591	NNNNNN	V3C99_017556
28592	W03G11.3	V3C99_017557
28593	NNNNNN	V3C99_017558
28600	NNNNNN	V3C99_017560
28601	C01C4.3	V3C99_017563
28602	NNNNNN	V3C99_017564
28606	NNNNNN	V3C99_017567
28607	NNNNNN	V3C99_017568
28608	ZC8.6	V3C99_017569
28609	lfi-1	V3C99_017570
28610	calu-1	V3C99_017571
28611	NNNNNN	V3C99_017572
28612	hlh-13	V3C99_017573
28614	NNNNNN	V3C99_017585
28615	NNNNNN	V3C99_017586
28616	NNNNNN	V3C99_017587
28618	C46H3.2	V3C99_017589
28619	NNNNNN	V3C99_017590
28620	aakg-3	V3C99_017595
28621	gbb-1	V3C99_017596
28622	F09C8.1	V3C99_017598
28623	NNNNNN	V3C99_017599
28625	mff-2	V3C99_017600
28627	vwa-8	V3C99_017601
28630	NNNNNN	V3C99_017605
28631	twk-20	V3C99_017606
28632	NNNNNN	V3C99_017606
28633	NNNNNN	V3C99_017607
28634	F09B12.3	V3C99_017608
28635	nlg-1	V3C99_017609
28639	NNNNNN	V3C99_017610
28640	NNNNNN	V3C99_017611
28642	gcy-36	V3C99_017612
28643	dyf-6	V3C99_017613
28647	trcs-1	V3C99_017615
28648	T09B9.1	V3C99_017615
28650	rme-6	V3C99_017618
28651	NNNNNN	V3C99_017619
28652	F52D10.2	V3C99_017620
28653	NNNNNN	V3C99_017621
28656	NNNNNN	V3C99_017622
28658	NNNNNN	V3C99_017624
28659	pkn-1	V3C99_017625
28660	NNNNNN	V3C99_017626
28661	NNNNNN	V3C99_017627
28663	NNNNNN	V3C99_017629
28665	NNNNNN	V3C99_017631
28670	NNNNNN	V3C99_017635
28672	taf-3	V3C99_017636
28677	apl-1	V3C99_017637
28678	NNNNNN	V3C99_017638
28679	NNNNNN	V3C99_017640
28680	tbc-1	V3C99_017641
28681	NNNNNN	V3C99_017642
28682	NNNNNN	V3C99_017645
28684	ZC373.5	V3C99_017648
28685	mlck-1	V3C99_017649
28686	octr-1	V3C99_017650
28687	NNNNNN	V3C99_017650
28688	F14D12.1	V3C99_017651
28689	NNNNNN	V3C99_017652
28690	T22B7.3	V3C99_017653
28691	egl-13	V3C99_017655
28692	W01C8.5	V3C99_017656
28693	NNNNNN	V3C99_017657
28694	atg-2	V3C99_017658
28695	C31H5.6	V3C99_017659
28696	K05B2.4	V3C99_017659
28698	W03D8.8	V3C99_017659
28699	Y71H2AM.11	V3C99_017660
28700	fard-1	V3C99_017662
28701	NNNNNN	V3C99_017665
28708	ver-3	V3C99_017666
28709	ver-4	V3C99_017666
28713	NNNNNN	V3C99_017668
28714	NNNNNN	V3C99_017669
28715	act-1	V3C99_017670
28716	act-2	V3C99_017670
28717	act-3	V3C99_017670
28718	act-4	V3C99_017670
28719	NNNNNN	V3C99_017676
28721	NNNNNN	V3C99_017678
28722	acbp-3	V3C99_017680
28723	hda-4	V3C99_017681
28724	gcc-2	V3C99_017688
28725	nkb-1	V3C99_017689
28726	nkb-3	V3C99_017689
28727	NNNNNN	V3C99_017690
28728	pix-1	V3C99_017692
28729	tbck-1	V3C99_017693
28733	NNNNNN	V3C99_017701
28734	prmn-1	V3C99_017703
28735	erd-2.1	V3C99_017706
28736	sec-3	V3C99_017707
28737	skr-1	V3C99_017708
28738	skr-2	V3C99_017708
28752	unc-115	V3C99_017709
28755	F09B9.5	V3C99_017710
28758	rhgf-1	V3C99_017715
28759	NNNNNN	V3C99_017717
28760	tmem-24	V3C99_017718
28761	K08F9.1	V3C99_017719
28762	C35A11.4	V3C99_017719
28763	NNNNNN	V3C99_017720
28764	hpo-8	V3C99_017723
28765	NNNNNN	V3C99_017724
28766	NNNNNN	V3C99_017726
28768	rund-1	V3C99_017729
28769	NNNNNN	V3C99_017731
28776	tmem-135	V3C99_017736
28779	NNNNNN	V3C99_017743
28780	ceh-28	V3C99_017744
28782	NNNNNN	V3C99_017745
28783	NNNNNN	V3C99_017748
28786	NNNNNN	V3C99_017757
28787	NNNNNN	V3C99_017757
28788	NNNNNN	V3C99_017757
28789	NNNNNN	V3C99_017757
28790	NNNNNN	V3C99_017757
28791	cht-1	V3C99_017758
28792	slcf-2	V3C99_017759
28793	ZK563.7	V3C99_017760
28794	cat-1	V3C99_017761
28795	ZK563.2	V3C99_017762
28797	csq-1	V3C99_017764
28798	NNNNNN	V3C99_017765
28799	NNNNNN	V3C99_017768
28800	hosl-1	V3C99_017770
28801	slcr-46.1	V3C99_017773
28802	NNNNNN	V3C99_017774
28803	NNNNNN	V3C99_017775
28804	NNNNNN	V3C99_017776
28805	NNNNNN	V3C99_017777
28806	nas-13	V3C99_017778
28807	coel-1	V3C99_017779
28808	C52B9.4	V3C99_017780
28810	T10H10.2	V3C99_017802
28812	F54G2.1	V3C99_017806
28815	ctbp-1	V3C99_017814
28817	NNNNNN	V3C99_017818
28821	rgs-2	V3C99_017835
28822	NNNNNN	V3C99_017836
28824	NNNNNN	V3C99_017840
28826	ptr-1	V3C99_017849
28828	NNNNNN	V3C99_017852
28831	nck-1	V3C99_017865
28833	uggt-2	V3C99_017871
28834	uggt-1	V3C99_017871
28839	K05B2.2	V3C99_017886
28841	NNNNNN	V3C99_017903
28842	rga-8	V3C99_017904
28843	dct-1	V3C99_017906
28844	sem-5	V3C99_017907
28847	NNNNNN	V3C99_017938
28848	NNNNNN	V3C99_017940
28849	NNNNNN	V3C99_017940
28850	NNNNNN	V3C99_017940
28851	NNNNNN	V3C99_017940
28852	NNNNNN	V3C99_017940
28853	NNNNNN	V3C99_017940
28855	NNNNNN	V3C99_017940
28857	NNNNNN	V3C99_017945
28859	rrc-1	V3C99_017954
28862	NNNNNN	V3C99_017979
28865	gcy-35	V3C99_017982
28871	epn-1	V3C99_018018
28878	F26A10.2	V3C99_018054
28880	NNNNNN	V3C99_018062
28887	NNNNNN	V3C99_018076
28891	tag-241	V3C99_018094
28893	tbh-1	V3C99_018096
28899	hpk-1	V3C99_018104
28901	twk-17	V3C99_018113
28906	twk-17	V3C99_018125
28913	gck-4	V3C99_018151
28923	fkh-2	V3C99_018189
28924	NNNNNN	V3C99_018196
28925	unc-3	V3C99_018197
28926	let-2	V3C99_018199
28927	ace-1	V3C99_018200
28928	ace-1	V3C99_018206
28929	acr-12	V3C99_018209
28931	rsd-3	V3C99_018211
28935	lst-2	V3C99_018222
28936	dpy-23	V3C99_018225
28956	ceh-6	V3C99_018253
28957	cyn-1	V3C99_018260
28963	NNNNNN	V3C99_018291
28964	pod-2	V3C99_018295
28969	NNNNNN	V3C99_018310
28970	NNNNNN	V3C99_018312
28971	NNNNNN	V3C99_018314
28972	svh-5	V3C99_018315
28973	NNNNNN	V3C99_018321
28974	NNNNNN	V3C99_018321
28978	mig-15	V3C99_018334
28982	ztf-16	V3C99_018339
28991	sgca-1	V3C99_018366
28998	sgca-1	V3C99_018420
28999	grk-1	V3C99_018421
29001	his-39	V3C99_018426
29009	NNNNNN	V3C99_018432
29017	NNNNNN	V3C99_018432
29018	NNNNNN	V3C99_018433
29019	eat-17	V3C99_018437
29021	egg-5	V3C99_018448
29022	egg-4	V3C99_018448
29024	F16F9.4	V3C99_018454
29027	vav-1	V3C99_018463
29028	NNNNNN	V3C99_018474
29029	NNNNNN	V3C99_018490
29030	F17E5.2	V3C99_018492
29031	F55A11.4	V3C99_018492
29032	fax-1	V3C99_018493
29034	ipla-3	V3C99_018498
29036	NNNNNN	V3C99_018516
29042	NNNNNN	V3C99_018551
29043	mig-2	V3C99_018552
29044	C34D10.1	V3C99_018553
29045	miga-1	V3C99_018554
29049	mboa-3	V3C99_018559
29052	madd-3	V3C99_018562
29055	F43B10.1	V3C99_018568
29062	dyc-1	V3C99_018580
29063	dpff-1	V3C99_018582
29066	NNNNNN	V3C99_018592
29078	C06G1.1	V3C99_018628
29079	npr-16	V3C99_018635
29087	dnj-25	V3C99_018649
29088	deg-1	V3C99_018662
29091	F43B10.1	V3C99_018667
29092	spc-1	V3C99_018681
29094	hrg-1	V3C99_018684
29095	nprl-2	V3C99_018688
29096	rpc-1	V3C99_018691
29098	lam-2	V3C99_018693
29099	NNNNNN	V3C99_018697
29101	dve-1	V3C99_018708
29102	NNNNNN	V3C99_018716
29103	NNNNNN	V3C99_018722
29104	NNNNNN	V3C99_018722
29105	Y57G11C.3	V3C99_018725
29111	vpat-1	V3C99_018738
29112	rpl-28	V3C99_018740
29114	mec-2	V3C99_018743
29115	NNNNNN	V3C99_018744
29116	ifta-1	V3C99_018745
29117	NNNNNN	V3C99_018747
29118	tomm-70	V3C99_018748
29120	Y53F4B.39	V3C99_018752
29121	kcnl-3	V3C99_018753
29123	NNNNNN	V3C99_018757
29124	F35B3.7	V3C99_018758
29125	NNNNNN	V3C99_018759
29126	NNNNNN	V3C99_018760
29127	aqp-8	V3C99_018763
29128	cab-1	V3C99_018766
29130	ocr-2	V3C99_018769
29131	NNNNNN	V3C99_018771
29133	NNNNNN	V3C99_018773
29134	NNNNNN	V3C99_018774
29135	NNNNNN	V3C99_018777
29138	NNNNNN	V3C99_018778
29143	NNNNNN	V3C99_018779
29144	pcdr-1	V3C99_018784
29145	F35G12.7	V3C99_018785
29146	gmeb-2	V3C99_018786
29148	NNNNNN	V3C99_018788
29153	NNNNNN	V3C99_018795
29154	eral-1	V3C99_018796
29156	C37E2.2	V3C99_018797
29157	C37E2.3	V3C99_018797
29158	hrpl-1	V3C99_018797
29161	mrps-14	V3C99_018799
29162	sym-4	V3C99_018800
29163	idhb-1	V3C99_018801
29164	NNNNNN	V3C99_018802
29166	NNNNNN	V3C99_018804
29167	mdl-1	V3C99_018805
29168	NNNNNN	V3C99_018807
29169	NNNNNN	V3C99_018809
29170	NNNNNN	V3C99_018811
29172	NNNNNN	V3C99_018812
29176	NNNNNN	V3C99_018819
29178	NNNNNN	V3C99_018820
29179	lmn-1	V3C99_018821
29181	NNNNNN	V3C99_018824
29182	gsnl-1	V3C99_018825
29183	gsnl-1	V3C99_018827
29184	gap-2	V3C99_018829
29185	NNNNNN	V3C99_018831
29186	C05C9.1	V3C99_018832
29187	NNNNNN	V3C99_018833
29188	NNNNNN	V3C99_018835
29189	cdh-9	V3C99_018836
29190	ser-1	V3C99_018837
29191	NNNNNN	V3C99_018838
29192	F35H12.1	V3C99_018839
29193	scl-1	V3C99_018840
29196	scl-7	V3C99_018840
29197	scl-8	V3C99_018840
29202	scl-11	V3C99_018840
29203	scl-2	V3C99_018840
29204	scl-3	V3C99_018840
29211	scl-15	V3C99_018840
29213	scl-12	V3C99_018840
29214	scl-13	V3C99_018840
29217	ptr-4	V3C99_018841
29219	F38B2.4	V3C99_018843
29221	NNNNNN	V3C99_018846
29222	NNNNNN	V3C99_018847
29223	K11G12.6	V3C99_018848
29224	eral-1	V3C99_018849
29225	NNNNNN	V3C99_018850
29226	NNNNNN	V3C99_018851
29227	NNNNNN	V3C99_018852
29229	NNNNNN	V3C99_018854
29230	dhhc-1	V3C99_018857
29231	NNNNNN	V3C99_018858
29234	arr-1	V3C99_018863
29235	gst-42	V3C99_018865
29236	gst-43	V3C99_018865
29238	NNNNNN	V3C99_018866
29239	ZK154.4	V3C99_018867
29240	NNNNNN	V3C99_018868
29241	mec-7	V3C99_018869
29242	tbb-4	V3C99_018869
29243	NNNNNN	V3C99_018872
29244	NNNNNN	V3C99_018873
29245	NNNNNN	V3C99_018873
29247	klc-2	V3C99_018875
29248	NNNNNN	V3C99_018877
29249	NNNNNN	V3C99_018878
29250	folt-1	V3C99_018879
29251	folt-1	V3C99_018880
29252	Y82E9BR.18	V3C99_018881
29253	NNNNNN	V3C99_018883
29254	dgk-1	V3C99_018886
29258	NNNNNN	V3C99_018890
29259	NNNNNN	V3C99_018890
29260	NNNNNN	V3C99_018890
29261	NNNNNN	V3C99_018890
29262	NNNNNN	V3C99_018890
29263	NNNNNN	V3C99_018890
29268	NNNNNN	V3C99_018897
29269	pccb-1	V3C99_018898
29270	NNNNNN	V3C99_018899
29271	NNNNNN	V3C99_018900
29272	NNNNNN	V3C99_018901
29273	grd-2	V3C99_018901
29274	grd-11	V3C99_018901
29276	NNNNNN	V3C99_018902
29277	NNNNNN	V3C99_018902
29278	ent-1	V3C99_018903
29279	ent-2	V3C99_018903
29280	rab-14	V3C99_018904
29281	mppa-1	V3C99_018905
29282	alr-1	V3C99_018906
29283	NNNNNN	V3C99_018908
29285	NNNNNN	V3C99_018910
29286	mbl-1	V3C99_018912
29287	atat-2	V3C99_018913
29288	pges-2	V3C99_018914
29290	puf-9	V3C99_018915
29291	NNNNNN	V3C99_018916
29292	NNNNNN	V3C99_018917
29293	NNNNNN	V3C99_018919
29295	T10B10.4	V3C99_018921
29296	sup-12	V3C99_018922
29297	gpcp-1	V3C99_018923
29298	F26A3.7	V3C99_018925
29299	sft-4	V3C99_018927
29301	NNNNNN	V3C99_018935
29302	NNNNNN	V3C99_018937
29303	NNNNNN	V3C99_018938
29305	B0272.3	V3C99_018939
29306	ZC506.1	V3C99_018940
29308	unc-10	V3C99_018942
29309	NNNNNN	V3C99_018943
29319	F22G12.5	V3C99_018944
29321	fis-2	V3C99_018946
29322	lmp-1	V3C99_018947
29323	BE0003N10.1	V3C99_018948
29324	hyl-2	V3C99_018949
29325	irk-3	V3C99_018950
29327	F47E1.20	V3C99_018956
29328	ttll-11	V3C99_018957
29329	nhr-35	V3C99_018958
29330	lron-3	V3C99_018960
29332	F11C1.4	V3C99_018962
29333	F26A3.1	V3C99_018962
29334	ZK470.1	V3C99_018963
29336	alh-10	V3C99_018964
29337	pgk-1	V3C99_018966
29338	pgk-1	V3C99_018967
29339	Y43F8C.7	V3C99_018968
29340	clh-6	V3C99_018970
29341	rpl-5	V3C99_018972
29342	Y71G12B.10	V3C99_018973
29343	rpl-11.1	V3C99_018974
29344	rpl-11.2	V3C99_018974
29345	adm-4	V3C99_018976
29346	NNNNNN	V3C99_018977
29347	mocs-1	V3C99_018978
29348	ndua-2	V3C99_018979
29349	apm-3	V3C99_018980
29350	mrps-18B	V3C99_018981
29351	chil-10	V3C99_018982
29353	ncs-1	V3C99_018983
29356	imb-3	V3C99_018988
29357	hda-1	V3C99_018991
29360	sec-16A.2	V3C99_018993
29361	NNNNNN	V3C99_018994
29362	NNNNNN	V3C99_018995
29363	NNNNNN	V3C99_018996
29364	NNNNNN	V3C99_018996
29366	NNNNNN	V3C99_018996
29367	NNNNNN	V3C99_018996
29368	NNNNNN	V3C99_018996
29369	NNNNNN	V3C99_018997
29370	NNNNNN	V3C99_018998
29372	F53B1.2	V3C99_019000
29373	bus-5	V3C99_019004
29374	swip-10	V3C99_019005
29375	NNNNNN	V3C99_019006
29376	NNNNNN	V3C99_019016
29377	nhr-48	V3C99_019018
29385	NNNNNN	V3C99_019020
29387	T19D2.2	V3C99_019021
29388	C36B7.5	V3C99_019022
29389	F25H2.12	V3C99_019032
29390	rpl-25.1	V3C99_019033
29391	rpl-25.2	V3C99_019033
29394	NNNNNN	V3C99_019034
29395	rgs-7	V3C99_019035
29396	gyg-1	V3C99_019036
29398	ppfr-2	V3C99_019037
29399	C27B7.2	V3C99_019038
29400	ucr-2.2	V3C99_019038
29401	NNNNNN	V3C99_019039
29402	NNNNNN	V3C99_019042
29403	NNNNNN	V3C99_019044
29405	asb-2	V3C99_019045
29406	NNNNNN	V3C99_019046
29407	NNNNNN	V3C99_019046
29408	C26B9.1	V3C99_019049
29409	asm-3	V3C99_019050
29410	C03F11.2	V3C99_019051
29411	ifa-1	V3C99_019052
29413	crb-1	V3C99_019053
29414	NNNNNN	V3C99_019054
29416	NNNNNN	V3C99_019057
29417	NNNNNN	V3C99_019058
29418	NNNNNN	V3C99_019059
29419	tag-123	V3C99_019060
29421	NNNNNN	V3C99_019063
29422	NNNNNN	V3C99_019064
29423	del-1	V3C99_019065
29424	ostd-1	V3C99_019066
29425	mrpl-28	V3C99_019067
29426	acs-21	V3C99_019068
29427	acs-11	V3C99_019068
29428	yap-1	V3C99_019069
29429	NNNNNN	V3C99_019072
29430	klp-4	V3C99_019073
29432	cah-4	V3C99_019075
29434	ncr-1	V3C99_019077
29437	NNNNNN	V3C99_019081
29438	NNNNNN	V3C99_019082
29439	NNNNNN	V3C99_019082
29442	F46H5.3	V3C99_019083
29444	rgl-1	V3C99_019085
29445	NNNNNN	V3C99_019086
29446	sulp-2	V3C99_019087
29447	NNNNNN	V3C99_019091
29448	NNNNNN	V3C99_019092
29449	C34F6.10	V3C99_019094
29450	sulp-3	V3C99_019096
29451	prx-12	V3C99_019097
29452	NNNNNN	V3C99_019098
29453	NNNNNN	V3C99_019100
29518	NNNNNN	V3C99_019100
29519	NNNNNN	V3C99_019100
29521	NNNNNN	V3C99_019100
29522	NNNNNN	V3C99_019100
29523	NNNNNN	V3C99_019100
29620	NNNNNN	V3C99_019100
29631	NNNNNN	V3C99_019101
29632	NNNNNN	V3C99_019102
29633	NNNNNN	V3C99_019103
29634	NNNNNN	V3C99_019104
29635	ima-3	V3C99_019105
29636	elc-1	V3C99_019106
29638	NNNNNN	V3C99_019106
29641	gsnl-1	V3C99_019107
29643	NNNNNN	V3C99_019110
29645	chtl-1	V3C99_019111
29646	npax-2	V3C99_019112
29647	dpy-3	V3C99_019113
29649	glp-4	V3C99_019115
29650	paa-1	V3C99_019116
29651	nuo-1	V3C99_019117
29652	F53B1.8	V3C99_019118
29654	mop-25.1	V3C99_019119
29655	selt-1.1	V3C99_019120
29657	NNNNNN	V3C99_019121
29658	NNNNNN	V3C99_019124
29659	fubl-1	V3C99_019125
29660	NNNNNN	V3C99_019126
29661	ntr-2	V3C99_019127
29662	ceh-6	V3C99_019128
29663	cdc-5L	V3C99_019129
29665	daf-12	V3C99_019133
29666	NNNNNN	V3C99_019134
29668	NNNNNN	V3C99_019136
29669	NNNNNN	V3C99_019137
29670	mtp-18	V3C99_019138
29673	rsef-1	V3C99_019140
29674	NNNNNN	V3C99_019141
29676	NNNNNN	V3C99_019144
29677	R07E4.1	V3C99_019145
29678	kin-2	V3C99_019146
29679	klp-13	V3C99_019147
29680	B0272.4	V3C99_019148
29681	NNNNNN	V3C99_019150
29682	NNNNNN	V3C99_019151
29683	NNNNNN	V3C99_019153
29684	NNNNNN	V3C99_019155
29685	NNNNNN	V3C99_019156
29686	gcy-27	V3C99_019157
29687	odr-1	V3C99_019157
29688	rtel-1	V3C99_019158
29689	NNNNNN	V3C99_019159
29696	NNNNNN	V3C99_019161
29697	NNNNNN	V3C99_019162
29698	tbb-4	V3C99_019163
29699	mrp-5	V3C99_019165
29701	taf-7.2	V3C99_019166
29702	NNNNNN	V3C99_019167
29703	ptrn-1	V3C99_019168
29704	NNNNNN	V3C99_019169
29705	hst-2	V3C99_019170
29706	idh-2	V3C99_019171
29707	NNNNNN	V3C99_019176
29708	C18B12.4	V3C99_019178
29709	NNNNNN	V3C99_019179
29710	nmur-1	V3C99_019181
29711	cest-26	V3C99_019182
29712	NNNNNN	V3C99_019183
29719	sdha-1	V3C99_019186
29720	sdha-2	V3C99_019186
29722	lnp-1	V3C99_019189
29724	NNNNNN	V3C99_019191
29725	gpa-12	V3C99_019193
29726	NNNNNN	V3C99_019194
29727	hlb-1	V3C99_019195
29728	NNNNNN	V3C99_019198
29729	NNNNNN	V3C99_019199
29730	tbc-16	V3C99_019201
29731	NNNNNN	V3C99_019202
29732	aak-2	V3C99_019206
29733	tut-2	V3C99_019207
29734	npr-4	V3C99_019209
29735	utx-1	V3C99_019213
29736	metl-9	V3C99_019214
29737	zchc-1A	V3C99_019215
29738	NNNNNN	V3C99_019216
29739	NNNNNN	V3C99_019219
29740	cpd-2	V3C99_019220
29741	dhs-11	V3C99_019223
29742	dhs-25	V3C99_019223
29743	NNNNNN	V3C99_019226
29744	acs-17	V3C99_019229
29745	NNNNNN	V3C99_019231
29746	NNNNNN	V3C99_019232
29750	NNNNNN	V3C99_019232
29751	NNNNNN	V3C99_019232
29752	NNNNNN	V3C99_019234
