WormGEMid	GeneID1
pfas-1	V3C99_000006
egl-5	V3C99_000008
ppm-1.G	V3C99_000011
gly-5	V3C99_000014
abce-1	V3C99_000015
NNNNNN	V3C99_000017
T12B3.3	V3C99_000022
NNNNNN	V3C99_000022
NNNNNN	V3C99_000023
magu-1	V3C99_000024
ser-4	V3C99_000025
rnr-1	V3C99_000041
ift-139	V3C99_000042
NNNNNN	V3C99_000043
NNNNNN	V3C99_000045
pcaf-1	V3C99_000051
F47G4.4	V3C99_000054
NNNNNN	V3C99_000057
osg-1	V3C99_000064
lit-1	V3C99_000065
NNNNNN	V3C99_000069
NNNNNN	V3C99_000070
Y32H12A.8	V3C99_000072
Y32H12A.7	V3C99_000074
NNNNNN	V3C99_000075
ugt-60	V3C99_000076
fli-1	V3C99_000077
anmt-1	V3C99_000078
swp-1	V3C99_000079
NNNNNN	V3C99_000082
T28D6.7	V3C99_000085
mdh-2	V3C99_000087
mrps-31	V3C99_000088
ptp-1	V3C99_000096
NNNNNN	V3C99_000098
NNNNNN	V3C99_000100
tim-1	V3C99_000105
Y44F5A.1	V3C99_000106
zhit-2	V3C99_000107
mrpl-21	V3C99_000108
NNNNNN	V3C99_000111
lron-5	V3C99_000112
F56A8.3	V3C99_000114
F56A8.9	V3C99_000115
K11H3.3	V3C99_000116
Y37B11A.3	V3C99_000116
slc-36.1	V3C99_000117
Y43F4B.5	V3C99_000120
npp-18	V3C99_000121
unc-64	V3C99_000122
ubc-7	V3C99_000123
rpac-19	V3C99_000124
tbg-1	V3C99_000125
nipa-1	V3C99_000126
T19C3.4	V3C99_000128
mog-1	V3C99_000129
T19C3.4	V3C99_000130
NNNNNN	V3C99_000131
K03H1.13	V3C99_000132
teg-1	V3C99_000135
rab-35	V3C99_000136
eef-1B.2	V3C99_000139
NNNNNN	V3C99_000140
sup-26	V3C99_000151
nex-2	V3C99_000152
nex-2	V3C99_000153
ccdc-55	V3C99_000154
rnf-121	V3C99_000155
rnf-5	V3C99_000156
odr-4	V3C99_000157
imph-1	V3C99_000158
NNNNNN	V3C99_000160
mlc-3	V3C99_000161
rpc-2	V3C99_000162
mlc-4	V3C99_000163
NNNNNN	V3C99_000164
elmd-1	V3C99_000165
tir-1	V3C99_000166
NNNNNN	V3C99_000167
spop-1	V3C99_000168
mpk-1	V3C99_000172
dagl-2	V3C99_000186
alh-11	V3C99_000187
chin-1	V3C99_000188
nra-4	V3C99_000189
Y50D7A.10	V3C99_000192
NNNNNN	V3C99_000193
ads-1	V3C99_000194
NNNNNN	V3C99_000195
NNNNNN	V3C99_000196
nmad-1	V3C99_000202
kin-18	V3C99_000203
nmad-1	V3C99_000204
NNNNNN	V3C99_000206
chc-1	V3C99_000207
pvf-1	V3C99_000208
rsp-3	V3C99_000213
rsp-3	V3C99_000214
NNNNNN	V3C99_000217
B0464.9	V3C99_000218
set-17	V3C99_000219
sbp-1	V3C99_000222
emb-30	V3C99_000223
pir-2	V3C99_000225
dhhc-8	V3C99_000226
Y73B6BL.29	V3C99_000227
cul-4	V3C99_000228
atx-2	V3C99_000231
gpch-1	V3C99_000241
prdx-3	V3C99_000242
rnp-4	V3C99_000243
snfc-5	V3C99_000244
NNNNNN	V3C99_000245
pac-1	V3C99_000247
NNNNNN	V3C99_000250
NNNNNN	V3C99_000252
NNNNNN	V3C99_000253
ima-2	V3C99_000261
NNNNNN	V3C99_000262
gbf-1	V3C99_000264
immp-1	V3C99_000265
C46F11.4	V3C99_000266
F17C8.9	V3C99_000277
him-18	V3C99_000279
NNNNNN	V3C99_000281
dac-1	V3C99_000283
NNNNNN	V3C99_000284
NNNNNN	V3C99_000285
cul-1	V3C99_000287
D2045.9	V3C99_000288
D2045.7	V3C99_000289
pes-4	V3C99_000290
hpo-10	V3C99_000291
F09G8.5	V3C99_000293
NNNNNN	V3C99_000294
ceh-44	V3C99_000295
ndua-8	V3C99_000296
rbc-2	V3C99_000297
NNNNNN	V3C99_000298
exos-9	V3C99_000299
pfd-5	V3C99_000300
NNNNNN	V3C99_000302
NNNNNN	V3C99_000303
NNNNNN	V3C99_000304
tkr-1	V3C99_000305
pdfr-1	V3C99_000306
C14B9.8	V3C99_000306
exos-8	V3C99_000309
R10E11.6	V3C99_000310
vha-2	V3C99_000311
vha-3	V3C99_000311
vha-1	V3C99_000312
sqv-3	V3C99_000313
NNNNNN	V3C99_000316
NNNNNN	V3C99_000319
NNNNNN	V3C99_000324
mcm-6	V3C99_000329
cor-1	V3C99_000331
NNNNNN	V3C99_000332
mrpl-30	V3C99_000334
W04B5.5	V3C99_000335
Y54F10BM.13	V3C99_000336
ppm-1.D	V3C99_000337
NNNNNN	V3C99_000338
NNNNNN	V3C99_000339
cct-5	V3C99_000341
atf-7	V3C99_000342
NNNNNN	V3C99_000343
dcn-1	V3C99_000345
mdt-21	V3C99_000346
dib-1	V3C99_000347
ran-2	V3C99_000348
NNNNNN	V3C99_000350
citk-2	V3C99_000350
cdd-2	V3C99_000351
Y75B8A.24	V3C99_000358
psme-3	V3C99_000362
Y66D12A.10	V3C99_000363
anp-1	V3C99_000364
NNNNNN	V3C99_000371
NNNNNN	V3C99_000372
rgr-1	V3C99_000373
NNNNNN	V3C99_000375
NNNNNN	V3C99_000376
rbg-3	V3C99_000377
rps-0	V3C99_000378
cox-6B	V3C99_000381
nduc-2	V3C99_000382
tbcc-1	V3C99_000383
NNNNNN	V3C99_000386
rps-5	V3C99_000387
mcm-5	V3C99_000388
T23G11.7	V3C99_000402
Y34B4A.2	V3C99_000402
vps-41	V3C99_000403
hsp-16.41	V3C99_000406
hsp-16.48	V3C99_000406
hsp-16.49	V3C99_000406
inf-1	V3C99_000408
mrpl-11	V3C99_000410
NNNNNN	V3C99_000414
gfi-3	V3C99_000415
such-1	V3C99_000415
ras-2	V3C99_000416
mrps-10	V3C99_000422
F42A10.9	V3C99_000423
NNNNNN	V3C99_000424
tbx-9	V3C99_000427
NNNNNN	V3C99_000430
mdt-19	V3C99_000431
NNNNNN	V3C99_000434
rml-1	V3C99_000456
NNNNNN	V3C99_000461
NNNNNN	V3C99_000471
NNNNNN	V3C99_000472
NNNNNN	V3C99_000476
NNNNNN	V3C99_000480
tyr-1	V3C99_000492
Y50D7A.13	V3C99_000498
NNNNNN	V3C99_000499
NNNNNN	V3C99_000501
nud-1	V3C99_000506
acaa-2	V3C99_000507
cya-1	V3C99_000508
NNNNNN	V3C99_000509
fbn-1	V3C99_000510
NNNNNN	V3C99_000511
NNNNNN	V3C99_000512
lonp-2	V3C99_000513
nud-1	V3C99_000516
cya-1	V3C99_000517
NNNNNN	V3C99_000518
wrn-1	V3C99_000519
NNNNNN	V3C99_000528
cnx-1	V3C99_000531
panl-3	V3C99_000532
NNNNNN	V3C99_000533
NNNNNN	V3C99_000534
NNNNNN	V3C99_000535
NNNNNN	V3C99_000536
NNNNNN	V3C99_000537
NNNNNN	V3C99_000538
NNNNNN	V3C99_000539
NNNNNN	V3C99_000540
NNNNNN	V3C99_000541
ckk-1	V3C99_000547
NNNNNN	V3C99_000558
vps-16	V3C99_000559
txdc-9	V3C99_000560
clec-149	V3C99_000569
NNNNNN	V3C99_000572
frm-8	V3C99_000573
NNNNNN	V3C99_000577
F40G9.17	V3C99_000578
sec-20	V3C99_000579
ubc-20	V3C99_000580
cox-17	V3C99_000580
mxl-2	V3C99_000581
NNNNNN	V3C99_000585
B0393.3	V3C99_000588
mat-3	V3C99_000589
C36E8.4	V3C99_000593
NNNNNN	V3C99_000594
hsp-25	V3C99_000595
rpc-1	V3C99_000596
ets-4	V3C99_000597
NNNNNN	V3C99_000598
NNNNNN	V3C99_000599
ubq-2	V3C99_000601
frg-1	V3C99_000602
let-711	V3C99_000603
rpn-6.1	V3C99_000604
riok-3	V3C99_000605
NNNNNN	V3C99_000606
lgc-42	V3C99_000607
ani-1	V3C99_000611
him-6	V3C99_000612
ZC262.2	V3C99_000614
NNNNNN	V3C99_000618
NNNNNN	V3C99_000622
NNNNNN	V3C99_000625
Y39G8B.1	V3C99_000626
let-756	V3C99_000627
znf-622	V3C99_000628
C16A3.6	V3C99_000629
NNNNNN	V3C99_000630
NNNNNN	V3C99_000632
NNNNNN	V3C99_000635
NNNNNN	V3C99_000636
NNNNNN	V3C99_000636
NNNNNN	V3C99_000636
NNNNNN	V3C99_000639
NNNNNN	V3C99_000640
NNNNNN	V3C99_000642
NNNNNN	V3C99_000643
NNNNNN	V3C99_000643
NNNNNN	V3C99_000643
NNNNNN	V3C99_000643
NNNNNN	V3C99_000643
NNNNNN	V3C99_000643
dyf-2	V3C99_000644
rps-13	V3C99_000646
nfx-1	V3C99_000647
NNNNNN	V3C99_000648
NNNNNN	V3C99_000650
zyg-8	V3C99_000657
mrps-34	V3C99_000660
NNNNNN	V3C99_000662
NNNNNN	V3C99_000663
NNNNNN	V3C99_000665
NNNNNN	V3C99_000666
NNNNNN	V3C99_000666
R05D3.2	V3C99_000668
Y71G10AR.4	V3C99_000669
met-2	V3C99_000670
NNNNNN	V3C99_000671
rbm-7	V3C99_000673
pxl-1	V3C99_000674
rib-2	V3C99_000675
ran-1	V3C99_000677
dkc-1	V3C99_000678
nhr-6	V3C99_000680
mre-11	V3C99_000681
ufc-1	V3C99_000682
mrpl-18	V3C99_000684
aman-2	V3C99_000685
rpl-24.2	V3C99_000687
F01F1.2	V3C99_000688
rilp-1	V3C99_000689
lipl-7	V3C99_000690
unc-103	V3C99_000691
NNNNNN	V3C99_000695
mtm-3	V3C99_000697
NNNNNN	V3C99_000699
unc-47	V3C99_000700
K01G5.8	V3C99_000701
dxbp-1	V3C99_000702
vps-53	V3C99_000703
F48F7.3	V3C99_000708
mapk-15	V3C99_000710
NNNNNN	V3C99_000711
NNNNNN	V3C99_000711
C18F10.7	V3C99_000712
hmg-1.2	V3C99_000713
F20H11.1	V3C99_000715
NNNNNN	V3C99_000716
sel-9	V3C99_000719
arrd-24	V3C99_000723
arrd-7	V3C99_000723
Y105E8B.7	V3C99_000724
cccp-1	V3C99_000725
NNNNNN	V3C99_000726
NNNNNN	V3C99_000726
NNNNNN	V3C99_000726
NNNNNN	V3C99_000726
NNNNNN	V3C99_000726
NNNNNN	V3C99_000730
tag-340	V3C99_000734
arl-5	V3C99_000736
NNNNNN	V3C99_000737
hlh-11	V3C99_000738
NNNNNN	V3C99_000739
stau-1	V3C99_000741
swsn-3	V3C99_000742
Y71H2AM.6	V3C99_000743
ZK632.14	V3C99_000744
NNNNNN	V3C99_000746
ZK1010.2	V3C99_000750
bckd-1A	V3C99_000751
dro-1	V3C99_000752
mrpl-51	V3C99_000753
ttm-1	V3C99_000754
ceh-13	V3C99_000768
lin-39	V3C99_000771
lig-4	V3C99_000772
NNNNNN	V3C99_000773
vglu-2	V3C99_000774
vglu-3	V3C99_000774
F23F12.3	V3C99_000776
F23F12.13	V3C99_000776
NNNNNN	V3C99_000778
sftb-1	V3C99_000779
T08A11.1	V3C99_000780
gex-4	V3C99_000781
NNNNNN	V3C99_000783
NNNNNN	V3C99_000784
usp-46	V3C99_000785
ZK632.2	V3C99_000786
hach-1	V3C99_000787
hum-5	V3C99_000788
cul-3	V3C99_000790
rpl-6	V3C99_000791
dcr-1	V3C99_000792
klp-15	V3C99_000793
NNNNNN	V3C99_000793
NNNNNN	V3C99_000795
NNNNNN	V3C99_000806
NNNNNN	V3C99_000807
C16C10.8	V3C99_000808
pgap-2	V3C99_000809
mrpl-16	V3C99_000810
blos-1	V3C99_000811
T20G5.9	V3C99_000812
sorf-2	V3C99_000815
NNNNNN	V3C99_000817
mrt-2	V3C99_000818
mig-10	V3C99_000819
NNNNNN	V3C99_000821
twk-39	V3C99_000822
NNNNNN	V3C99_000823
NNNNNN	V3C99_000823
NNNNNN	V3C99_000823
NNNNNN	V3C99_000823
NNNNNN	V3C99_000823
NNNNNN	V3C99_000823
NNNNNN	V3C99_000823
NNNNNN	V3C99_000823
NNNNNN	V3C99_000829
NNNNNN	V3C99_000829
NNNNNN	V3C99_000829
NNNNNN	V3C99_000829
NNNNNN	V3C99_000829
NNNNNN	V3C99_000829
NNNNNN	V3C99_000829
NNNNNN	V3C99_000829
NNNNNN	V3C99_000829
NNNNNN	V3C99_000829
NNNNNN	V3C99_000830
NNNNNN	V3C99_000830
NNNNNN	V3C99_000830
NNNNNN	V3C99_000830
NNNNNN	V3C99_000830
NNNNNN	V3C99_000830
NNNNNN	V3C99_000830
NNNNNN	V3C99_000830
NNNNNN	V3C99_000832
NNNNNN	V3C99_000832
NNNNNN	V3C99_000832
NNNNNN	V3C99_000832
NNNNNN	V3C99_000832
NNNNNN	V3C99_000832
NNNNNN	V3C99_000832
NNNNNN	V3C99_000832
NNNNNN	V3C99_000832
NNNNNN	V3C99_000832
NNNNNN	V3C99_000835
NNNNNN	V3C99_000835
NNNNNN	V3C99_000835
NNNNNN	V3C99_000835
NNNNNN	V3C99_000835
NNNNNN	V3C99_000835
NNNNNN	V3C99_000835
NNNNNN	V3C99_000835
NNNNNN	V3C99_000835
NNNNNN	V3C99_000835
NNNNNN	V3C99_000837
NNNNNN	V3C99_000837
NNNNNN	V3C99_000837
NNNNNN	V3C99_000837
NNNNNN	V3C99_000837
NNNNNN	V3C99_000837
NNNNNN	V3C99_000837
NNNNNN	V3C99_000837
NNNNNN	V3C99_000838
NNNNNN	V3C99_000838
NNNNNN	V3C99_000838
NNNNNN	V3C99_000838
NNNNNN	V3C99_000838
NNNNNN	V3C99_000838
NNNNNN	V3C99_000838
NNNNNN	V3C99_000838
NNNNNN	V3C99_000839
NNNNNN	V3C99_000839
NNNNNN	V3C99_000839
NNNNNN	V3C99_000839
NNNNNN	V3C99_000839
NNNNNN	V3C99_000839
NNNNNN	V3C99_000839
NNNNNN	V3C99_000839
NNNNNN	V3C99_000839
NNNNNN	V3C99_000839
NNNNNN	V3C99_000841
NNNNNN	V3C99_000841
NNNNNN	V3C99_000841
NNNNNN	V3C99_000841
NNNNNN	V3C99_000841
NNNNNN	V3C99_000841
NNNNNN	V3C99_000841
NNNNNN	V3C99_000841
NNNNNN	V3C99_000841
NNNNNN	V3C99_000841
bcmo-1	V3C99_000842
bcmo-2	V3C99_000842
NNNNNN	V3C99_000844
NNNNNN	V3C99_000846
ZK353.9	V3C99_000869
cyy-1	V3C99_000871
obr-1	V3C99_000872
smg-6	V3C99_000873
NNNNNN	V3C99_000874
NNNNNN	V3C99_000875
sucl-2	V3C99_000877
NNNNNN	V3C99_000879
ddx-35	V3C99_000880
arx-4	V3C99_000881
ced-9	V3C99_000882
mev-1	V3C99_000883
tag-131	V3C99_000889
acr-21	V3C99_000891
F44E2.6	V3C99_000892
smu-2	V3C99_000893
NNNNNN	V3C99_000894
gcy-32	V3C99_000895
gcy-34	V3C99_000895
B0303.7	V3C99_000896
NNNNNN	V3C99_000898
NNNNNN	V3C99_000902
baz-2	V3C99_000904
upp-1	V3C99_000905
C27D8.1	V3C99_000906
Y39G8C.2	V3C99_000906
F53C3.1	V3C99_000906
par-3	V3C99_000907
C35D10.5	V3C99_000910
seb-2	V3C99_000911
NNNNNN	V3C99_000918
swt-4	V3C99_000922
Y39A1A.9	V3C99_000923
mrps-9	V3C99_000924
F23H11.4	V3C99_000925
F26F2.7	V3C99_000926
vnut-1	V3C99_000928
NNNNNN	V3C99_000929
mrpl-45	V3C99_000930
F56C9.10	V3C99_000934
gsp-2	V3C99_000935
sma-4	V3C99_000936
Y43F8C.6	V3C99_000937
NNNNNN	V3C99_000938
NNNNNN	V3C99_000955
NNNNNN	V3C99_000961
F13H10.3	V3C99_000962
col-14	V3C99_000964
prk-2	V3C99_000970
NNNNNN	V3C99_000971
NNNNNN	V3C99_000973
vps-36	V3C99_000974
fipp-1	V3C99_000975
NNNNNN	V3C99_000976
F48B9.8	V3C99_000978
abt-4	V3C99_000981
arx-6	V3C99_000982
arl-6	V3C99_000983
C35D10.1	V3C99_000983
pal-1	V3C99_000984
cyk-3	V3C99_000985
ZK418.5	V3C99_000987
NNNNNN	V3C99_000988
C05D11.5	V3C99_000989
NNNNNN	V3C99_000992
atgl-1	V3C99_000993
C05D11.8	V3C99_000994
popl-1	V3C99_000995
mrps-17	V3C99_000997
F44B9.8	V3C99_000999
hpr-9	V3C99_001000
emg-1	V3C99_001001
dhhc-4	V3C99_001002
unc-51	V3C99_001005
tufm-1	V3C99_001006
Y71H2AM.3	V3C99_001007
ZK370.4	V3C99_001011
elpc-3	V3C99_001014
NNNNNN	V3C99_001015
NNNNNN	V3C99_001026
T03F6.3	V3C99_001028
apc-2	V3C99_001029
grp-1	V3C99_001030
vms-1	V3C99_001031
idi-1	V3C99_001032
spcs-3	V3C99_001033
ida-1	V3C99_001034
cit-1.1	V3C99_001035
NNNNNN	V3C99_001036
thoc-2	V3C99_001037
cdk-8	V3C99_001039
NNNNNN	V3C99_001040
T07D3.4	V3C99_001045
W02B3.4	V3C99_001045
Y22D7AL.11	V3C99_001045
NNNNNN	V3C99_001046
NNNNNN	V3C99_001048
NNNNNN	V3C99_001048
NNNNNN	V3C99_001048
NNNNNN	V3C99_001048
NNNNNN	V3C99_001048
NNNNNN	V3C99_001048
NNNNNN	V3C99_001048
NNNNNN	V3C99_001048
NNNNNN	V3C99_001048
NNNNNN	V3C99_001048
NNNNNN	V3C99_001048
NNNNNN	V3C99_001048
NNNNNN	V3C99_001048
NNNNNN	V3C99_001048
NNNNNN	V3C99_001050
W09D10.4	V3C99_001053
W09D10.4	V3C99_001054
NNNNNN	V3C99_001057
tat-3	V3C99_001060
lec-6	V3C99_001064
lec-6	V3C99_001065
dpy-19	V3C99_001072
NNNNNN	V3C99_001073
T07D3.4	V3C99_001074
W02B3.4	V3C99_001074
Y22D7AL.11	V3C99_001074
NNNNNN	V3C99_001076
slo-2	V3C99_001080
mab-5	V3C99_001082
NNNNNN	V3C99_001091
set-16	V3C99_001092
cids-1	V3C99_001104
C02F5.3	V3C99_001105
C02F5.13	V3C99_001106
dpy-23	V3C99_001107
Y34D9A.7	V3C99_001115
trxr-2	V3C99_001116
tpk-1	V3C99_001117
unc-32	V3C99_001118
lin-9	V3C99_001119
NNNNNN	V3C99_001120
C35D10.12	V3C99_001121
fozi-1	V3C99_001122
Y46E12A.3	V3C99_001127
klp-20	V3C99_001128
ppk-2	V3C99_001129
dars-1	V3C99_001130
NNNNNN	V3C99_001131
NNNNNN	V3C99_001132
NNNNNN	V3C99_001133
NNNNNN	V3C99_001134
npp-25	V3C99_001136
pdr-1	V3C99_001137
lpd-7	V3C99_001138
rpl-9	V3C99_001139
alh-12	V3C99_001141
NNNNNN	V3C99_001142
mfsd-6	V3C99_001143
NNNNNN	V3C99_001147
mvk-1	V3C99_001163
NNNNNN	V3C99_001166
NNNNNN	V3C99_001167
NNNNNN	V3C99_001168
NNNNNN	V3C99_001169
NNNNNN	V3C99_001170
NNNNNN	V3C99_001170
NNNNNN	V3C99_001171
NNNNNN	V3C99_001172
ogt-1	V3C99_001174
rnp-7	V3C99_001175
nuo-4	V3C99_001175
NNNNNN	V3C99_001176
acs-4	V3C99_001177
mfsd-8	V3C99_001178
NNNNNN	V3C99_001181
Y105E8A.20	V3C99_001182
NNNNNN	V3C99_001189
NNNNNN	V3C99_001192
NNNNNN	V3C99_001193
NNNNNN	V3C99_001193
NNNNNN	V3C99_001193
glr-2	V3C99_001194
clpf-1	V3C99_001195
NNNNNN	V3C99_001196
NNNNNN	V3C99_001197
NNNNNN	V3C99_001197
doxa-1	V3C99_001198
nhl-1	V3C99_001199
ZK512.4	V3C99_001200
klp-19	V3C99_001201
ceh-10	V3C99_001203
polq-1	V3C99_001204
rev-3	V3C99_001205
NNNNNN	V3C99_001206
NNNNNN	V3C99_001207
mls-2	V3C99_001208
rom-1	V3C99_001212
NNNNNN	V3C99_001215
txbp-3	V3C99_001216
lon-3	V3C99_001218
rol-6	V3C99_001218
NNNNNN	V3C99_001219
NNNNNN	V3C99_001224
tra-1	V3C99_001226
dpy-18	V3C99_001230
dpy-18	V3C99_001231
npr-17	V3C99_001233
smrc-1	V3C99_001236
NNNNNN	V3C99_001237
C56A3.6	V3C99_001238
larp-1	V3C99_001239
nekl-4	V3C99_001240
let-765	V3C99_001241
set-1	V3C99_001242
T26A5.6	V3C99_001243
let-721	V3C99_001244
mel-32	V3C99_001245
ptr-9	V3C99_001246
sap-140	V3C99_001247
F10E9.11	V3C99_001250
NNNNNN	V3C99_001252
NNNNNN	V3C99_001254
egl-45	V3C99_001256
kcmf-1	V3C99_001258
NNNNNN	V3C99_001260
NNNNNN	V3C99_001261
mrpl-12	V3C99_001263
Y39A1A.22	V3C99_001264
Y39A1A.21	V3C99_001265
NNNNNN	V3C99_001266
NNNNNN	V3C99_001267
NNNNNN	V3C99_001268
mrpl-12	V3C99_001269
Y39A1A.22	V3C99_001270
NNNNNN	V3C99_001271
NNNNNN	V3C99_001272
aco-2	V3C99_001274
eef-1B.1	V3C99_001275
cua-1	V3C99_001280
cua-1	V3C99_001281
abcf-2	V3C99_001282
NNNNNN	V3C99_001283
ant-1.1	V3C99_001284
ant-1.2	V3C99_001284
ant-1.3	V3C99_001284
ant-1.4	V3C99_001284
gsto-2	V3C99_001285
gsto-1	V3C99_001285
C02D5.4	V3C99_001285
NNNNNN	V3C99_001286
maa-1	V3C99_001287
popl-5	V3C99_001288
nars-2	V3C99_001289
NNNNNN	V3C99_001290
NNNNNN	V3C99_001290
dnc-2	V3C99_001294
grk-2	V3C99_001303
C24A3.1	V3C99_001304
Y66D12A.21	V3C99_001305
tin-10	V3C99_001306
NNNNNN	V3C99_001307
NNNNNN	V3C99_001308
pdcd-2	V3C99_001311
ncl-1	V3C99_001314
rpb-8	V3C99_001315
rars-1	V3C99_001316
ZK512.2	V3C99_001318
NNNNNN	V3C99_001319
slc-17.2	V3C99_001320
brc-1	V3C99_001326
acs-19	V3C99_001327
pigt-1	V3C99_001329
clp-2	V3C99_001330
dscc-1	V3C99_001331
glr-1	V3C99_001332
NNNNNN	V3C99_001338
eat-4	V3C99_001342
byn-1	V3C99_001346
coq-2	V3C99_001347
rfc-2	V3C99_001348
flap-1	V3C99_001349
NNNNNN	V3C99_001350
C27F2.4	V3C99_001352
vps-22	V3C99_001353
C27F2.9	V3C99_001354
ntl-9	V3C99_001355
mrps-18C	V3C99_001356
fsn-1	V3C99_001357
rpb-2	V3C99_001358
cts-1	V3C99_001377
NNNNNN	V3C99_001379
NNNNNN	V3C99_001379
gldi-9	V3C99_001380
cnk-1	V3C99_001381
pad-2	V3C99_001381
R01H10.7	V3C99_001382
bbs-5	V3C99_001383
ina-1	V3C99_001385
tax-4	V3C99_001386
NNNNNN	V3C99_001389
NNNNNN	V3C99_001390
NNNNNN	V3C99_001391
slc-25A10	V3C99_001395
NNNNNN	V3C99_001396
Y67D2.5	V3C99_001399
cisd-3.2	V3C99_001400
rpc-11	V3C99_001401
NNNNNN	V3C99_001402
Y82E9BR.14	V3C99_001404
Y82E9BR.3	V3C99_001405
rsp-8	V3C99_001410
cwf-19L2	V3C99_001411
NNNNNN	V3C99_001413
pef-1	V3C99_001414
NNNNNN	V3C99_001416
wip-1	V3C99_001417
mdt-11	V3C99_001418
NNNNNN	V3C99_001419
R144.13	V3C99_001420
Y22D7AL.10	V3C99_001421
hsp-60	V3C99_001422
Y71H2AM.2	V3C99_001429
hipr-1	V3C99_001429
alkb-8	V3C99_001432
ears-2	V3C99_001433
rpn-13	V3C99_001434
let-767	V3C99_001435
stdh-1	V3C99_001435
stdh-3	V3C99_001435
NNNNNN	V3C99_001436
mua-3	V3C99_001437
NNNNNN	V3C99_001439
rps-28	V3C99_001441
elpc-2	V3C99_001442
hmg-3	V3C99_001443
hmg-4	V3C99_001443
scav-3	V3C99_001444
T20B12.7	V3C99_001447
mml-1	V3C99_001448
cah-1	V3C99_001449
cox-6A	V3C99_001452
scc-3	V3C99_001453
cox-6A	V3C99_001454
NNNNNN	V3C99_001460
sax-2	V3C99_001461
tbx-2	V3C99_001462
Y54H5A.2	V3C99_001463
NNNNNN	V3C99_001469
gcna-1	V3C99_001472
bbs-4	V3C99_001483
dgk-3	V3C99_001484
txdc-17	V3C99_001486
NNNNNN	V3C99_001487
Y71H2AM.1	V3C99_001488
asna-1	V3C99_001489
best-18	V3C99_001490
W02F12.2	V3C99_001490
rabx-5	V3C99_001493
gpdh-2	V3C99_001494
NNNNNN	V3C99_001498
abi-1	V3C99_001500
F54F2.9	V3C99_001501
pat-2	V3C99_001502
bub-1	V3C99_001504
act-1	V3C99_001505
act-2	V3C99_001505
act-3	V3C99_001505
act-4	V3C99_001505
prx-19	V3C99_001506
F54F2.7	V3C99_001507
unc-50	V3C99_001509
unc-69	V3C99_001510
C25G4.3	V3C99_001514
F44B9.5	V3C99_001515
NNNNNN	V3C99_001516
cct-6	V3C99_001517
ddx-23	V3C99_001518
mdt-15	V3C99_001519
NNNNNN	V3C99_001520
trp-2	V3C99_001523
ZK1236.1	V3C99_001524
C16E9.2	V3C99_001525
mmab-1	V3C99_001528
ula-1	V3C99_001529
div-1	V3C99_001531
rnp-5	V3C99_001532
dbn-1	V3C99_001533
Y39A1A.3	V3C99_001534
epg-6	V3C99_001535
metl-18	V3C99_001536
golg-4	V3C99_001537
isw-1	V3C99_001541
NNNNNN	V3C99_001542
wdr-4	V3C99_001543
cyld-1	V3C99_001546
Y108G3AL.2	V3C99_001548
Y108G3AL.2	V3C99_001550
rps-22	V3C99_001551
polh-1	V3C99_001552
NNNNNN	V3C99_001555
gpdh-2	V3C99_001557
rabx-5	V3C99_001558
NNNNNN	V3C99_001567
Y75B8A.7	V3C99_001568
bcl-7	V3C99_001569
zmp-1	V3C99_001570
NNNNNN	V3C99_001573
NNNNNN	V3C99_001574
svop-1	V3C99_001575
NNNNNN	V3C99_001576
mcm-3	V3C99_001581
Y39A3A.4	V3C99_001582
Y48G9A.9	V3C99_001582
rsks-1	V3C99_001584
cdh-4	V3C99_001587
NNNNNN	V3C99_001589
NNNNNN	V3C99_001592
let-504	V3C99_001593
NNNNNN	V3C99_001594
amdh-1	V3C99_001595
stt-3	V3C99_001596
NNNNNN	V3C99_001597
bcas-2	V3C99_001598
esyt-2	V3C99_001599
taf-12	V3C99_001605
NNNNNN	V3C99_001611
sel-13	V3C99_001612
ubxn-4	V3C99_001613
NNNNNN	V3C99_001618
NNNNNN	V3C99_001619
myo-6	V3C99_001623
hlh-8	V3C99_001624
cnd-1	V3C99_001625
NNNNNN	V3C99_001627
sgcb-1	V3C99_001630
C33G3.4	V3C99_001632
kap-1	V3C99_001634
toc-1	V3C99_001635
clk-1	V3C99_001636
M04B2.4	V3C99_001641
R12B2.2	V3C99_001642
NNNNNN	V3C99_001643
pde-12	V3C99_001646
sbsp-1	V3C99_001650
T28D6.6	V3C99_001657
NNNNNN	V3C99_001658
NNNNNN	V3C99_001665
NNNNNN	V3C99_001668
exoc-7	V3C99_001670
ndx-7	V3C99_001671
zfp-1	V3C99_001672
T05G5.5	V3C99_001673
NNNNNN	V3C99_001676
NNNNNN	V3C99_001677
NNNNNN	V3C99_001678
tat-1	V3C99_001680
NNNNNN	V3C99_001681
nca-2	V3C99_001682
NNNNNN	V3C99_001683
cnd-1	V3C99_001685
B0464.6	V3C99_001686
prp-3	V3C99_001687
pitp-1	V3C99_001689
pph-4.1	V3C99_001690
glrx-5	V3C99_001691
mrpl-36	V3C99_001692
ecps-1	V3C99_001693
smrd-1	V3C99_001694
NNNNNN	V3C99_001697
sel-15	V3C99_001700
R04F11.5	V3C99_001701
C45E5.1	V3C99_001702
K02D10.1	V3C99_001702
mtss-1	V3C99_001705
K02D10.1	V3C99_001706
snap-29	V3C99_001707
NNNNNN	V3C99_001708
NNNNNN	V3C99_001709
fars-1	V3C99_001710
NNNNNN	V3C99_001711
alh-9	V3C99_001712
Y56A3A.2	V3C99_001712
NNNNNN	V3C99_001713
jmjd-4	V3C99_001716
daf-4	V3C99_001722
exo-1	V3C99_001724
NNNNNN	V3C99_001725
heh-1	V3C99_001726
F35G12.12	V3C99_001729
wdr-48	V3C99_001730
prp-8	V3C99_001731
NNNNNN	V3C99_001733
cil-1	V3C99_001734
dnpp-1	V3C99_001735
C16C10.2	V3C99_001737
C16C10.1	V3C99_001739
lars-1	V3C99_001740
NNNNNN	V3C99_001741
gei-1	V3C99_001743
NNNNNN	V3C99_001744
T03F6.6	V3C99_001745
mup-4	V3C99_001746
NNNNNN	V3C99_001748
NNNNNN	V3C99_001751
NNNNNN	V3C99_001753
har-1	V3C99_001755
B0250.5	V3C99_001756
glod-4	V3C99_001757
ZK1098.11	V3C99_001758
unc-16	V3C99_001759
ZK1098.11	V3C99_001759
rnf-113	V3C99_001760
coq-8	V3C99_001761
C35D10.17	V3C99_001763
gos-28	V3C99_001769
F08F8.7	V3C99_001770
plr-1	V3C99_001771
algn-1	V3C99_001773
jhdm-1	V3C99_001775
hpl-1	V3C99_001776
NNNNNN	V3C99_001776
NNNNNN	V3C99_001777
coq-5	V3C99_001794
tag-307	V3C99_001795
F57B9.1	V3C99_001796
R144.6	V3C99_001797
R144.12	V3C99_001798
R144.11	V3C99_001799
slc-25A26	V3C99_001800
NNNNNN	V3C99_001801
nonu-1	V3C99_001802
NNNNNN	V3C99_001803
NNNNNN	V3C99_001807
pod-1	V3C99_001809
mlh-1	V3C99_001810
NNNNNN	V3C99_001813
orc-1	V3C99_001815
NNNNNN	V3C99_001816
K01G5.10	V3C99_001817
mrpl-32	V3C99_001818
rpn-3	V3C99_001819
hsp-110	V3C99_001820
tomm-7	V3C99_001822
ufm-1	V3C99_001823
NNNNNN	V3C99_001824
Y70G10A.3	V3C99_001827
NNNNNN	V3C99_001828
unc-116	V3C99_001833
ZC262.7	V3C99_001833
T23B5.4	V3C99_001835
C23G10.7	V3C99_001838
nex-3	V3C99_001841
ceh-43	V3C99_001843
NNNNNN	V3C99_001844
ifet-1	V3C99_001845
rps-1	V3C99_001846
NNNNNN	V3C99_001847
NNNNNN	V3C99_001848
rfp-1	V3C99_001850
C23G10.7	V3C99_001852
unc-119	V3C99_001854
vps-50	V3C99_001855
Y43F4A.1	V3C99_001856
myo-2	V3C99_001858
hip-1	V3C99_001863
NNNNNN	V3C99_001864
C10C5.3	V3C99_001866
C10C5.4	V3C99_001866
C10C5.5	V3C99_001866
C06A6.4	V3C99_001866
shpk-1	V3C99_001868
C38H2.2	V3C99_001869
cgh-1	V3C99_001870
nol-14	V3C99_001872
metl-5	V3C99_001877
trpp-3	V3C99_001878
prp-40	V3C99_001879
klp-6	V3C99_001881
der-2	V3C99_001883
hsp-75	V3C99_001884
lipt-1	V3C99_001885
snrp-40.1	V3C99_001886
R151.8	V3C99_001887
adr-2	V3C99_001888
ndus-8	V3C99_001889
ndus-8	V3C99_001890
ndus-8	V3C99_001891
NNNNNN	V3C99_001892
NNNNNN	V3C99_001893
NNNNNN	V3C99_001894
NNNNNN	V3C99_001895
ndus-8	V3C99_001896
ndus-8	V3C99_001898
adr-2	V3C99_001899
R151.8	V3C99_001900
snrp-40.1	V3C99_001901
lipt-1	V3C99_001902
hsp-75	V3C99_001903
der-2	V3C99_001904
klp-6	V3C99_001905
clu-1	V3C99_001907
NNNNNN	V3C99_001908
rnr-2	V3C99_001910
lgc-37	V3C99_001913
gab-1	V3C99_001915
gut-2	V3C99_001917
M01F1.9	V3C99_001918
dph-7	V3C99_001919
cuc-1	V3C99_001920
Y41C4A.8	V3C99_001922
Y41C4A.9	V3C99_001922
elb-1	V3C99_001923
imp-2	V3C99_001924
F47D12.9	V3C99_001929
NNNNNN	V3C99_001934
scav-2	V3C99_001936
Y55D5A.3	V3C99_001937
Y76A2B.5	V3C99_001938
ppat-1	V3C99_001939
rpb-11	V3C99_001940
F48E8.4	V3C99_001941
F48E8.2	V3C99_001942
NNNNNN	V3C99_001943
sulp-1	V3C99_001944
ift-81	V3C99_001945
rab-30	V3C99_001947
NNNNNN	V3C99_001949
NNNNNN	V3C99_001951
ntl-3	V3C99_001952
mif-1	V3C99_001953
klf-1	V3C99_001955
nduf-9	V3C99_001956
NNNNNN	V3C99_001958
asah-2	V3C99_001960
hmt-1	V3C99_001963
Y48A6C.4	V3C99_001964
NNNNNN	V3C99_001965
bud-31	V3C99_001966
set-3	V3C99_001967
Y71H2AM.20	V3C99_001968
R08D7.4	V3C99_001969
R08D7.5	V3C99_001970
lin-28	V3C99_001971
clp-1	V3C99_001972
kars-1	V3C99_001973
daf-41	V3C99_001974
eftu-2	V3C99_001977
sly-1	V3C99_001978
NNNNNN	V3C99_001980
NNNNNN	V3C99_001981
NNNNNN	V3C99_001982
psd-1	V3C99_001984
B0361.6	V3C99_001984
NNNNNN	V3C99_001991
dpyd-1	V3C99_001992
NNNNNN	V3C99_001998
NNNNNN	V3C99_001999
NNNNNN	V3C99_001999
NNNNNN	V3C99_001999
kvs-4	V3C99_002005
NNNNNN	V3C99_002006
nono-1	V3C99_002007
dlc-1	V3C99_002008
png-1	V3C99_002009
C56C10.6	V3C99_002010
F54H5.2	V3C99_002010
lim-8	V3C99_002011
mans-3	V3C99_002018
NNNNNN	V3C99_002019
aakg-1	V3C99_002023
nmt-1	V3C99_002024
NNNNNN	V3C99_002033
pros-1	V3C99_002036
NNNNNN	V3C99_002037
cbp-1	V3C99_002040
Y67D2.2	V3C99_002041
rep-1	V3C99_002044
NNNNNN	V3C99_002045
NNNNNN	V3C99_002045
NNNNNN	V3C99_002045
NNNNNN	V3C99_002045
NNNNNN	V3C99_002045
NNNNNN	V3C99_002047
NNNNNN	V3C99_002048
NNNNNN	V3C99_002048
NNNNNN	V3C99_002048
NNNNNN	V3C99_002048
NNNNNN	V3C99_002048
NNNNNN	V3C99_002048
NNNNNN	V3C99_002048
NNNNNN	V3C99_002048
NNNNNN	V3C99_002048
NNNNNN	V3C99_002048
NNNNNN	V3C99_002048
NNNNNN	V3C99_002048
NNNNNN	V3C99_002049
NNNNNN	V3C99_002049
NNNNNN	V3C99_002049
NNNNNN	V3C99_002049
NNNNNN	V3C99_002049
NNNNNN	V3C99_002049
NNNNNN	V3C99_002049
NNNNNN	V3C99_002050
NNNNNN	V3C99_002050
NNNNNN	V3C99_002050
NNNNNN	V3C99_002050
NNNNNN	V3C99_002050
NNNNNN	V3C99_002050
NNNNNN	V3C99_002050
NNNNNN	V3C99_002051
NNNNNN	V3C99_002051
NNNNNN	V3C99_002051
NNNNNN	V3C99_002051
NNNNNN	V3C99_002051
NNNNNN	V3C99_002051
NNNNNN	V3C99_002051
NNNNNN	V3C99_002052
NNNNNN	V3C99_002052
NNNNNN	V3C99_002052
NNNNNN	V3C99_002052
NNNNNN	V3C99_002052
NNNNNN	V3C99_002052
NNNNNN	V3C99_002052
NNNNNN	V3C99_002053
NNNNNN	V3C99_002053
trf-1	V3C99_002054
F45G2.8	V3C99_002056
F45G2.9	V3C99_002057
ciao-2B	V3C99_002058
NNNNNN	V3C99_002059
trd-1	V3C99_002060
tbp-1	V3C99_002061
T20B12.3	V3C99_002062
Y75B8A.31	V3C99_002063
H10E21.5	V3C99_002064
evl-18	V3C99_002065
D1054.3	V3C99_002067
pas-2	V3C99_002068
lin-48	V3C99_002069
K04C2.2	V3C99_002070
C35D10.10	V3C99_002072
NNNNNN	V3C99_002073
ced-4	V3C99_002076
ssl-1	V3C99_002077
hut-1	V3C99_002078
Y37D8A.2	V3C99_002080
Y37D8A.25	V3C99_002081
arx-5	V3C99_002082
NNNNNN	V3C99_002084
NNNNNN	V3C99_002085
yju-2	V3C99_002087
pll-1	V3C99_002088
NNNNNN	V3C99_002090
NNNNNN	V3C99_002091
tdp-1	V3C99_002092
daf-7	V3C99_002096
daf-7	V3C99_002097
trpp-11	V3C99_002098
trpp-11	V3C99_002099
NNNNNN	V3C99_002101
aldo-1	V3C99_002102
aldo-1	V3C99_002103
acsd-1	V3C99_002105
NNNNNN	V3C99_002107
acy-4	V3C99_002110
NNNNNN	V3C99_002111
NNNNNN	V3C99_002114
NNNNNN	V3C99_002115
NNNNNN	V3C99_002116
feh-1	V3C99_002117
NNNNNN	V3C99_002118
ZK686.3	V3C99_002119
snu-23	V3C99_002120
NNNNNN	V3C99_002121
NNNNNN	V3C99_002122
rha-2	V3C99_002123
NNNNNN	V3C99_002124
C37C3.12	V3C99_002126
NNNNNN	V3C99_002127
NNNNNN	V3C99_002128
NNNNNN	V3C99_002129
NNNNNN	V3C99_002133
acbp-5	V3C99_002134
glrx-21	V3C99_002135
NNNNNN	V3C99_002137
T28D6.4	V3C99_002146
trp-1	V3C99_002147
sta-2	V3C99_002148
cyp-34A1	V3C99_002149
cyp-34A2	V3C99_002149
cyp-34A5	V3C99_002149
cyp-34A6	V3C99_002149
cyp-34A7	V3C99_002149
cyp-34A8	V3C99_002149
cyp-34A9	V3C99_002149
cyp-34A10	V3C99_002149
NNNNNN	V3C99_002149
cyp-34A1	V3C99_002150
cyp-34A2	V3C99_002150
cyp-34A5	V3C99_002150
cyp-34A6	V3C99_002150
cyp-34A7	V3C99_002150
cyp-34A8	V3C99_002150
cyp-34A9	V3C99_002150
cyp-34A10	V3C99_002150
NNNNNN	V3C99_002150
php-3	V3C99_002153
let-716	V3C99_002159
C16A3.2	V3C99_002162
NNNNNN	V3C99_002175
NNNNNN	V3C99_002176
NNNNNN	V3C99_002180
cyp-34A1	V3C99_002185
cyp-34A2	V3C99_002185
cyp-34A5	V3C99_002185
cyp-34A6	V3C99_002185
cyp-34A7	V3C99_002185
cyp-34A8	V3C99_002185
cyp-34A9	V3C99_002185
cyp-34A10	V3C99_002185
NNNNNN	V3C99_002185
unc-86	V3C99_002189
gtf-2H2C	V3C99_002191
C34C12.8	V3C99_002192
pph-6	V3C99_002193
C34C12.4	V3C99_002194
dog-1	V3C99_002195
rsu-1	V3C99_002199
hus-1	V3C99_002201
mlc-5	V3C99_002202
taf-9	V3C99_002203
NNNNNN	V3C99_002204
rab-33	V3C99_002206
taf-11.1	V3C99_002207
taf-11.2	V3C99_002207
NNNNNN	V3C99_002211
sqrd-1	V3C99_002212
Y9C9A.16	V3C99_002212
sqrd-1	V3C99_002213
Y9C9A.16	V3C99_002213
cdh-1	V3C99_002216
R10F2.5	V3C99_002217
NNNNNN	V3C99_002218
NNNNNN	V3C99_002221
lis-1	V3C99_002224
C40H1.3	V3C99_002225
F10E7.5	V3C99_002228
daz-1	V3C99_002229
NNNNNN	V3C99_002230
slc-30A9	V3C99_002234
NNNNNN	V3C99_002235
pbo-1	V3C99_002236
NNNNNN	V3C99_002240
NNNNNN	V3C99_002242
NNNNNN	V3C99_002243
henn-1	V3C99_002256
rfs-1	V3C99_002257
tpst-1	V3C99_002259
sbds-1	V3C99_002260
tag-266	V3C99_002261
F55F8.3	V3C99_002262
F55F8.2	V3C99_002263
gsto-3	V3C99_002273
fbxl-1	V3C99_002280
ckr-2	V3C99_002283
NNNNNN	V3C99_002286
ubq-1	V3C99_002288
npp-10	V3C99_002289
mai-2	V3C99_002290
srrt-1	V3C99_002291
prp-19	V3C99_002292
ulp-1	V3C99_002293
T10F2.2	V3C99_002294
gars-1	V3C99_002295
NNNNNN	V3C99_002296
NNNNNN	V3C99_002297
K03H1.5	V3C99_002299
gro-1	V3C99_002301
hap-1	V3C99_002302
gop-3	V3C99_002303
gop-2	V3C99_002304
gop-1	V3C99_002305
nhl-2	V3C99_002312
Y47D3A.14	V3C99_002313
NNNNNN	V3C99_002314
NNNNNN	V3C99_002315
thoc-5	V3C99_002318
nfm-1	V3C99_002319
R151.2	V3C99_002320
T12D8.10	V3C99_002322
drr-2	V3C99_002323
T12D8.10	V3C99_002325
drr-2	V3C99_002326
aqp-11	V3C99_002328
NNNNNN	V3C99_002329
NNNNNN	V3C99_002330
agmo-1	V3C99_002332
hex-3	V3C99_002335
Y39A1C.1	V3C99_002336
oxi-1	V3C99_002337
cri-3	V3C99_002340
C28H8.3	V3C99_002341
NNNNNN	V3C99_002342
NNNNNN	V3C99_002342
R107.2	V3C99_002343
nac-2	V3C99_002346
NNNNNN	V3C99_002347
R74.7	V3C99_002348
F54B11.5	V3C99_002349
dnj-24	V3C99_002354
epg-3	V3C99_002356
unc-25	V3C99_002357
NNNNNN	V3C99_002358
M01F1.4	V3C99_002359
M01F1.4	V3C99_002364
phlp-2	V3C99_002365
helq-1	V3C99_002366
ger-1	V3C99_002367
NNNNNN	V3C99_002368
C45G9.2	V3C99_002369
vps-29	V3C99_002372
pxd-1	V3C99_002373
nas-7	V3C99_002374
NNNNNN	V3C99_002378
rcq-5	V3C99_002379
eef-1A.1	V3C99_002383
eef-1A.2	V3C99_002383
panl-2	V3C99_002384
xpb-1	V3C99_002385
NNNNNN	V3C99_002389
NNNNNN	V3C99_002390
NNNNNN	V3C99_002392
zer-1	V3C99_002393
NNNNNN	V3C99_002396
NNNNNN	V3C99_002401
R08D7.7	V3C99_002403
pde-2	V3C99_002404
NNNNNN	V3C99_002405
NNNNNN	V3C99_002405
NNNNNN	V3C99_002405
NNNNNN	V3C99_002405
NNNNNN	V3C99_002405
NNNNNN	V3C99_002405
NNNNNN	V3C99_002405
NNNNNN	V3C99_002405
NNNNNN	V3C99_002405
NNNNNN	V3C99_002405
NNNNNN	V3C99_002405
NNNNNN	V3C99_002405
NNNNNN	V3C99_002405
NNNNNN	V3C99_002405
NNNNNN	V3C99_002405
NNNNNN	V3C99_002407
NNNNNN	V3C99_002407
NNNNNN	V3C99_002407
NNNNNN	V3C99_002407
NNNNNN	V3C99_002407
NNNNNN	V3C99_002407
NNNNNN	V3C99_002407
NNNNNN	V3C99_002407
NNNNNN	V3C99_002407
NNNNNN	V3C99_002407
NNNNNN	V3C99_002407
NNNNNN	V3C99_002407
NNNNNN	V3C99_002407
NNNNNN	V3C99_002407
NNNNNN	V3C99_002408
NNNNNN	V3C99_002410
NNNNNN	V3C99_002410
NNNNNN	V3C99_002410
NNNNNN	V3C99_002410
NNNNNN	V3C99_002410
NNNNNN	V3C99_002410
NNNNNN	V3C99_002410
NNNNNN	V3C99_002410
NNNNNN	V3C99_002410
NNNNNN	V3C99_002410
NNNNNN	V3C99_002410
NNNNNN	V3C99_002410
NNNNNN	V3C99_002410
NNNNNN	V3C99_002410
NNNNNN	V3C99_002410
ndab-2	V3C99_002412
rpl-36	V3C99_002413
epg-4	V3C99_002414
rps-14	V3C99_002415
F44E2.3	V3C99_002420
NNNNNN	V3C99_002421
NNNNNN	V3C99_002422
rps-12	V3C99_002424
pst-2	V3C99_002425
rcan-1	V3C99_002426
aldo-2	V3C99_002428
trpp-4	V3C99_002430
tdo-2	V3C99_002432
twk-48	V3C99_002438
clh-3	V3C99_002441
gly-11	V3C99_002443
hse-5	V3C99_002445
jtr-1	V3C99_002446
Y53G8AR.6	V3C99_002447
Y53G8AR.5	V3C99_002448
ral-1	V3C99_002449
Y53G8AR.9	V3C99_002450
phf-15	V3C99_002451
F40A3.3	V3C99_002452
NNNNNN	V3C99_002453
hadb-1	V3C99_002456
mmcm-1	V3C99_002457
NNNNNN	V3C99_002458
ubq-1	V3C99_002460
zipt-7.2	V3C99_002461
rfc-4	V3C99_002462
tif-1A	V3C99_002463
NNNNNN	V3C99_002464
tag-250	V3C99_002466
gly-3	V3C99_002467
rom-2	V3C99_002468
Y53G8AR.8	V3C99_002468
cest-25	V3C99_002470
cest-25	V3C99_002471
let-805	V3C99_002474
zmp-2	V3C99_002476
NNNNNN	V3C99_002477
Y71H2B.2	V3C99_002478
ppfr-4	V3C99_002479
T10F2.5	V3C99_002480
oxy-4	V3C99_002481
C16C10.4	V3C99_002482
Y54H5A.1	V3C99_002483
B0303.4	V3C99_002484
NNNNNN	V3C99_002485
NNNNNN	V3C99_002486
NNNNNN	V3C99_002487
cyk-1	V3C99_002488
sumv-1	V3C99_002489
evl-14	V3C99_002490
mpc-1	V3C99_002491
cdk-12	V3C99_002493
F42H10.3	V3C99_002494
ess-2	V3C99_002495
NNNNNN	V3C99_002496
NNNNNN	V3C99_002503
snr-6	V3C99_002505
pigk-1	V3C99_002506
NNNNNN	V3C99_002507
NNNNNN	V3C99_002508
ergi-3	V3C99_002509
gei-8	V3C99_002511
strd-1	V3C99_002512
rle-1	V3C99_002514
M142.8	V3C99_002515
M142.5	V3C99_002516
rpl-23	V3C99_002518
hpo-28	V3C99_002519
rbm-26	V3C99_002520
K12H4.7	V3C99_002521
K12H4.7	V3C99_002523
ufbp-1	V3C99_002524
arf-1	V3C99_002525
NNNNNN	V3C99_002526
NNNNNN	V3C99_002526
lgc-7	V3C99_002527
lgc-8	V3C99_002527
oatr-1	V3C99_002532
C28H8.5	V3C99_002533
NNNNNN	V3C99_002535
cnt-2	V3C99_002537
NNNNNN	V3C99_002541
rfl-1	V3C99_002542
rpa-1	V3C99_002543
NNNNNN	V3C99_002545
urm-1	V3C99_002546
pho-5	V3C99_002548
algn-11	V3C99_002548
ykt-6	V3C99_002548
coh-1	V3C99_002549
NNNNNN	V3C99_002551
NNNNNN	V3C99_002554
ttll-4	V3C99_002555
ham-3	V3C99_002556
pcf-11	V3C99_002557
gtf-2H3	V3C99_002558
vps-33.1	V3C99_002560
rimb-1	V3C99_002563
vps-33.1	V3C99_002565
NNNNNN	V3C99_002565
tlk-1	V3C99_002566
tmem-132	V3C99_002567
set-27	V3C99_002568
epac-1	V3C99_002570
prx-10	V3C99_002574
prx-10	V3C99_002575
mrps-26	V3C99_002576
prmt-5	V3C99_002577
atp-2	V3C99_002578
NNNNNN	V3C99_002579
Y119D3B.12	V3C99_002581
cra-1	V3C99_002582
F42H10.6	V3C99_002586
znf-706	V3C99_002587
NNNNNN	V3C99_002589
ugtp-1	V3C99_002592
sma-2	V3C99_002593
cls-2	V3C99_002594
cls-3	V3C99_002594
cls-1	V3C99_002594
wdr-60	V3C99_002595
amx-1	V3C99_002597
apy-1	V3C99_002598
NNNNNN	V3C99_002600
NNNNNN	V3C99_002601
rme-2	V3C99_002602
NNNNNN	V3C99_002603
NNNNNN	V3C99_002605
NNNNNN	V3C99_002608
NNNNNN	V3C99_002608
tmem-131	V3C99_002609
smcr-8	V3C99_002611
NNNNNN	V3C99_002613
smc-4	V3C99_002614
NNNNNN	V3C99_002615
NNNNNN	V3C99_002616
mtx-2	V3C99_002617
ZK686.2	V3C99_002618
F37A4.2	V3C99_002619
F37A4.1	V3C99_002620
NNNNNN	V3C99_002621
NNNNNN	V3C99_002622
NNNNNN	V3C99_002623
NNNNNN	V3C99_002624
sel-2	V3C99_002630
mab-21	V3C99_002631
gipc-2	V3C99_002632
gipc-1	V3C99_002632
NNNNNN	V3C99_002637
zipt-13	V3C99_002638
ptr-19	V3C99_002639
NNNNNN	V3C99_002641
NNNNNN	V3C99_002641
NNNNNN	V3C99_002641
NNNNNN	V3C99_002641
Y54E10A.6	V3C99_002645
mrpl-17	V3C99_002646
ksr-1	V3C99_002647
NNNNNN	V3C99_002648
M60.7	V3C99_002649
F44E2.10	V3C99_002650
NNNNNN	V3C99_002651
cux-7	V3C99_002652
clk-2	V3C99_002653
cul-2	V3C99_002660
mig-22	V3C99_002661
NNNNNN	V3C99_002667
emb-8	V3C99_002680
morc-1	V3C99_002681
syx-16	V3C99_002682
kel-3	V3C99_002683
C56G2.15	V3C99_002685
mrg-1	V3C99_002686
wdr-37	V3C99_002687
ced-6	V3C99_002688
ucr-1	V3C99_002689
ddx-15	V3C99_002690
NNNNNN	V3C99_002691
B0285.6	V3C99_002695
C06E8.5	V3C99_002697
glt-6	V3C99_002698
F37A8.5	V3C99_002699
mlc-7	V3C99_002700
NNNNNN	V3C99_002702
NNNNNN	V3C99_002703
NNNNNN	V3C99_002704
NNNNNN	V3C99_002705
smr-1	V3C99_002707
smr-1	V3C99_002708
NNNNNN	V3C99_002709
vem-1	V3C99_002711
cid-1	V3C99_002713
pup-2	V3C99_002714
hira-1	V3C99_002715
snf-6	V3C99_002716
tmem-120	V3C99_002717
NNNNNN	V3C99_002718
NNNNNN	V3C99_002719
emb-9	V3C99_002727
eng-1	V3C99_002729
rabn-5	V3C99_002730
sql-1	V3C99_002731
epc-1	V3C99_002732
Y111B2A.12	V3C99_002733
gtf-2A2	V3C99_002734
rgs-5	V3C99_002736
NNNNNN	V3C99_002737
anmt-2	V3C99_002738
NNNNNN	V3C99_002740
NNNNNN	V3C99_002744
NNNNNN	V3C99_002746
arx-3	V3C99_002747
mrps-18A	V3C99_002747
rpn-11	V3C99_002748
NNNNNN	V3C99_002749
NNNNNN	V3C99_002750
crh-1	V3C99_002751
apb-1	V3C99_002752
NNNNNN	V3C99_002753
NNNNNN	V3C99_002755
acy-1	V3C99_002756
emb-5	V3C99_002757
NNNNNN	V3C99_002758
NNNNNN	V3C99_002760
C14B9.2	V3C99_002761
otub-4	V3C99_002762
B0546.4	V3C99_002764
hsp-12.2	V3C99_002765
bli-3	V3C99_002766
duox-2	V3C99_002766
bli-3	V3C99_002767
duox-2	V3C99_002767
hasp-1	V3C99_002768
hasp-2	V3C99_002768
spk-1	V3C99_002769
Y54F10AR.1	V3C99_002770
NNNNNN	V3C99_002771
pat-4	V3C99_002772
spt-4	V3C99_002773
NNNNNN	V3C99_002774
mrpl-40	V3C99_002775
pck-1	V3C99_002776
zmp-6	V3C99_002777
NNNNNN	V3C99_002780
K01A2.10	V3C99_002782
NNNNNN	V3C99_002784
lec-4	V3C99_002785
wht-1	V3C99_002790
NNNNNN	V3C99_002794
NNNNNN	V3C99_002794
NNNNNN	V3C99_002794
NNNNNN	V3C99_002794
NNNNNN	V3C99_002794
NNNNNN	V3C99_002794
NNNNNN	V3C99_002794
NNNNNN	V3C99_002794
NNNNNN	V3C99_002794
NNNNNN	V3C99_002794
NNNNNN	V3C99_002794
NNNNNN	V3C99_002794
NNNNNN	V3C99_002797
NNNNNN	V3C99_002798
F31E3.2	V3C99_002799
NNNNNN	V3C99_002799
NNNNNN	V3C99_002800
elo-4	V3C99_002801
rpia-1	V3C99_002802
pat-3	V3C99_002803
mog-3	V3C99_002804
Y54F10AL.1	V3C99_002805
NNNNNN	V3C99_002806
NNNNNN	V3C99_002807
NNNNNN	V3C99_002808
NNNNNN	V3C99_002811
vab-7	V3C99_002813
NNNNNN	V3C99_002814
dat-1	V3C99_002815
saeg-2	V3C99_002816
NNNNNN	V3C99_002817
NNNNNN	V3C99_002818
metl-6	V3C99_002819
eco-1	V3C99_002824
NNNNNN	V3C99_002825
jmjd-5	V3C99_002827
uaf-1	V3C99_002829
rab-18	V3C99_002830
NNNNNN	V3C99_002832
aqp-9	V3C99_002833
cisd-3.1	V3C99_002834
W06E11.1	V3C99_002835
orai-1	V3C99_002837
D2023.4	V3C99_002838
copd-1	V3C99_002839
C13B9.2	V3C99_002840
NNNNNN	V3C99_002841
F09C8.1	V3C99_002843
NNNNNN	V3C99_002847
rpl-21	V3C99_002848
C14B9.10	V3C99_002849
ptr-15	V3C99_002851
brd-1	V3C99_002854
NNNNNN	V3C99_002856
trpp-9	V3C99_002857
NNNNNN	V3C99_002861
NNNNNN	V3C99_002862
NNNNNN	V3C99_002862
NNNNNN	V3C99_002863
fem-2	V3C99_002868
ave-1	V3C99_002869
acs-5	V3C99_002871
NNNNNN	V3C99_002872
NNNNNN	V3C99_002876
NNNNNN	V3C99_002876
NNNNNN	V3C99_002876
NNNNNN	V3C99_002876
NNNNNN	V3C99_002876
NNNNNN	V3C99_002876
NNNNNN	V3C99_002876
NNNNNN	V3C99_002876
NNNNNN	V3C99_002876
NNNNNN	V3C99_002876
NNNNNN	V3C99_002876
fum-1	V3C99_002878
H14A12.3	V3C99_002879
ccdc-47	V3C99_002880
ZK1058.3	V3C99_002881
NNNNNN	V3C99_002885
mec-12	V3C99_002886
rpap-2	V3C99_002887
NNNNNN	V3C99_002888
W03A5.6	V3C99_002889
F10E9.5	V3C99_002890
NNNNNN	V3C99_002891
unc-24	V3C99_002893
NNNNNN	V3C99_002894
NNNNNN	V3C99_002894
pdhk-2	V3C99_002895
eif-2Balpha	V3C99_002896
rbf-1	V3C99_002901
NNNNNN	V3C99_002903
elf-1	V3C99_002904
polk-1	V3C99_002906
snpc-4	V3C99_002907
dnj-10	V3C99_002908
twk-7	V3C99_002909
ceh-16	V3C99_002914
nifk-1	V3C99_002915
stim-1	V3C99_002916
anoh-1	V3C99_002918
ncx-6	V3C99_002919
ncx-7	V3C99_002919
NNNNNN	V3C99_002920
daf-25	V3C99_002921
prmt-7	V3C99_002922
cox-5A	V3C99_002924
unc-71	V3C99_002925
bre-5	V3C99_002932
ivns-1	V3C99_002933
xpg-1	V3C99_002934
daf-2	V3C99_002938
NNNNNN	V3C99_002941
T04C9.1	V3C99_002942
dolk-1	V3C99_002944
NNNNNN	V3C99_002945
top-3	V3C99_002947
NNNNNN	V3C99_002948
ung-1	V3C99_002949
Y56A3A.31	V3C99_002951
wah-1	V3C99_002952
NNNNNN	V3C99_002954
NNNNNN	V3C99_002955
mlp-1	V3C99_002956
frm-2	V3C99_002957
pcp-1	V3C99_002959
exc-6	V3C99_002961
NNNNNN	V3C99_002962
NNNNNN	V3C99_002962
NNNNNN	V3C99_002962
NNNNNN	V3C99_002962
NNNNNN	V3C99_002962
NNNNNN	V3C99_002962
NNNNNN	V3C99_002962
NNNNNN	V3C99_002962
NNNNNN	V3C99_002962
NNNNNN	V3C99_002962
NNNNNN	V3C99_002962
NNNNNN	V3C99_002968
NNNNNN	V3C99_002969
ekl-6	V3C99_002971
T16G12.6	V3C99_002972
NNNNNN	V3C99_002973
phf-5	V3C99_002974
NNNNNN	V3C99_002975
kin-19	V3C99_002976
tbc-10	V3C99_002978
hpo-29	V3C99_002979
Y50D7A.3	V3C99_002980
xpd-1	V3C99_002981
taco-1	V3C99_002982
tbc-8	V3C99_002983
NNNNNN	V3C99_002986
ceh-20	V3C99_002987
NNNNNN	V3C99_002989
cutc-1	V3C99_002991
NNNNNN	V3C99_002992
ctr-9	V3C99_002995
wht-5	V3C99_002996
wht-5	V3C99_002997
NNNNNN	V3C99_002998
akap-1	V3C99_002999
NNNNNN	V3C99_003000
spin-4	V3C99_003001
dph-1	V3C99_003002
T15B12.1	V3C99_003003
C39B5.6	V3C99_003005
gcn-1	V3C99_003006
NNNNNN	V3C99_003008
rpt-6	V3C99_003012
C46F11.6	V3C99_003012
F56F11.4	V3C99_003012
chl-1	V3C99_003013
hat-1	V3C99_003014
ymel-1	V3C99_003016
M03C11.1	V3C99_003017
NNNNNN	V3C99_003019
NNNNNN	V3C99_003021
ddp-1	V3C99_003022
ddp-1	V3C99_003025
ttc-7	V3C99_003026
F46H5.2	V3C99_003027
smi-1	V3C99_003028
NNNNNN	V3C99_003030
R05G6.4	V3C99_003030
sca-1	V3C99_003031
NNNNNN	V3C99_003033
Y47D3A.21	V3C99_003034
him-14	V3C99_003038
NNNNNN	V3C99_003040
tyr-2	V3C99_003042
NNNNNN	V3C99_003043
NNNNNN	V3C99_003044
F54C8.7	V3C99_003045
rheb-1	V3C99_003046
che-2	V3C99_003047
R02F2.9	V3C99_003049
gid-7	V3C99_003050
R02F2.1	V3C99_003051
NNNNNN	V3C99_003052
NNNNNN	V3C99_003053
vha-14	V3C99_003055
F55H2.5	V3C99_003056
tag-325	V3C99_003058
NNNNNN	V3C99_003059
NNNNNN	V3C99_003059
hecw-1	V3C99_003065
NNNNNN	V3C99_003066
NNNNNN	V3C99_003067
znf-474	V3C99_003069
NNNNNN	V3C99_003070
NNNNNN	V3C99_003073
msi-1	V3C99_003074
npp-16	V3C99_003075
NNNNNN	V3C99_003076
bra-2	V3C99_003077
NNNNNN	V3C99_003079
NNNNNN	V3C99_003080
ten-1	V3C99_003087
skat-1	V3C99_003089
F59B2.3	V3C99_003090
NNNNNN	V3C99_003091
bas-1	V3C99_003093
NNNNNN	V3C99_003102
F19H6.4	V3C99_003103
F42F12.3	V3C99_003103
znfx-1	V3C99_003106
NNNNNN	V3C99_003107
iff-1	V3C99_003108
NNNNNN	V3C99_003111
snr-7	V3C99_003113
rpl-10	V3C99_003115
NNNNNN	V3C99_003116
NNNNNN	V3C99_003119
NNNNNN	V3C99_003123
taf-1	V3C99_003125
NNNNNN	V3C99_003126
NNNNNN	V3C99_003127
sin-3	V3C99_003132
dpf-1	V3C99_003133
idha-1	V3C99_003135
lmd-1	V3C99_003136
NNNNNN	V3C99_003137
slc-25A42	V3C99_003138
cfim-1	V3C99_003139
ces-1	V3C99_003140
NNNNNN	V3C99_003141
NNNNNN	V3C99_003142
hrdl-1	V3C99_003143
C25A1.1	V3C99_003145
tag-72	V3C99_003146
lin-11	V3C99_003147
NNNNNN	V3C99_003149
ZK973.1	V3C99_003151
T27A3.5	V3C99_003152
npp-13	V3C99_003155
ctn-1	V3C99_003161
trhr-1	V3C99_003164
NNNNNN	V3C99_003168
gpb-2	V3C99_003169
NNNNNN	V3C99_003172
W10C8.4	V3C99_003174
NNNNNN	V3C99_003178
W09C3.4	V3C99_003178
NNNNNN	V3C99_003179
K07A12.1	V3C99_003180
NNNNNN	V3C99_003181
NNNNNN	V3C99_003185
NNNNNN	V3C99_003185
Y23H5B.5	V3C99_003186
ddx-10	V3C99_003187
NNNNNN	V3C99_003188
tdpt-1	V3C99_003189
tfg-1	V3C99_003190
NNNNNN	V3C99_003193
ppt-1	V3C99_003195
NNNNNN	V3C99_003199
taf-1	V3C99_003202
NNNNNN	V3C99_003203
NNNNNN	V3C99_003204
Y110A7A.9	V3C99_003206
iglr-3	V3C99_003207
F26E4.7	V3C99_003209
cox-7C	V3C99_003210
F26E4.3	V3C99_003211
NNNNNN	V3C99_003212
wdr-5.1	V3C99_003213
mfap-1	V3C99_003214
syx-17	V3C99_003215
sig-7	V3C99_003218
NNNNNN	V3C99_003220
usp-5	V3C99_003223
marc-4	V3C99_003224
NNNNNN	V3C99_003225
NNNNNN	V3C99_003226
NNNNNN	V3C99_003227
NNNNNN	V3C99_003228
ptps-1	V3C99_003228
NNNNNN	V3C99_003229
NNNNNN	V3C99_003230
NNNNNN	V3C99_003232
cdk-4	V3C99_003233
K07A12.1	V3C99_003234
tsp-7	V3C99_003236
mom-5	V3C99_003237
ppt-1	V3C99_003238
NNNNNN	V3C99_003239
sqv-5	V3C99_003240
algn-10	V3C99_003241
mom-5	V3C99_003242
F46F11.1	V3C99_003243
unc-94	V3C99_003244
kpc-1	V3C99_003253
NNNNNN	V3C99_003254
NNNNNN	V3C99_003255
Y71F9B.6	V3C99_003258
dnj-30	V3C99_003259
NNNNNN	V3C99_003260
NNNNNN	V3C99_003261
cdt-1	V3C99_003262
rad-8	V3C99_003263
rpt-5	V3C99_003264
Y43C5B.3	V3C99_003265
F13G3.7	V3C99_003266
mrpl-13	V3C99_003267
sqv-4	V3C99_003269
unc-122	V3C99_003270
pde-5	V3C99_003274
nab-1	V3C99_003275
NNNNNN	V3C99_003278
NNNNNN	V3C99_003289
NNNNNN	V3C99_003290
Y48G8AR.2	V3C99_003291
dapk-1	V3C99_003292
NNNNNN	V3C99_003293
rpl-17	V3C99_003294
aps-3	V3C99_003295
znf-236	V3C99_003296
ceh-45	V3C99_003297
nhx-8	V3C99_003299
NNNNNN	V3C99_003300
NNNNNN	V3C99_003301
NNNNNN	V3C99_003302
csnk-1	V3C99_003304
ced-12	V3C99_003305
Y106G6E.4	V3C99_003307
NNNNNN	V3C99_003313
Y53F4B.18	V3C99_003314
let-526	V3C99_003320
rbg-2	V3C99_003322
NNNNNN	V3C99_003323
NNNNNN	V3C99_003351
NNNNNN	V3C99_003352
Y18D10A.3	V3C99_003353
gsk-3	V3C99_003354
dhfr-1	V3C99_003357
NNNNNN	V3C99_003358
imp-1	V3C99_003360
tin-13	V3C99_003361
smo-1	V3C99_003363
K12C11.1	V3C99_003364
K12C11.1	V3C99_003365
NNNNNN	V3C99_003370
sup-17	V3C99_003371
NNNNNN	V3C99_003372
cpl-1	V3C99_003376
sac-1	V3C99_003379
eaf-1	V3C99_003380
NNNNNN	V3C99_003382
NNNNNN	V3C99_003382
NNNNNN	V3C99_003382
NNNNNN	V3C99_003382
NNNNNN	V3C99_003382
NNNNNN	V3C99_003382
NNNNNN	V3C99_003382
NNNNNN	V3C99_003382
NNNNNN	V3C99_003382
NNNNNN	V3C99_003382
NNNNNN	V3C99_003382
NNNNNN	V3C99_003382
NNNNNN	V3C99_003383
NNNNNN	V3C99_003383
NNNNNN	V3C99_003383
NNNNNN	V3C99_003383
NNNNNN	V3C99_003383
NNNNNN	V3C99_003383
NNNNNN	V3C99_003383
NNNNNN	V3C99_003383
NNNNNN	V3C99_003383
NNNNNN	V3C99_003383
NNNNNN	V3C99_003383
NNNNNN	V3C99_003383
Y52B11A.4	V3C99_003384
ckr-1	V3C99_003388
nekl-2	V3C99_003390
NNNNNN	V3C99_003391
Y47G6A.18	V3C99_003392
NNNNNN	V3C99_003393
NNNNNN	V3C99_003393
NNNNNN	V3C99_003393
NNNNNN	V3C99_003395
NNNNNN	V3C99_003395
NNNNNN	V3C99_003395
NNNNNN	V3C99_003396
NNNNNN	V3C99_003396
NNNNNN	V3C99_003396
abt-2	V3C99_003397
ccct-1	V3C99_003398
NNNNNN	V3C99_003399
scpr-1	V3C99_003400
NNNNNN	V3C99_003402
NNNNNN	V3C99_003402
NNNNNN	V3C99_003403
kri-1	V3C99_003404
snf-9	V3C99_003405
snf-9	V3C99_003418
smp-1	V3C99_003419
NNNNNN	V3C99_003420
F26F4.12	V3C99_003424
F27D4.1	V3C99_003425
F27D4.7	V3C99_003427
F27D4.7	V3C99_003428
F27D4.4	V3C99_003429
bckd-1B	V3C99_003430
NNNNNN	V3C99_003431
F43H9.4	V3C99_003432
tyr-3	V3C99_003433
rnt-1	V3C99_003435
cpb-3	V3C99_003436
rnt-1	V3C99_003437
cpb-3	V3C99_003438
Y73E7A.3	V3C99_003452
cyp-36A1	V3C99_003455
NNNNNN	V3C99_003456
NNNNNN	V3C99_003458
NNNNNN	V3C99_003458
NNNNNN	V3C99_003458
NNNNNN	V3C99_003464
Y119C1B.3	V3C99_003468
atp-3	V3C99_003469
F27C1.6	V3C99_003470
pas-1	V3C99_003471
rpoa-12	V3C99_003472
pars-1	V3C99_003473
nuo-6	V3C99_003474
coq-1	V3C99_003476
erp-44.1	V3C99_003477
T13C5.6	V3C99_003478
ric-19	V3C99_003479
tppp-1	V3C99_003481
rpl-13	V3C99_003482
did-2	V3C99_003483
F23C8.5	V3C99_003484
coq-1	V3C99_003487
erp-44.1	V3C99_003488
ric-19	V3C99_003489
rpl-13	V3C99_003490
did-2	V3C99_003491
F23C8.5	V3C99_003492
pri-2	V3C99_003494
W02D9.2	V3C99_003495
NNNNNN	V3C99_003496
NNNNNN	V3C99_003496
NNNNNN	V3C99_003496
NNNNNN	V3C99_003496
NNNNNN	V3C99_003496
NNNNNN	V3C99_003496
NNNNNN	V3C99_003496
NNNNNN	V3C99_003496
NNNNNN	V3C99_003496
NNNNNN	V3C99_003496
NNNNNN	V3C99_003496
NNNNNN	V3C99_003496
NNNNNN	V3C99_003499
NNNNNN	V3C99_003499
NNNNNN	V3C99_003499
NNNNNN	V3C99_003499
NNNNNN	V3C99_003499
NNNNNN	V3C99_003499
NNNNNN	V3C99_003499
NNNNNN	V3C99_003499
NNNNNN	V3C99_003499
NNNNNN	V3C99_003499
NNNNNN	V3C99_003499
NNNNNN	V3C99_003500
NNNNNN	V3C99_003500
NNNNNN	V3C99_003500
NNNNNN	V3C99_003500
NNNNNN	V3C99_003500
NNNNNN	V3C99_003500
NNNNNN	V3C99_003500
NNNNNN	V3C99_003500
NNNNNN	V3C99_003500
NNNNNN	V3C99_003500
NNNNNN	V3C99_003500
NNNNNN	V3C99_003500
app-1	V3C99_003501
unc-101	V3C99_003503
mter-4	V3C99_003504
ptr-17	V3C99_003508
NNNNNN	V3C99_003509
aars-2	V3C99_003511
mrps-23	V3C99_003512
F28H1.4	V3C99_003513
F47B3.3	V3C99_003513
NNNNNN	V3C99_003516
NNNNNN	V3C99_003518
NNNNNN	V3C99_003519
cpz-1	V3C99_003520
Y71F9B.2	V3C99_003521
Y52B11A.10	V3C99_003523
aha-1	V3C99_003529
NNNNNN	V3C99_003535
NNNNNN	V3C99_003536
Y18H1A.9	V3C99_003539
T06A4.3	V3C99_003540
NNNNNN	V3C99_003541
shc-1	V3C99_003544
Y71G12B.23	V3C99_003545
top-1	V3C99_003547
arx-1	V3C99_003548
Y71F9AL.9	V3C99_003556
rpl-1	V3C99_003557
Y71F9AL.10	V3C99_003559
D2030.8	V3C99_003561
sel-12	V3C99_003562
wdr-23	V3C99_003563
ptr-2	V3C99_003564
NNNNNN	V3C99_003566
NNNNNN	V3C99_003567
F10G8.8	V3C99_003568
zfh-2	V3C99_003570
NNNNNN	V3C99_003573
psf-3	V3C99_003576
wwp-1	V3C99_003577
icd-2	V3C99_003578
NNNNNN	V3C99_003582
NNNNNN	V3C99_003584
mrpl-34	V3C99_003590
R06A10.4	V3C99_003591
ubxn-1	V3C99_003592
lmd-2	V3C99_003594
rpl-4	V3C99_003595
ubr-4	V3C99_003597
spt-16	V3C99_003600
lid-1	V3C99_003601
tiam-1	V3C99_003603
NNNNNN	V3C99_003604
dhod-1	V3C99_003607
pdxk-1	V3C99_003608
hmg-6	V3C99_003610
NNNNNN	V3C99_003614
NNNNNN	V3C99_003617
popl-4	V3C99_003619
NNNNNN	V3C99_003621
NNNNNN	V3C99_003622
row-1	V3C99_003623
Y106G6H.14	V3C99_003625
Y106G6H.8	V3C99_003626
eef-1A.1	V3C99_003627
eef-1A.2	V3C99_003627
nhr-23	V3C99_003628
R12E2.13	V3C99_003630
eif-3.H	V3C99_003631
NNNNNN	V3C99_003632
Y18H1A.2	V3C99_003633
hgap-1	V3C99_003634
mlst-8	V3C99_003635
let-502	V3C99_003636
viln-1	V3C99_003638
sec-8	V3C99_003639
NNNNNN	V3C99_003640
M04F3.4	V3C99_003641
magu-3	V3C99_003642
F26G1.1	V3C99_003643
NNNNNN	V3C99_003644
NNNNNN	V3C99_003646
dip-2	V3C99_003647
NNNNNN	V3C99_003648
NNNNNN	V3C99_003650
rps-8	V3C99_003651
T25G3.3	V3C99_003652
NNNNNN	V3C99_003654
NNNNNN	V3C99_003654
NNNNNN	V3C99_003655
NNNNNN	V3C99_003655
gpdh-3	V3C99_003658
mans-1	V3C99_003659
D2030.2	V3C99_003660
tomm-22	V3C99_003661
npp-9	V3C99_003662
skr-1	V3C99_003663
skr-2	V3C99_003663
NNNNNN	V3C99_003664
delm-1	V3C99_003665
delm-2	V3C99_003665
acd-1	V3C99_003665
NNNNNN	V3C99_003665
NNNNNN	V3C99_003666
NNNNNN	V3C99_003667
vep-1	V3C99_003668
NNNNNN	V3C99_003669
NNNNNN	V3C99_003669
unc-13	V3C99_003670
NNNNNN	V3C99_003671
elpc-1	V3C99_003672
NNNNNN	V3C99_003674
NNNNNN	V3C99_003675
eif-3.I	V3C99_003676
C41D11.9	V3C99_003678
rps-19	V3C99_003679
hsr-9	V3C99_003680
C07D8.6	V3C99_003682
NNNNNN	V3C99_003684
C07D8.6	V3C99_003685
C07D8.6	V3C99_003686
C07D8.6	V3C99_003687
C07D8.6	V3C99_003688
C07D8.6	V3C99_003690
pen-2	V3C99_003691
gras-1	V3C99_003692
F30F8.9	V3C99_003694
F30F8.10	V3C99_003695
taf-5	V3C99_003696
apb-3	V3C99_003697
C41D11.9	V3C99_003698
rps-19	V3C99_003699
hsr-9	V3C99_003700
C07D8.6	V3C99_003702
C07D8.6	V3C99_003705
gras-1	V3C99_003706
F30F8.9	V3C99_003707
F30F8.10	V3C99_003708
NNNNNN	V3C99_003709
apb-3	V3C99_003710
taf-5	V3C99_003710
ceh-2	V3C99_003711
NNNNNN	V3C99_003712
grh-1	V3C99_003713
NNNNNN	V3C99_003714
herc-1	V3C99_003715
nsun-2	V3C99_003716
smg-2	V3C99_003717
NNNNNN	V3C99_003718
Y47G6A.21	V3C99_003720
Y47G6A.22	V3C99_003720
NNNNNN	V3C99_003733
snx-1	V3C99_003734
dhhc-2	V3C99_003736
NNNNNN	V3C99_003737
NNNNNN	V3C99_003738
F55D12.2	V3C99_003739
NNNNNN	V3C99_003740
nsf-1	V3C99_003742
imb-1	V3C99_003743
NNNNNN	V3C99_003745
NNNNNN	V3C99_003746
Y71G12B.17	V3C99_003750
copa-1	V3C99_003751
NNNNNN	V3C99_003756
psf-1	V3C99_003757
trak-1	V3C99_003758
dys-1	V3C99_003761
yop-1	V3C99_003762
hmp-2	V3C99_003763
K05C4.7	V3C99_003764
hint-1	V3C99_003766
NNNNNN	V3C99_003768
lin-35	V3C99_003770
vps-51	V3C99_003772
mtk-1	V3C99_003773
fce-1	V3C99_003774
rpl-10	V3C99_003775
NNNNNN	V3C99_003776
asic-1	V3C99_003782
NNNNNN	V3C99_003788
NNNNNN	V3C99_003789
NNNNNN	V3C99_003790
larp-5	V3C99_003791
pop-1	V3C99_003792
NNNNNN	V3C99_003794
Y73E7A.1	V3C99_003796
NNNNNN	V3C99_003798
mom-4	V3C99_003801
Y105C5A.24	V3C99_003801
ccep-97	V3C99_003802
Y105E8B.9	V3C99_003803
NNNNNN	V3C99_003809
NNNNNN	V3C99_003810
ift-20	V3C99_003811
cle-1	V3C99_003815
rpb-3	V3C99_003816
prp-4	V3C99_003817
C36B1.14	V3C99_003818
pas-4	V3C99_003823
rpb-3	V3C99_003825
prp-4	V3C99_003826
C36B1.14	V3C99_003827
ddx-52	V3C99_003828
cfi-1	V3C99_003833
lpd-5	V3C99_003835
ZK973.9	V3C99_003836
pdp-1	V3C99_003837
osm-5	V3C99_003842
src-1	V3C99_003845
afd-1	V3C99_003848
set-18	V3C99_003849
ztf-11	V3C99_003850
NNNNNN	V3C99_003851
mfsd-13.1	V3C99_003852
acl-11	V3C99_003853
cri-1	V3C99_003854
C16C2.4	V3C99_003855
ocrl-1	V3C99_003856
NNNNNN	V3C99_003857
his-1	V3C99_003858
his-5	V3C99_003858
his-10	V3C99_003858
his-14	V3C99_003858
his-18	V3C99_003858
his-26	V3C99_003858
his-28	V3C99_003858
his-31	V3C99_003858
his-37	V3C99_003858
his-38	V3C99_003858
his-46	V3C99_003858
his-50	V3C99_003858
his-56	V3C99_003858
his-60	V3C99_003858
his-64	V3C99_003858
his-67	V3C99_003858
his-4	V3C99_003859
his-8	V3C99_003859
his-11	V3C99_003859
his-15	V3C99_003859
his-20	V3C99_003859
his-22	V3C99_003859
his-29	V3C99_003859
his-34	V3C99_003859
his-39	V3C99_003859
his-41	V3C99_003859
his-44	V3C99_003859
his-48	V3C99_003859
his-52	V3C99_003859
his-54	V3C99_003859
his-58	V3C99_003859
his-62	V3C99_003859
his-66	V3C99_003859
his-3	V3C99_003860
his-7	V3C99_003860
his-12	V3C99_003860
his-16	V3C99_003860
his-19	V3C99_003860
his-21	V3C99_003860
his-30	V3C99_003860
his-33	V3C99_003860
his-35	V3C99_003860
his-43	V3C99_003860
his-47	V3C99_003860
his-51	V3C99_003860
his-53	V3C99_003860
his-57	V3C99_003860
his-61	V3C99_003860
his-65	V3C99_003860
his-68	V3C99_003860
his-4	V3C99_003861
his-8	V3C99_003861
his-11	V3C99_003861
his-15	V3C99_003861
his-20	V3C99_003861
his-22	V3C99_003861
his-29	V3C99_003861
his-34	V3C99_003861
his-39	V3C99_003861
his-41	V3C99_003861
his-44	V3C99_003861
his-48	V3C99_003861
his-52	V3C99_003861
his-54	V3C99_003861
his-58	V3C99_003861
his-62	V3C99_003861
his-66	V3C99_003861
eat-16	V3C99_003862
mcrs-1	V3C99_003863
atp-1	V3C99_003864
NNNNNN	V3C99_003865
gpc-2	V3C99_003876
gpc-2	V3C99_003878
apm-1	V3C99_003882
ahcy-1	V3C99_003883
teg-4	V3C99_003884
NNNNNN	V3C99_003885
cyc-1	V3C99_003886
eif-2beta	V3C99_003889
NNNNNN	V3C99_003890
C54G4.7	V3C99_003891
dod-18	V3C99_003892
rskn-2	V3C99_003893
F25B5.6	V3C99_003895
mec-8	V3C99_003896
C17E4.6	V3C99_003898
pabp-2	V3C99_003899
C17E4.11	V3C99_003900
hpo-27	V3C99_003902
eva-1	V3C99_003913
ept-1	V3C99_003914
gnrr-1	V3C99_003915
NNNNNN	V3C99_003916
cof-2	V3C99_003917
NNNNNN	V3C99_003922
ned-8	V3C99_003924
unc-73	V3C99_003925
NNNNNN	V3C99_003926
NNNNNN	V3C99_003932
NNNNNN	V3C99_003932
NNNNNN	V3C99_003932
NNNNNN	V3C99_003933
NNNNNN	V3C99_003933
ruvb-1	V3C99_003934
blos-9	V3C99_003935
hinf-1	V3C99_003936
uev-1	V3C99_003938
F39B2.3	V3C99_003939
rmh-1	V3C99_003940
D2005.3	V3C99_003942
NNNNNN	V3C99_003943
NNNNNN	V3C99_003944
NNNNNN	V3C99_003945
NNNNNN	V3C99_003945
NNNNNN	V3C99_003945
NNNNNN	V3C99_003945
Y66D12A.7	V3C99_003946
NNNNNN	V3C99_003953
NNNNNN	V3C99_003954
NNNNNN	V3C99_003954
NNNNNN	V3C99_003954
F22D6.2	V3C99_003955
NNNNNN	V3C99_003956
NNNNNN	V3C99_003958
NNNNNN	V3C99_003959
NNNNNN	V3C99_003960
F36A2.9	V3C99_003961
rps-15	V3C99_003962
NNNNNN	V3C99_003963
figo-1	V3C99_003965
lim-7	V3C99_003967
che-13	V3C99_003968
NNNNNN	V3C99_003969
F26A3.4	V3C99_003972
NNNNNN	V3C99_003974
acr-3	V3C99_003977
acr-2	V3C99_003978
drag-1	V3C99_003981
lrp-1	V3C99_003984
T06A4.1	V3C99_003985
tag-68	V3C99_003986
pash-1	V3C99_003987
NNNNNN	V3C99_003989
NNNNNN	V3C99_003989
NNNNNN	V3C99_003994
eif-3.E	V3C99_003996
ech-6	V3C99_004001
mrps-30	V3C99_004002
mppe-1	V3C99_004003
NNNNNN	V3C99_004005
NNNNNN	V3C99_004005
prhg-1	V3C99_004006
NNNNNN	V3C99_004010
prp-17	V3C99_004011
rpl-43	V3C99_004012
Y42H9AR.1	V3C99_004013
NNNNNN	V3C99_004014
mfb-1	V3C99_004017
paxt-1	V3C99_004023
R05D11.9	V3C99_004023
aptf-1	V3C99_004023
tmem-208	V3C99_004024
ran-4	V3C99_004025
Y73E7A.6	V3C99_004026
aatf-1	V3C99_004027
eif-6	V3C99_004028
prx-11	V3C99_004029
gale-1	V3C99_004030
efsc-1	V3C99_004031
C47B2.9	V3C99_004033
rpl-43	V3C99_004035
Y42H9AR.1	V3C99_004036
smu-1	V3C99_004037
pmr-1	V3C99_004038
maph-1.3	V3C99_004039
maph-1.2	V3C99_004039
maph-1.1	V3C99_004039
NNNNNN	V3C99_004040
pde-1	V3C99_004043
T15B7.1	V3C99_004046
T15B7.1	V3C99_004047
T15B7.1	V3C99_004048
T15B7.1	V3C99_004050
T15B7.1	V3C99_004051
T15B7.1	V3C99_004053
unc-63	V3C99_004054
NNNNNN	V3C99_004055
T15B7.1	V3C99_004056
T26E3.4	V3C99_004058
NNNNNN	V3C99_004059
Y53G8B.2	V3C99_004060
dgat-2	V3C99_004067
T15B7.1	V3C99_004068
par-6	V3C99_004072
T26E3.4	V3C99_004073
NNNNNN	V3C99_004076
ppk-1	V3C99_004077
F33H2.3	V3C99_004078
T19H12.2	V3C99_004078
mbd-2	V3C99_004079
sptf-2	V3C99_004080
NNNNNN	V3C99_004081
cdk-14	V3C99_004082
NNNNNN	V3C99_004087
NNNNNN	V3C99_004089
NNNNNN	V3C99_004089
NNNNNN	V3C99_004089
NNNNNN	V3C99_004089
NNNNNN	V3C99_004090
NNNNNN	V3C99_004090
NNNNNN	V3C99_004090
NNNNNN	V3C99_004090
NNNNNN	V3C99_004090
NNNNNN	V3C99_004090
F10G8.9	V3C99_004091
nubp-1	V3C99_004092
ZC434.4	V3C99_004093
rae-1	V3C99_004095
ncs-2	V3C99_004096
ercc-1	V3C99_004097
cyp-14A5	V3C99_004098
cyp-14A1	V3C99_004098
cyp-14A2	V3C99_004098
cyp-14A3	V3C99_004098
cyp-14A4	V3C99_004098
cyp-14A5	V3C99_004099
cyp-14A1	V3C99_004099
cyp-14A2	V3C99_004099
cyp-14A3	V3C99_004099
cyp-14A4	V3C99_004099
cyp-14A5	V3C99_004101
cyp-14A1	V3C99_004101
cyp-14A2	V3C99_004101
cyp-14A3	V3C99_004101
cyp-14A4	V3C99_004101
cyp-14A5	V3C99_004102
cyp-14A1	V3C99_004102
cyp-14A2	V3C99_004102
cyp-14A3	V3C99_004102
cyp-14A4	V3C99_004102
cyp-14A5	V3C99_004103
cyp-14A1	V3C99_004103
cyp-14A2	V3C99_004103
cyp-14A3	V3C99_004103
cyp-14A4	V3C99_004103
NNNNNN	V3C99_004104
NNNNNN	V3C99_004105
tent-5	V3C99_004106
moag-4	V3C99_004107
rpb-10	V3C99_004108
slx-1	V3C99_004109
npp-6	V3C99_004110
dhs-3	V3C99_004111
glo-1	V3C99_004114
Y92H12A.2	V3C99_004117
ints-3	V3C99_004118
NNNNNN	V3C99_004119
obr-4	V3C99_004120
NNNNNN	V3C99_004121
W02D3.12	V3C99_004122
T01G1.4	V3C99_004124
NNNNNN	V3C99_004127
exos-3	V3C99_004128
ndub-10	V3C99_004129
F59C6.12	V3C99_004130
mus-101	V3C99_004131
NNNNNN	V3C99_004132
hgo-1	V3C99_004133
eif-3.C	V3C99_004135
eif-3.C	V3C99_004136
NNNNNN	V3C99_004140
NNNNNN	V3C99_004143
NNNNNN	V3C99_004144
NNNNNN	V3C99_004145
tom-1	V3C99_004147
NNNNNN	V3C99_004148
NNNNNN	V3C99_004150
NNNNNN	V3C99_004151
NNNNNN	V3C99_004152
T15B7.1	V3C99_004156
NNNNNN	V3C99_004159
NNNNNN	V3C99_004160
lin-41	V3C99_004161
M04C9.3	V3C99_004162
dyf-5	V3C99_004163
ppfr-1	V3C99_004164
NNNNNN	V3C99_004165
calm-1	V3C99_004167
stl-1	V3C99_004168
F11C1.1	V3C99_004169
F42H10.2	V3C99_004169
F30A10.9	V3C99_004170
stn-1	V3C99_004171
F30A10.3	V3C99_004172
NNNNNN	V3C99_004173
pbrm-1	V3C99_004174
T28F4.4	V3C99_004175
T28F4.5	V3C99_004176
NNNNNN	V3C99_004177
crn-1	V3C99_004179
Y47G6A.9	V3C99_004180
spg-7	V3C99_004181
asic-2	V3C99_004183
Y47G6A.7	V3C99_004184
ppk-3	V3C99_004185
ZK524.4	V3C99_004188
lars-2	V3C99_004189
NNNNNN	V3C99_004190
NNNNNN	V3C99_004192
Y48G10A.3	V3C99_004193
ints-8	V3C99_004194
NNNNNN	V3C99_004196
unc-89	V3C99_004202
NNNNNN	V3C99_004203
unc-89	V3C99_004204
NNNNNN	V3C99_004207
NNNNNN	V3C99_004208
NNNNNN	V3C99_004211
NNNNNN	V3C99_004212
NNNNNN	V3C99_004213
T23G7.3	V3C99_004214
T23G7.2	V3C99_004215
T23G7.2	V3C99_004216
sec-5	V3C99_004217
F43G9.13	V3C99_004218
edc-3	V3C99_004219
snrp-27	V3C99_004220
pamn-1	V3C99_004221
NNNNNN	V3C99_004222
NNNNNN	V3C99_004222
chd-7	V3C99_004223
NNNNNN	V3C99_004225
NNNNNN	V3C99_004227
NNNNNN	V3C99_004227
NNNNNN	V3C99_004227
NNNNNN	V3C99_004227
F37F2.2	V3C99_004228
spe-15	V3C99_004229
NNNNNN	V3C99_004230
NNNNNN	V3C99_004231
NNNNNN	V3C99_004233
smgl-1	V3C99_004235
mdt-18	V3C99_004236
dbr-1	V3C99_004237
NNNNNN	V3C99_004238
NNNNNN	V3C99_004240
ced-1	V3C99_004241
cyp-34A1	V3C99_004243
cyp-34A2	V3C99_004243
cyp-34A5	V3C99_004243
cyp-34A6	V3C99_004243
cyp-34A7	V3C99_004243
cyp-34A8	V3C99_004243
cyp-34A9	V3C99_004243
cyp-34A10	V3C99_004243
NNNNNN	V3C99_004243
T15B7.1	V3C99_004244
T15B7.1	V3C99_004245
cyp-34A1	V3C99_004246
cyp-34A2	V3C99_004246
cyp-34A5	V3C99_004246
cyp-34A6	V3C99_004246
cyp-34A7	V3C99_004246
cyp-34A8	V3C99_004246
cyp-34A9	V3C99_004246
cyp-34A10	V3C99_004246
NNNNNN	V3C99_004246
F22G12.4	V3C99_004247
atm-1	V3C99_004249
sptf-1	V3C99_004251
ZC434.9	V3C99_004253
aph-2	V3C99_004257
ears-1	V3C99_004258
NNNNNN	V3C99_004259
C09D4.1	V3C99_004260
fkb-7	V3C99_004261
ndx-8	V3C99_004263
soem-1	V3C99_004264
Y65B4A.8	V3C99_004265
cus-2	V3C99_004266
NNNNNN	V3C99_004268
K07A3.3	V3C99_004273
mex-3	V3C99_004276
zhp-3	V3C99_004279
K02B12.7	V3C99_004280
tnsl-1	V3C99_004282
NNNNNN	V3C99_004283
NNNNNN	V3C99_004284
F21F3.4	V3C99_004285
kin-32	V3C99_004288
vha-16	V3C99_004289
fhod-1	V3C99_004290
NNNNNN	V3C99_004291
nekl-1	V3C99_004296
dot-1.1	V3C99_004299
dot-1.5	V3C99_004299
NNNNNN	V3C99_004302
NNNNNN	V3C99_004306
NNNNNN	V3C99_004309
T15B7.1	V3C99_004311
T15B7.1	V3C99_004312
NNNNNN	V3C99_004313
NNNNNN	V3C99_004313
NNNNNN	V3C99_004313
NNNNNN	V3C99_004313
NNNNNN	V3C99_004313
NNNNNN	V3C99_004313
NNNNNN	V3C99_004313
NNNNNN	V3C99_004313
NNNNNN	V3C99_004314
NNNNNN	V3C99_004314
NNNNNN	V3C99_004314
NNNNNN	V3C99_004314
NNNNNN	V3C99_004314
NNNNNN	V3C99_004314
NNNNNN	V3C99_004314
NNNNNN	V3C99_004314
fld-1	V3C99_004315
dnj-29	V3C99_004316
NNNNNN	V3C99_004317
NNNNNN	V3C99_004319
NNNNNN	V3C99_004320
T23B12.6	V3C99_004321
NNNNNN	V3C99_004324
NNNNNN	V3C99_004326
NNNNNN	V3C99_004327
NNNNNN	V3C99_004328
F21F3.7	V3C99_004329
NNNNNN	V3C99_004330
NNNNNN	V3C99_004331
gpi-1	V3C99_004334
acl-1	V3C99_004335
rpl-31	V3C99_004337
sac-2	V3C99_004338
cox-4	V3C99_004339
ints-4	V3C99_004343
psf-2	V3C99_004345
fkb-2	V3C99_004346
NNNNNN	V3C99_004347
dpyd-1	V3C99_004348
smd-1	V3C99_004351
Y71A12C.2	V3C99_004352
NNNNNN	V3C99_004354
idhg-2	V3C99_004355
let-630	V3C99_004357
F32B5.1	V3C99_004358
W10C8.5	V3C99_004358
ctg-1	V3C99_004359
sem-4	V3C99_004361
ubql-1	V3C99_004362
pdi-3	V3C99_004363
chd-1	V3C99_004364
pam-1	V3C99_004366
NNNNNN	V3C99_004368
Y40B1B.7	V3C99_004368
exos-2	V3C99_004370
F29B9.1	V3C99_004372
NNNNNN	V3C99_004373
pas-3	V3C99_004374
use-1	V3C99_004375
apr-1	V3C99_004377
NNNNNN	V3C99_004379
NNNNNN	V3C99_004380
NNNNNN	V3C99_004382
gsr-1	V3C99_004385
sec-22	V3C99_004386
samp-1	V3C99_004390
ztf-4	V3C99_004391
NNNNNN	V3C99_004394
tag-96	V3C99_004397
scm-1	V3C99_004398
tub-2	V3C99_004399
NNNNNN	V3C99_004400
lsm-6	V3C99_004402
atg-5	V3C99_004404
ZK643.2	V3C99_004405
cdap-2	V3C99_004406
txl-1	V3C99_004406
cogc-1	V3C99_004407
NNNNNN	V3C99_004408
ncx-4	V3C99_004409
got-2.2	V3C99_004410
tipn-1	V3C99_004411
NNNNNN	V3C99_004412
edc-4	V3C99_004413
NNNNNN	V3C99_004414
rga-6	V3C99_004415
K04F10.2	V3C99_004416
mrpl-9	V3C99_004417
rpn-10	V3C99_004418
NNNNNN	V3C99_004419
sup-46	V3C99_004419
NNNNNN	V3C99_004420
T22C1.6	V3C99_004423
jph-1	V3C99_004424
ahr-1	V3C99_004428
fkh-10	V3C99_004434
fkh-10	V3C99_004435
NNNNNN	V3C99_004436
sod-2	V3C99_004437
sod-3	V3C99_004437
tag-296	V3C99_004438
F49D11.10	V3C99_004439
NNNNNN	V3C99_004440
bbs-9	V3C99_004442
C48B6.2	V3C99_004443
haps-1	V3C99_004444
smg-1	V3C99_004448
eya-1	V3C99_004450
NNNNNN	V3C99_004456
del-4	V3C99_004459
NNNNNN	V3C99_004460
mau-2	V3C99_004461
lin-10	V3C99_004462
NNNNNN	V3C99_004463
egl-30	V3C99_004466
rpl-27	V3C99_004468
C53H9.2	V3C99_004469
NNNNNN	V3C99_004470
chaf-2	V3C99_004471
Y106G6G.2	V3C99_004472
cup-2	V3C99_004473
rps-21	V3C99_004473
tag-353	V3C99_004474
rps-21	V3C99_004476
bag-1	V3C99_004477
NNNNNN	V3C99_004480
T15B7.1	V3C99_004482
T15B7.1	V3C99_004483
hum-7	V3C99_004484
vab-10	V3C99_004485
tax-2	V3C99_004486
C07H6.2	V3C99_004487
cku-80	V3C99_004488
rsa-1	V3C99_004489
NNNNNN	V3C99_004490
NNNNNN	V3C99_004491
ndua-13	V3C99_004492
ttc-1	V3C99_004493
lonp-1	V3C99_004494
spcs-1	V3C99_004495
F47G4.4	V3C99_004496
yars-1	V3C99_004497
avr-14	V3C99_004499
F39B2.8	V3C99_004500
dnj-12	V3C99_004501
NNNNNN	V3C99_004502
rps-26	V3C99_004503
NNNNNN	V3C99_004504
NNNNNN	V3C99_004505
mtx-1	V3C99_004507
che-14	V3C99_004508
ccpp-1	V3C99_004509
NNNNNN	V3C99_004512
cogc-5	V3C99_004513
mus-81	V3C99_004529
C43E11.9	V3C99_004530
cdc-6	V3C99_004531
scpl-3	V3C99_004532
Y47D9A.1	V3C99_004536
anc-1	V3C99_004537
trp-4	V3C99_004540
F26H9.5	V3C99_004541
nol-58	V3C99_004543
NNNNNN	V3C99_004544
NNNNNN	V3C99_004545
aph-1	V3C99_004546
tat-5	V3C99_004547
unc-11	V3C99_004548
C32E8.9	V3C99_004549
NNNNNN	V3C99_004550
maea-1	V3C99_004551
W09G3.8	V3C99_004552
W09G3.6	V3C99_004553
F45F2.9	V3C99_004554
pgrn-1	V3C99_004559
blmp-1	V3C99_004560
rha-1	V3C99_004562
smg-4	V3C99_004563
NNNNNN	V3C99_004571
T01G9.2	V3C99_004575
NNNNNN	V3C99_004576
kin-10	V3C99_004579
aat-2	V3C99_004581
mig-23	V3C99_004584
mig-15	V3C99_004585
lam-3	V3C99_004587
F38B6.6	V3C99_004588
NNNNNN	V3C99_004589
NNNNNN	V3C99_004589
NNNNNN	V3C99_004589
unc-78	V3C99_004594
ndub-7	V3C99_004594
aipl-1	V3C99_004594
NNNNNN	V3C99_004595
let-23	V3C99_004597
rpt-1	V3C99_004598
T09B4.8	V3C99_004601
dpt-1	V3C99_004603
haf-4	V3C99_004605
NNNNNN	V3C99_004619
NNNNNN	V3C99_004624
NNNNNN	V3C99_004625
NNNNNN	V3C99_004636
NNNNNN	V3C99_004636
dcp-66	V3C99_004638
T25G3.1	V3C99_004640
NNNNNN	V3C99_004648
ttbk-8.1	V3C99_004651
ttbk-8.2	V3C99_004651
haf-2	V3C99_004653
F52B5.3	V3C99_004655
NNNNNN	V3C99_004657
NNNNNN	V3C99_004658
NNNNNN	V3C99_004659
ints-2	V3C99_004663
atg-4.1	V3C99_004664
mrps-6	V3C99_004665
R12E2.11	V3C99_004666
thoc-3	V3C99_004667
NNNNNN	V3C99_004671
K05C4.2	V3C99_004672
pbs-5	V3C99_004673
mcm-10	V3C99_004674
zipt-1	V3C99_004675
fmp-27	V3C99_004676
NNNNNN	V3C99_004677
cyn-5	V3C99_004678
dus-2	V3C99_004679
gid-1	V3C99_004680
NNNNNN	V3C99_004681
F33H2.6	V3C99_004682
NNNNNN	V3C99_004683
aap-1	V3C99_004686
NNNNNN	V3C99_004687
unc-75	V3C99_004693
NNNNNN	V3C99_004695
lim-4	V3C99_004696
NNNNNN	V3C99_004699
unc-38	V3C99_004700
zfr-1	V3C99_004701
gldi-11	V3C99_004707
W04A8.1	V3C99_004711
set-29	V3C99_004716
Y92H12BR.7	V3C99_004718
C41D11.3	V3C99_004719
NNNNNN	V3C99_004720
NNNNNN	V3C99_004720
NNNNNN	V3C99_004720
nhr-69	V3C99_004723
nhr-49	V3C99_004726
K10C3.5	V3C99_004729
ensa-1	V3C99_004733
K10C3.5	V3C99_004735
NNNNNN	V3C99_004737
NNNNNN	V3C99_004738
T27F6.6	V3C99_004740
NNNNNN	V3C99_004741
NNNNNN	V3C99_004745
mek-2	V3C99_004746
nduf-5	V3C99_004752
Y71F9AR.2	V3C99_004754
gcsh-1	V3C99_004756
gcsh-2	V3C99_004756
xpa-1	V3C99_004757
mboa-1	V3C99_004758
NNNNNN	V3C99_004760
abts-1	V3C99_004763
NNNNNN	V3C99_004764
calu-2	V3C99_004765
NNNNNN	V3C99_004766
acox-1.6	V3C99_004769
ostd-1	V3C99_004771
NNNNNN	V3C99_004773
T27F6.6	V3C99_004774
NNNNNN	V3C99_004788
NNNNNN	V3C99_004800
NNNNNN	V3C99_004804
tyr-5	V3C99_004805
ama-1	V3C99_004806
msh-2	V3C99_004809
pgal-1	V3C99_004813
F02E9.10	V3C99_004814
NNNNNN	V3C99_004817
F02E9.10	V3C99_004819
tmem-189	V3C99_004821
Y92H12A.5	V3C99_004832
rla-0	V3C99_004833
tct-1	V3C99_004834
nra-2	V3C99_004836
lin-53	V3C99_004837
K07A1.10	V3C99_004838
ate-1	V3C99_004839
ile-1	V3C99_004840
fdps-1	V3C99_004842
wve-1	V3C99_004843
NNNNNN	V3C99_004844
NNNNNN	V3C99_004844
NNNNNN	V3C99_004844
NNNNNN	V3C99_004846
NNNNNN	V3C99_004846
NNNNNN	V3C99_004846
C01A2.4	V3C99_004847
NNNNNN	V3C99_004847
NNNNNN	V3C99_004847
NNNNNN	V3C99_004847
exo-3	V3C99_004848
tads-1	V3C99_004850
oxa-1	V3C99_004852
rskn-1	V3C99_004853
bro-1	V3C99_004856
sod-2	V3C99_004864
sod-3	V3C99_004864
kin-24	V3C99_004866
NNNNNN	V3C99_004873
rad-54.L	V3C99_004876
NNNNNN	V3C99_004885
NNNNNN	V3C99_004886
NNNNNN	V3C99_004891
mrpl-15	V3C99_004894
NNNNNN	V3C99_004895
memb-1	V3C99_004896
NNNNNN	V3C99_004897
shl-1	V3C99_004898
NNNNNN	V3C99_004899
NNNNNN	V3C99_004902
dnj-27	V3C99_004910
comt-2	V3C99_004911
comt-3	V3C99_004911
comt-4	V3C99_004911
comt-5	V3C99_004911
F16F9.4	V3C99_004912
NNNNNN	V3C99_004914
src-2	V3C99_004915
ero-1	V3C99_004916
NNNNNN	V3C99_004923
lev-11	V3C99_004924
sec-12	V3C99_004925
NNNNNN	V3C99_004930
unc-55	V3C99_004932
exc-4	V3C99_004933
ctnb-1	V3C99_004936
comt-2	V3C99_004941
comt-3	V3C99_004941
comt-4	V3C99_004941
comt-5	V3C99_004941
dnj-27	V3C99_004942
NNNNNN	V3C99_004943
eif-2Bbeta	V3C99_004944
pars-2	V3C99_004945
natc-3	V3C99_004946
cyb-1	V3C99_004947
cyb-2.1	V3C99_004947
cyb-2.2	V3C99_004947
pdk-1	V3C99_004949
mtm-10	V3C99_004950
csk-1	V3C99_004951
sesn-1	V3C99_004952
F26H9.2	V3C99_004953
nmat-2	V3C99_004953
rab-5	V3C99_004954
NNNNNN	V3C99_004959
F55F10.1	V3C99_004965
K07A1.15	V3C99_004966
lrk-1	V3C99_004967
pyk-1	V3C99_004974
eef-2	V3C99_004975
clsp-1	V3C99_004976
mrpl-54	V3C99_004977
NNNNNN	V3C99_004978
vps-20	V3C99_004980
vbh-1	V3C99_004981
NNNNNN	V3C99_004983
NNNNNN	V3C99_004984
gpap-1	V3C99_004985
Y6B3B.9	V3C99_004986
NNNNNN	V3C99_004987
NNNNNN	V3C99_004988
ekl-4	V3C99_004990
rps-20	V3C99_004991
C55A6.1	V3C99_004992
Y105E8A.14	V3C99_004992
NNNNNN	V3C99_004993
ceh-17	V3C99_004994
mvb-12	V3C99_004995
dhhc-11	V3C99_005000
lron-8	V3C99_005002
erm-1	V3C99_005003
mrps-15	V3C99_005004
ptr-10	V3C99_005005
his-4	V3C99_005008
his-8	V3C99_005008
his-11	V3C99_005008
his-15	V3C99_005008
his-20	V3C99_005008
his-22	V3C99_005008
his-29	V3C99_005008
his-34	V3C99_005008
his-39	V3C99_005008
his-41	V3C99_005008
his-44	V3C99_005008
his-48	V3C99_005008
his-52	V3C99_005008
his-54	V3C99_005008
his-58	V3C99_005008
his-62	V3C99_005008
his-66	V3C99_005008
ife-1	V3C99_005009
ife-2	V3C99_005009
ife-5	V3C99_005009
NNNNNN	V3C99_005011
NNNNNN	V3C99_005012
mrrf-1	V3C99_005013
pbs-4	V3C99_005014
unc-57	V3C99_005017
vacl-14	V3C99_005018
glr-5	V3C99_005019
NNNNNN	V3C99_005022
NNNNNN	V3C99_005027
ceh-8	V3C99_005028
fitm-2	V3C99_005029
zipt-2.1	V3C99_005032
zipt-2.2	V3C99_005032
nfki-1	V3C99_005033
C16A3.5	V3C99_005034
kel-20	V3C99_005035
Y74C10AL.2	V3C99_005036
abtm-1	V3C99_005037
D1007.15	V3C99_005038
NNNNNN	V3C99_005041
asd-2	V3C99_005043
sdpn-1	V3C99_005047
NNNNNN	V3C99_005048
T10B11.5	V3C99_005049
T10B11.6	V3C99_005050
F18C12.3	V3C99_005052
pcbd-1	V3C99_005053
rege-1	V3C99_005054
C30F12.2	V3C99_005055
marc-6	V3C99_005056
znf-706	V3C99_005058
xrn-2	V3C99_005059
pept-3	V3C99_005060
npp-7	V3C99_005063
NNNNNN	V3C99_005064
NNNNNN	V3C99_005067
prp-31	V3C99_005070
ari-1.3	V3C99_005071
ari-1.2	V3C99_005071
ari-1.1	V3C99_005071
NNNNNN	V3C99_005073
syf-2	V3C99_005074
kin-1	V3C99_005075
neto-1	V3C99_005079
NNNNNN	V3C99_005080
aprt-1	V3C99_005082
unc-40	V3C99_005086
npp-7	V3C99_005087
msh-2	V3C99_005089
NNNNNN	V3C99_005090
immt-1	V3C99_005094
ser-7	V3C99_005095
NNNNNN	V3C99_005096
trpp-8	V3C99_005100
vha-10	V3C99_005101
ubl-5	V3C99_005102
cerk-1	V3C99_005103
C53D5.5	V3C99_005104
C53D5.1	V3C99_005105
NNNNNN	V3C99_005107
NNNNNN	V3C99_005107
NNNNNN	V3C99_005109
NNNNNN	V3C99_005110
ssb-1	V3C99_005111
gly-13	V3C99_005112
gly-14	V3C99_005112
kin-24	V3C99_005113
slc-36.4	V3C99_005117
slc-36.3	V3C99_005117
NNNNNN	V3C99_005126
unc-79	V3C99_005131
bro-1	V3C99_005132
pycr-1	V3C99_005133
hbs-1	V3C99_005135
casc-3	V3C99_005141
rpl-14	V3C99_005142
ile-1	V3C99_005145
ate-1	V3C99_005146
csn-6	V3C99_005147
K07A1.10	V3C99_005148
lin-53	V3C99_005149
nra-2	V3C99_005150
mag-1	V3C99_005159
ubc-12	V3C99_005160
acbp-1	V3C99_005162
ints-6	V3C99_005166
NNNNNN	V3C99_005179
NNNNNN	V3C99_005183
tct-1	V3C99_005185
rla-0	V3C99_005186
Y92H12A.5	V3C99_005187
dyb-1	V3C99_005190
nmtn-1	V3C99_005192
rga-2	V3C99_005194
cas-1	V3C99_005198
NNNNNN	V3C99_005211
NNNNNN	V3C99_005211
F16A11.1	V3C99_005215
rtcb-1	V3C99_005216
M01E5.2	V3C99_005217
M01E5.4	V3C99_005218
NNNNNN	V3C99_005223
NNNNNN	V3C99_005224
NNNNNN	V3C99_005227
ctnb-1	V3C99_005235
chk-2	V3C99_005236
chkr-1	V3C99_005236
NNNNNN	V3C99_005236
NNNNNN	V3C99_005240
NNNNNN	V3C99_005241
NNNNNN	V3C99_005241
NNNNNN	V3C99_005241
NNNNNN	V3C99_005242
NNNNNN	V3C99_005242
NNNNNN	V3C99_005242
NNNNNN	V3C99_005243
NNNNNN	V3C99_005243
NNNNNN	V3C99_005243
hxk-1	V3C99_005245
rpoa-2	V3C99_005246
NNNNNN	V3C99_005253
memb-1	V3C99_005256
NNNNNN	V3C99_005260
mib-1	V3C99_005261
NNNNNN	V3C99_005262
NNNNNN	V3C99_005263
NNNNNN	V3C99_005264
NNNNNN	V3C99_005267
lev-11	V3C99_005268
sec-12	V3C99_005269
NNNNNN	V3C99_005273
Y48A6B.3	V3C99_005276
dao-5	V3C99_005277
NNNNNN	V3C99_005279
cln-3.1	V3C99_005282
strl-1	V3C99_005284
lagr-1	V3C99_005288
NNNNNN	V3C99_005289
NNNNNN	V3C99_005290
pigl-1	V3C99_005291
rsr-1	V3C99_005292
F16F9.4	V3C99_005298
F16F9.4	V3C99_005299
NNNNNN	V3C99_005300
src-2	V3C99_005303
ero-1	V3C99_005304
dyf-1	V3C99_005308
NNNNNN	V3C99_005312
NNNNNN	V3C99_005313
NNNNNN	V3C99_005313
mcm-4	V3C99_005318
NNNNNN	V3C99_005325
snt-4	V3C99_005328
drh-3	V3C99_005329
cic-1	V3C99_005331
T15B7.1	V3C99_005332
ttx-3	V3C99_005333
T09B4.4	V3C99_005334
T23G11.4	V3C99_005335
rlbp-1	V3C99_005336
lron-9	V3C99_005337
T23G11.7	V3C99_005338
golg-5	V3C99_005339
sptf-3	V3C99_005340
ola-1	V3C99_005341
snr-2	V3C99_005344
trmt-6	V3C99_005350
ZK858.6	V3C99_005351
ZK858.5	V3C99_005352
oct-1	V3C99_005356
ndx-1	V3C99_005358
NNNNNN	V3C99_005359
mig-1	V3C99_005360
sym-2	V3C99_005362
mcm-4	V3C99_005366
eif-2gamma	V3C99_005367
tbca-1	V3C99_005368
sacy-1	V3C99_005369
glh-1	V3C99_005370
glh-2	V3C99_005370
glh-3	V3C99_005370
dpf-3	V3C99_005371
C37A2.8	V3C99_005372
NNNNNN	V3C99_005373
NNNNNN	V3C99_005374
NNNNNN	V3C99_005376
snpc-3.1	V3C99_005385
snpc-3.2	V3C99_005385
drh-3	V3C99_005387
snt-4	V3C99_005390
cah-6	V3C99_005391
cpd-1	V3C99_005393
T23D8.3	V3C99_005394
NNNNNN	V3C99_005397
mboa-7	V3C99_005399
serr-1	V3C99_005401
zipt-11	V3C99_005414
mrpl-24	V3C99_005415
Y105E8A.2	V3C99_005416
slc-30A5	V3C99_005417
NNNNNN	V3C99_005421
goa-1	V3C99_005422
NNNNNN	V3C99_005423
NNNNNN	V3C99_005424
cdd-2	V3C99_005426
wdr-12	V3C99_005429
cir-1	V3C99_005430
lron-11	V3C99_005431
tln-1	V3C99_005435
tre-1	V3C99_005437
dad-1	V3C99_005438
NNNNNN	V3C99_005439
spg-20	V3C99_005440
F57B10.8	V3C99_005441
NNNNNN	V3C99_005442
NNNNNN	V3C99_005443
NNNNNN	V3C99_005444
spr-5	V3C99_005445
lsd-1	V3C99_005445
eif-3.J	V3C99_005446
slc-25A46	V3C99_005447
pcyt-1	V3C99_005448
tns-1	V3C99_005453
NNNNNN	V3C99_005455
dyf-11	V3C99_005456
NNNNNN	V3C99_005457
NNNNNN	V3C99_005457
apg-1	V3C99_005458
NNNNNN	V3C99_005459
NNNNNN	V3C99_005460
tol-1	V3C99_005464
rab-10	V3C99_005465
NNNNNN	V3C99_005466
hpo-13	V3C99_005471
Y105E8A.11	V3C99_005471
NNNNNN	V3C99_005473
irx-1	V3C99_005478
NNNNNN	V3C99_005479
NNNNNN	V3C99_005486
NNNNNN	V3C99_005489
NNNNNN	V3C99_005491
pfd-3	V3C99_005495
W02A11.1	V3C99_005498
vps-25	V3C99_005498
usp-3	V3C99_005499
rps-6	V3C99_005500
Y48G10A.1	V3C99_005504
gap-3	V3C99_005505
NNNNNN	V3C99_005506
crtc-1	V3C99_005507
rpl-20	V3C99_005509
NNNNNN	V3C99_005515
rnf-145	V3C99_005516
mrpl-19	V3C99_005517
tyr-4	V3C99_005520
NNNNNN	V3C99_005522
bbs-1	V3C99_005526
frk-1	V3C99_005529
NNNNNN	V3C99_005530
NNNNNN	V3C99_005530
NNNNNN	V3C99_005530
K04F10.7	V3C99_005533
F25B5.3	V3C99_005535
F49B2.6	V3C99_005539
rsy-1	V3C99_005541
NNNNNN	V3C99_005542
maco-1	V3C99_005543
acr-6	V3C99_005545
NNNNNN	V3C99_005548
M04F3.5	V3C99_005549
NNNNNN	V3C99_005551
NNNNNN	V3C99_005551
NNNNNN	V3C99_005556
pnk-1	V3C99_005559
zhit-1	V3C99_005560
cox-5B	V3C99_005561
NNNNNN	V3C99_005563
let-611	V3C99_005564
lpd-2	V3C99_005565
cebp-2	V3C99_005566
NNNNNN	V3C99_005567
frm-1	V3C99_005569
T28F2.2	V3C99_005571
msh-6	V3C99_005572
hxk-2	V3C99_005576
cdk-9	V3C99_005577
Y54E5A.5	V3C99_005580
gsa-1	V3C99_005581
vps-4	V3C99_005582
NNNNNN	V3C99_005583
NNNNNN	V3C99_005584
glrx-10	V3C99_005586
glrx-10	V3C99_005591
mrpl-38	V3C99_005593
NNNNNN	V3C99_005602
Y105E8A.1	V3C99_005603
C47B2.2	V3C99_005604
NNNNNN	V3C99_005607
rpn-12	V3C99_005608
W02D3.4	V3C99_005611
lbp-5	V3C99_005615
lbp-6	V3C99_005615
lbp-7	V3C99_005615
R04B3.2	V3C99_005617
phip-1	V3C99_005618
phip-1	V3C99_005619
cids-2	V3C99_005620
F36A2.2	V3C99_005621
pbs-7	V3C99_005622
rpn-8	V3C99_005624
cfh-1	V3C99_005627
exoc-8	V3C99_005633
C06A5.3	V3C99_005634
NNNNNN	V3C99_005636
NNNNNN	V3C99_005637
ZK909.3	V3C99_005639
NNNNNN	V3C99_005642
NNNNNN	V3C99_005645
C55A6.3	V3C99_005646
C55A6.4	V3C99_005646
sdz-8	V3C99_005646
C55A6.6	V3C99_005646
C55A6.7	V3C99_005646
F20G2.1	V3C99_005646
kel-10	V3C99_005647
F47D12.7	V3C99_005647
R119.2	V3C99_005648
NNNNNN	V3C99_005649
pqn-59	V3C99_005650
taf-4	V3C99_005651
R119.5	V3C99_005652
rab-8	V3C99_005655
ace-2	V3C99_005657
F10D11.6	V3C99_005658
tbcd-1	V3C99_005659
unc-14	V3C99_005661
F32B4.5	V3C99_005663
abhd-11.2	V3C99_005664
NNNNNN	V3C99_005665
riok-1	V3C99_005666
nhr-64	V3C99_005667
fer-1	V3C99_005668
rskn-1	V3C99_005669
che-3	V3C99_005672
stam-1	V3C99_005673
timm-23	V3C99_005674
csb-1	V3C99_005675
F53H4.6	V3C99_005675
F15D3.6	V3C99_005676
metl-17	V3C99_005677
pbs-2	V3C99_005679
NNNNNN	V3C99_005680
R06C7.6	V3C99_005681
adsl-1	V3C99_005682
madd-4	V3C99_005689
NNNNNN	V3C99_005690
T08G11.1	V3C99_005698
NNNNNN	V3C99_005700
aex-6	V3C99_005701
C32F10.8	V3C99_005702
C32F10.8	V3C99_005703
twk-47	V3C99_005704
unc-37	V3C99_005705
NNNNNN	V3C99_005706
cytb-5.2	V3C99_005707
T05E7.3	V3C99_005708
NNNNNN	V3C99_005709
hsp-16.41	V3C99_005714
hsp-16.48	V3C99_005714
hsp-16.49	V3C99_005714
hsp-16.41	V3C99_005716
hsp-16.48	V3C99_005716
hsp-16.49	V3C99_005716
hsp-16.41	V3C99_005724
hsp-16.48	V3C99_005724
hsp-16.49	V3C99_005724
hsp-16.41	V3C99_005726
hsp-16.48	V3C99_005726
hsp-16.49	V3C99_005726
NNNNNN	V3C99_005728
NNNNNN	V3C99_005732
NNNNNN	V3C99_005732
arl-13	V3C99_005733
rla-1	V3C99_005734
Y37E3.8	V3C99_005735
phb-1	V3C99_005736
eif-2alpha	V3C99_005737
NNNNNN	V3C99_005738
NNNNNN	V3C99_005738
NNNNNN	V3C99_005738
NNNNNN	V3C99_005738
NNNNNN	V3C99_005738
NNNNNN	V3C99_005738
NNNNNN	V3C99_005738
NNNNNN	V3C99_005738
NNNNNN	V3C99_005738
NNNNNN	V3C99_005738
NNNNNN	V3C99_005738
NNNNNN	V3C99_005738
NNNNNN	V3C99_005738
NNNNNN	V3C99_005738
NNNNNN	V3C99_005738
NNNNNN	V3C99_005738
NNNNNN	V3C99_005738
NNNNNN	V3C99_005738
NNNNNN	V3C99_005738
NNNNNN	V3C99_005738
NNNNNN	V3C99_005738
NNNNNN	V3C99_005738
NNNNNN	V3C99_005738
NNNNNN	V3C99_005738
NNNNNN	V3C99_005738
NNNNNN	V3C99_005738
NNNNNN	V3C99_005738
NNNNNN	V3C99_005738
NNNNNN	V3C99_005738
NNNNNN	V3C99_005738
NNNNNN	V3C99_005738
NNNNNN	V3C99_005738
NNNNNN	V3C99_005738
NNNNNN	V3C99_005738
NNNNNN	V3C99_005738
NNNNNN	V3C99_005738
NNNNNN	V3C99_005739
NNNNNN	V3C99_005739
NNNNNN	V3C99_005739
NNNNNN	V3C99_005739
NNNNNN	V3C99_005739
NNNNNN	V3C99_005739
NNNNNN	V3C99_005739
NNNNNN	V3C99_005739
NNNNNN	V3C99_005739
NNNNNN	V3C99_005739
NNNNNN	V3C99_005739
NNNNNN	V3C99_005739
NNNNNN	V3C99_005739
NNNNNN	V3C99_005739
NNNNNN	V3C99_005739
NNNNNN	V3C99_005739
NNNNNN	V3C99_005739
NNNNNN	V3C99_005739
NNNNNN	V3C99_005739
NNNNNN	V3C99_005739
NNNNNN	V3C99_005739
NNNNNN	V3C99_005739
NNNNNN	V3C99_005739
NNNNNN	V3C99_005739
NNNNNN	V3C99_005739
NNNNNN	V3C99_005739
NNNNNN	V3C99_005739
NNNNNN	V3C99_005739
NNNNNN	V3C99_005739
NNNNNN	V3C99_005739
NNNNNN	V3C99_005739
NNNNNN	V3C99_005739
NNNNNN	V3C99_005739
NNNNNN	V3C99_005739
NNNNNN	V3C99_005739
NNNNNN	V3C99_005739
NNNNNN	V3C99_005740
mlcd-1	V3C99_005741
NNNNNN	V3C99_005743
NNNNNN	V3C99_005744
NNNNNN	V3C99_005744
NNNNNN	V3C99_005744
NNNNNN	V3C99_005744
NNNNNN	V3C99_005744
NNNNNN	V3C99_005744
NNNNNN	V3C99_005744
NNNNNN	V3C99_005744
NNNNNN	V3C99_005744
NNNNNN	V3C99_005744
NNNNNN	V3C99_005744
NNNNNN	V3C99_005744
NNNNNN	V3C99_005744
NNNNNN	V3C99_005744
NNNNNN	V3C99_005744
NNNNNN	V3C99_005744
NNNNNN	V3C99_005744
NNNNNN	V3C99_005744
NNNNNN	V3C99_005744
NNNNNN	V3C99_005744
NNNNNN	V3C99_005744
NNNNNN	V3C99_005744
NNNNNN	V3C99_005744
NNNNNN	V3C99_005744
NNNNNN	V3C99_005744
NNNNNN	V3C99_005744
NNNNNN	V3C99_005744
NNNNNN	V3C99_005744
NNNNNN	V3C99_005744
NNNNNN	V3C99_005744
NNNNNN	V3C99_005744
NNNNNN	V3C99_005744
NNNNNN	V3C99_005744
NNNNNN	V3C99_005744
NNNNNN	V3C99_005744
NNNNNN	V3C99_005744
pyr-1	V3C99_005746
NNNNNN	V3C99_005749
NNNNNN	V3C99_005751
Y71F9B.9	V3C99_005752
NNNNNN	V3C99_005754
NNNNNN	V3C99_005762
NNNNNN	V3C99_005762
NNNNNN	V3C99_005764
NNNNNN	V3C99_005767
NNNNNN	V3C99_005768
dnj-4	V3C99_005769
csn-2	V3C99_005773
B0025.4	V3C99_005774
vps-34	V3C99_005775
NNNNNN	V3C99_005776
NNNNNN	V3C99_005776
rbmx-2	V3C99_005778
ego-2	V3C99_005780
myrf-1	V3C99_005782
pdi-6	V3C99_005783
F53F10.8	V3C99_005784
icmt-1	V3C99_005786
M01E11.1	V3C99_005786
NNNNNN	V3C99_005787
lmn-1	V3C99_005788
C04F12.8	V3C99_005790
NNNNNN	V3C99_005791
mctp-1	V3C99_005792
lfe-2	V3C99_005794
aex-3	V3C99_005795
gopc-1	V3C99_005796
NNNNNN	V3C99_005797
NNNNNN	V3C99_005797
F33H2.2	V3C99_005798
pat-10	V3C99_005800
gtl-2	V3C99_005801
cdc-73	V3C99_005802
hsp-16.41	V3C99_005804
hsp-16.48	V3C99_005804
hsp-16.49	V3C99_005804
NNNNNN	V3C99_005806
NNNNNN	V3C99_005807
pigc-1	V3C99_005808
NNNNNN	V3C99_005809
NNNNNN	V3C99_005810
mab-20	V3C99_005812
NNNNNN	V3C99_005813
F07A5.4	V3C99_005815
NNNNNN	V3C99_005816
unc-15	V3C99_005817
C27F2.10	V3C99_005820
trpp-10	V3C99_005821
hex-4	V3C99_005822
Y51F10.4	V3C99_005823
NNNNNN	V3C99_005827
aex-3	V3C99_005831
ech-1.1	V3C99_005832
ech-1.2	V3C99_005832
suro-1	V3C99_005834
NNNNNN	V3C99_005836
B0511.7	V3C99_005839
cpx-1	V3C99_005839
dnc-6	V3C99_005840
npp-12	V3C99_005844
Y54E10A.11	V3C99_005845
NNNNNN	V3C99_005847
acp-2	V3C99_005848
crn-7	V3C99_005849
F13G3.10	V3C99_005850
dhc-1	V3C99_005851
dom-3	V3C99_005856
W01A8.8	V3C99_005863
W01A8.2	V3C99_005864
NNNNNN	V3C99_005865
NNNNNN	V3C99_005870
usp-14	V3C99_005874
NNNNNN	V3C99_005877
gld-2	V3C99_005879
NNNNNN	V3C99_005880
NNNNNN	V3C99_005880
NNNNNN	V3C99_005880
NNNNNN	V3C99_005880
NNNNNN	V3C99_005880
NNNNNN	V3C99_005880
NNNNNN	V3C99_005880
NNNNNN	V3C99_005880
NNNNNN	V3C99_005880
Y69F12A.1	V3C99_005885
pcp-2	V3C99_005887
pcp-3	V3C99_005887
iars-2	V3C99_005890
NNNNNN	V3C99_005891
nola-3	V3C99_005892
fath-1	V3C99_005893
ceh-12	V3C99_005895
W09C5.1	V3C99_005896
unc-59	V3C99_005897
NNNNNN	V3C99_005898
NNNNNN	V3C99_005898
NNNNNN	V3C99_005900
wts-1	V3C99_005901
lin-59	V3C99_005912
pck-2	V3C99_005913
Y92H12BL.1	V3C99_005914
Y92H12BL.5	V3C99_005914
gly-2	V3C99_005916
lem-3	V3C99_005917
NNNNNN	V3C99_005919
Y69F12A.1	V3C99_005921
Y69F12A.1	V3C99_005922
ZK970.8	V3C99_005924
ZK970.8	V3C99_005925
kal-1	V3C99_005926
NNNNNN	V3C99_005976
NNNNNN	V3C99_005976
cdk-7	V3C99_005977
T19A6.1	V3C99_005978
ser-5	V3C99_005979
nepr-1	V3C99_005980
ngp-1	V3C99_005981
NNNNNN	V3C99_005983
NNNNNN	V3C99_005983
NNNNNN	V3C99_005983
ntr-1	V3C99_005987
mod-5	V3C99_006008
Y54E10BR.2	V3C99_006010
pde-6	V3C99_006014
NNNNNN	V3C99_006015
ben-1	V3C99_006017
tbb-1	V3C99_006017
tbb-2	V3C99_006017
pdpr-1	V3C99_006019
NNNNNN	V3C99_006020
B0205.4	V3C99_006021
hprt-1	V3C99_006030
riok-2	V3C99_006031
NNNNNN	V3C99_006032
NNNNNN	V3C99_006033
sur-6	V3C99_006034
amx-2	V3C99_006043
pigo-1	V3C99_006044
tres-1	V3C99_006046
rpoa-49	V3C99_006047
nfyc-1	V3C99_006048
vps-28	V3C99_006049
eipr-1	V3C99_006050
Y87G2A.13	V3C99_006051
agef-1	V3C99_006052
mat-1	V3C99_006054
oaz-1	V3C99_006055
Y54E10BR.4	V3C99_006056
rnf-126	V3C99_006057
sec-11	V3C99_006058
rpb-7	V3C99_006059
amx-2	V3C99_006060
NNNNNN	V3C99_006069
sem-2	V3C99_006070
NNNNNN	V3C99_006075
NNNNNN	V3C99_006076
NNNNNN	V3C99_006078
NNNNNN	V3C99_006079
rpl-7	V3C99_006080
rab-11.1	V3C99_006081
NNNNNN	V3C99_006082
gcy-28	V3C99_006084
ZC328.3	V3C99_006090
rps-7	V3C99_006094
NNNNNN	V3C99_006097
rig-5	V3C99_006100
NNNNNN	V3C99_006102
dlk-1	V3C99_006103
otub-2	V3C99_006104
NNNNNN	V3C99_006106
NNNNNN	V3C99_006107
asah-1	V3C99_006110
pgp-2	V3C99_006117
czw-1	V3C99_006119
gly-16	V3C99_006121
gly-17	V3C99_006121
gly-18	V3C99_006121
gly-19	V3C99_006121
ath-1	V3C99_006122
pign-1	V3C99_006125
arx-7	V3C99_006126
coq-4	V3C99_006127
F13G3.6	V3C99_006128
ttx-7	V3C99_006129
dylt-1	V3C99_006130
hrpr-1	V3C99_006134
lin-44	V3C99_006144
NNNNNN	V3C99_006145
NNNNNN	V3C99_006148
NNNNNN	V3C99_006149
NNNNNN	V3C99_006150
acr-11	V3C99_006154
F54C1.1	V3C99_006158
NNNNNN	V3C99_006159
NNNNNN	V3C99_006159
NNNNNN	V3C99_006159
D1007.4	V3C99_006161
tmem-39	V3C99_006162
rps-10	V3C99_006163
rpl-24.1	V3C99_006164
NNNNNN	V3C99_006167
NNNNNN	V3C99_006168
ddo-1	V3C99_006169
NNNNNN	V3C99_006169
ubc-16	V3C99_006170
let-49	V3C99_006171
nrd-1	V3C99_006172
NNNNNN	V3C99_006173
chp-1	V3C99_006178
NNNNNN	V3C99_006180
NNNNNN	V3C99_006180
cku-70	V3C99_006183
pola-1	V3C99_006184
cln-3.2	V3C99_006185
eif-1	V3C99_006191
pigb-1	V3C99_006192
rps-17	V3C99_006193
C48E7.6	V3C99_006194
NNNNNN	V3C99_006195
vps-45	V3C99_006196
cogc-6	V3C99_006197
pole-1	V3C99_006198
Y55F3BR.1	V3C99_006202
NNNNNN	V3C99_006204
pigv-1	V3C99_006206
gcy-28	V3C99_006213
K02F3.12	V3C99_006214
F45H10.2	V3C99_006220
R07E4.3	V3C99_006220
ndua-7	V3C99_006221
unc-29	V3C99_006222
unc-29	V3C99_006223
NNNNNN	V3C99_006224
NNNNNN	V3C99_006225
unc-29	V3C99_006226
unc-29	V3C99_006227
tgs-1	V3C99_006232
let-381	V3C99_006233
F27C1.11	V3C99_006234
mtcu-1	V3C99_006235
sur-2	V3C99_006236
NNNNNN	V3C99_006237
NNNNNN	V3C99_006238
NNNNNN	V3C99_006239
tyms-1	V3C99_006240
acin-1	V3C99_006257
uba-5	V3C99_006258
T03F1.12	V3C99_006259
uba-5	V3C99_006260
T03F1.12	V3C99_006261
Y48B6A.1	V3C99_006262
nars-1	V3C99_006278
ftn-1	V3C99_006284
ftn-2	V3C99_006284
Y51H4A.13	V3C99_006286
Y24D9B.1	V3C99_006286
C54G6.2	V3C99_006287
tfbm-1	V3C99_006305
guk-1	V3C99_006308
NNNNNN	V3C99_006310
mgl-2	V3C99_006317
cox-19	V3C99_006321
NNNNNN	V3C99_006322
ctf-8	V3C99_006323
pigu-1	V3C99_006324
T22C1.1	V3C99_006325
let-754	V3C99_006326
gpaa-1	V3C99_006331
tars-1	V3C99_006339
lim-9	V3C99_006340
kcnl-2	V3C99_006341
NNNNNN	V3C99_006342
glc-2	V3C99_006343
cpsf-2	V3C99_006344
Y57A10A.26	V3C99_006345
ccm-3	V3C99_006347
npr-14	V3C99_006349
nhr-85	V3C99_006350
B0041.5	V3C99_006351
NNNNNN	V3C99_006354
ccb-1	V3C99_006357
cye-1	V3C99_006359
C37A2.6	V3C99_006360
C37A2.7	V3C99_006361
NNNNNN	V3C99_006362
NNNNNN	V3C99_006364
mec-6	V3C99_006365
poml-2	V3C99_006366
poml-4	V3C99_006366
poml-3	V3C99_006366
akir-1	V3C99_006367
dph-6	V3C99_006368
F27C1.2	V3C99_006371
prpf-4	V3C99_006373
nduf-6	V3C99_006374
smp-2	V3C99_006376
nmrk-1	V3C99_006377
nmrk-1	V3C99_006380
NNNNNN	V3C99_006382
F25H2.6	V3C99_006383
ndk-1	V3C99_006384
snx-27	V3C99_006386
tli-1	V3C99_006387
ubc-25	V3C99_006388
tlf-1	V3C99_006389
NNNNNN	V3C99_006390
unc-108	V3C99_006396
mpc-2	V3C99_006396
T10E9.14	V3C99_006398
nuo-2	V3C99_006399
eak-7	V3C99_006400
hsb-1	V3C99_006401
dli-1	V3C99_006402
crml-1	V3C99_006403
fecl-1	V3C99_006404
hpo-11	V3C99_006405
NNNNNN	V3C99_006406
elpc-4	V3C99_006410
kbrl-1	V3C99_006411
mafr-1	V3C99_006413
B0511.6	V3C99_006414
arch-1	V3C99_006415
mks-6	V3C99_006417
mks-6	V3C99_006419
scrm-4	V3C99_006420
scrm-1	V3C99_006420
scrm-3	V3C99_006420
gpx-5	V3C99_006421
tep-1	V3C99_006423
pad-1	V3C99_006429
car-1	V3C99_006430
scpl-1	V3C99_006435
unc-18	V3C99_006438
NNNNNN	V3C99_006441
acr-19	V3C99_006442
cogc-3	V3C99_006443
nxt-1	V3C99_006444
trap-1	V3C99_006448
ifa-3	V3C99_006451
mua-6	V3C99_006451
F36F2.1	V3C99_006452
rbpl-1	V3C99_006454
fcp-1	V3C99_006455
syx-7	V3C99_006456
Y105E8A.25	V3C99_006457
erh-1	V3C99_006458
rme-8	V3C99_006459
NNNNNN	V3C99_006460
NNNNNN	V3C99_006461
hum-1	V3C99_006462
nath-10	V3C99_006463
sul-1	V3C99_006464
NNNNNN	V3C99_006466
NNNNNN	V3C99_006466
NNNNNN	V3C99_006467
NNNNNN	V3C99_006467
NNNNNN	V3C99_006468
NNNNNN	V3C99_006468
ddx-27	V3C99_006471
NNNNNN	V3C99_006472
aho-3	V3C99_006475
cdc-48.3	V3C99_006476
NNNNNN	V3C99_006477
NNNNNN	V3C99_006478
NNNNNN	V3C99_006479
daf-16	V3C99_006481
rbm-12	V3C99_006484
Y106G6D.5	V3C99_006485
plag-15	V3C99_006487
hlh-2	V3C99_006488
NNNNNN	V3C99_006494
NNNNNN	V3C99_006495
NNNNNN	V3C99_006495
NNNNNN	V3C99_006495
NNNNNN	V3C99_006495
NNNNNN	V3C99_006495
NNNNNN	V3C99_006495
NNNNNN	V3C99_006499
endu-1	V3C99_006501
NNNNNN	V3C99_006505
gld-4	V3C99_006506
nduf-7	V3C99_006507
gei-17	V3C99_006508
mef-2	V3C99_006509
chaf-1	V3C99_006512
NNNNNN	V3C99_006513
F56C11.3	V3C99_006515
lpd-6	V3C99_006516
rbm-5	V3C99_006517
tin-44	V3C99_006518
NNNNNN	V3C99_006520
K11D2.1	V3C99_006524
air-2	V3C99_006530
haf-9	V3C99_006531
pycr-1	V3C99_006534
nstp-2	V3C99_006536
fkb-5	V3C99_006538
hecd-1	V3C99_006539
NNNNNN	V3C99_006540
NNNNNN	V3C99_006542
NNNNNN	V3C99_006543
NNNNNN	V3C99_006544
arf-5	V3C99_006545
NNNNNN	V3C99_006547
Y5F2A.4	V3C99_006550
atg-7	V3C99_006552
let-70	V3C99_006553
F11A10.6	V3C99_006557
mig-32	V3C99_006559
cpsf-4	V3C99_006560
prcc-1	V3C99_006561
npp-19	V3C99_006563
mec-10	V3C99_006564
rig-4	V3C99_006568
F13B12.1	V3C99_006571
pkg-2	V3C99_006572
NNNNNN	V3C99_006575
ent-4	V3C99_006581
szy-2	V3C99_006582
paqr-2	V3C99_006583
NNNNNN	V3C99_006584
NNNNNN	V3C99_006585
NNNNNN	V3C99_006587
NNNNNN	V3C99_006588
zipt-15	V3C99_006590
coa-5	V3C99_006591
Y50D4A.4	V3C99_006592
apc-11	V3C99_006593
Y51H4A.15	V3C99_006594
sta-1	V3C99_006595
NNNNNN	V3C99_006596
NNNNNN	V3C99_006596
NNNNNN	V3C99_006603
mcm-2	V3C99_006604
NNNNNN	V3C99_006605
NNNNNN	V3C99_006605
NNNNNN	V3C99_006607
Y37A1A.4	V3C99_006609
ubc-8	V3C99_006613
Y54G2A.18	V3C99_006614
ubc-13	V3C99_006615
manf-1	V3C99_006616
bcc-1	V3C99_006618
ent-4	V3C99_006620
C08G9.2	V3C99_006626
NNNNNN	V3C99_006630
NNNNNN	V3C99_006631
nfu-1	V3C99_006632
mask-1	V3C99_006633
NNNNNN	V3C99_006635
sqv-1	V3C99_006636
aagr-1	V3C99_006640
NNNNNN	V3C99_006651
NNNNNN	V3C99_006658
fkb-5	V3C99_006663
gspd-1	V3C99_006666
pfd-4	V3C99_006667
pgp-9	V3C99_006669
NNNNNN	V3C99_006670
NNNNNN	V3C99_006670
NNNNNN	V3C99_006671
NNNNNN	V3C99_006671
NNNNNN	V3C99_006673
NNNNNN	V3C99_006674
dhs-9	V3C99_006675
impt-1	V3C99_006676
impt-1	V3C99_006677
rsp-6	V3C99_006678
disl-2	V3C99_006678
deb-1	V3C99_006680
ccdc-12	V3C99_006682
ZC477.3	V3C99_006685
Y69A2AR.18	V3C99_006686
Y69A2AR.16	V3C99_006687
NNNNNN	V3C99_006689
ngn-1	V3C99_006708
mdf-2	V3C99_006709
dnj-11	V3C99_006710
mlt-3	V3C99_006711
pmp-5	V3C99_006712
Y57G11C.22	V3C99_006713
drp-1	V3C99_006714
ari-2	V3C99_006716
swd-2.2	V3C99_006725
hcf-1	V3C99_006726
sfrp-1	V3C99_006727
hcf-1	V3C99_006728
sfrp-1	V3C99_006729
NNNNNN	V3C99_006730
NNNNNN	V3C99_006730
NNNNNN	V3C99_006730
NNNNNN	V3C99_006732
NNNNNN	V3C99_006732
NNNNNN	V3C99_006734
NNNNNN	V3C99_006735
NNNNNN	V3C99_006736
NNNNNN	V3C99_006736
F46F11.10	V3C99_006738
H35B03.2	V3C99_006739
dpl-1	V3C99_006740
afmd-1	V3C99_006741
gstk-2	V3C99_006742
glb-34	V3C99_006744
NNNNNN	V3C99_006759
NNNNNN	V3C99_006759
NNNNNN	V3C99_006759
NNNNNN	V3C99_006761
gcy-37	V3C99_006762
C54E4.5	V3C99_006763
NNNNNN	V3C99_006764
exc-9	V3C99_006768
NNNNNN	V3C99_006775
C29E4.12	V3C99_006776
kle-2	V3C99_006777
rfc-3	V3C99_006778
NNNNNN	V3C99_006782
NNNNNN	V3C99_006784
Y119D3B.14	V3C99_006785
NNNNNN	V3C99_006786
NNNNNN	V3C99_006787
NNNNNN	V3C99_006790
rpt-3	V3C99_006792
cpf-2	V3C99_006793
semi-1	V3C99_006794
mec-3	V3C99_006795
gly-20	V3C99_006797
NNNNNN	V3C99_006802
magu-4	V3C99_006803
NNNNNN	V3C99_006805
cmk-1	V3C99_006806
NNNNNN	V3C99_006808
egl-4	V3C99_006809
sars-1	V3C99_006811
NNNNNN	V3C99_006813
Y17G9B.8	V3C99_006818
Y17G9B.5	V3C99_006819
rpl-20	V3C99_006820
cyc-2.1	V3C99_006821
mbf-1	V3C99_006822
catp-8	V3C99_006823
skih-2	V3C99_006824
NNNNNN	V3C99_006825
NNNNNN	V3C99_006827
cla-1	V3C99_006828
nol-10	V3C99_006829
NNNNNN	V3C99_006832
F07C6.4	V3C99_006833
NNNNNN	V3C99_006834
F07C6.4	V3C99_006835
NNNNNN	V3C99_006836
Y43E12A.2	V3C99_006838
unc-31	V3C99_006839
NNNNNN	V3C99_006840
NNNNNN	V3C99_006856
NNNNNN	V3C99_006877
NNNNNN	V3C99_006878
NNNNNN	V3C99_006879
NNNNNN	V3C99_006879
NNNNNN	V3C99_006880
NNNNNN	V3C99_006881
cdc-50.B	V3C99_006883
klp-11	V3C99_006886
pyk-2	V3C99_006887
NNNNNN	V3C99_006898
NNNNNN	V3C99_006898
NNNNNN	V3C99_006898
NNNNNN	V3C99_006899
NNNNNN	V3C99_006899
NNNNNN	V3C99_006899
clec-48	V3C99_006908
NNNNNN	V3C99_006908
NNNNNN	V3C99_006908
D2045.5	V3C99_006909
F25H8.2	V3C99_006910
yars-2	V3C99_006911
cif-1	V3C99_006912
NNNNNN	V3C99_006913
NNNNNN	V3C99_006916
best-8	V3C99_006928
best-21	V3C99_006931
vab-2	V3C99_006934
vab-2	V3C99_006938
gpa-4	V3C99_006940
gpa-16	V3C99_006940
NNNNNN	V3C99_006950
sav-1	V3C99_006951
C17H12.2	V3C99_006952
ggtb-1	V3C99_006953
lin-1	V3C99_006954
mksr-2	V3C99_006955
vha-11	V3C99_006956
vha-2	V3C99_006957
vha-3	V3C99_006957
F52B11.2	V3C99_006958
cfp-1	V3C99_006959
ccar-1	V3C99_006960
txdc-12.1	V3C99_006962
NNNNNN	V3C99_006964
lst-4	V3C99_006968
NNNNNN	V3C99_006969
NNNNNN	V3C99_006969
NNNNNN	V3C99_006969
NNNNNN	V3C99_006969
NNNNNN	V3C99_006969
NNNNNN	V3C99_006970
NNNNNN	V3C99_006970
NNNNNN	V3C99_006970
NNNNNN	V3C99_006970
NNNNNN	V3C99_006970
ilcr-1	V3C99_006971
ZK596.2	V3C99_006981
NNNNNN	V3C99_006982
NNNNNN	V3C99_006982
NNNNNN	V3C99_006982
NNNNNN	V3C99_006982
NNNNNN	V3C99_006982
NNNNNN	V3C99_006982
NNNNNN	V3C99_006982
NNNNNN	V3C99_006982
NNNNNN	V3C99_006983
NNNNNN	V3C99_006984
F02E9.7	V3C99_006985
NNNNNN	V3C99_006986
NNNNNN	V3C99_006989
alg-1	V3C99_006990
alg-2	V3C99_006990
NNNNNN	V3C99_006991
NNNNNN	V3C99_006991
K07F5.12	V3C99_006992
NNNNNN	V3C99_006993
ZK185.2	V3C99_007002
NNNNNN	V3C99_007003
vps-52	V3C99_007005
cdf-1	V3C99_007007
slmp-1	V3C99_007008
NNNNNN	V3C99_007011
NNNNNN	V3C99_007012
wapl-1	V3C99_007013
htz-1	V3C99_007014
chat-1	V3C99_007015
gpn-1	V3C99_007017
bre-1	V3C99_007019
gmd-2	V3C99_007019
nstp-1	V3C99_007020
pdzd-8	V3C99_007022
sir-2.1	V3C99_007024
NNNNNN	V3C99_007026
NNNNNN	V3C99_007026
NNNNNN	V3C99_007027
NNNNNN	V3C99_007031
NNNNNN	V3C99_007033
NNNNNN	V3C99_007033
NNNNNN	V3C99_007034
NNNNNN	V3C99_007034
M176.9	V3C99_007035
R11E3.1	V3C99_007035
T06C10.3	V3C99_007035
NNNNNN	V3C99_007037
NNNNNN	V3C99_007041
ceh-5	V3C99_007043
cyb-3	V3C99_007044
him-1	V3C99_007045
NNNNNN	V3C99_007046
NNNNNN	V3C99_007048
W08E12.7	V3C99_007049
Y76B12C.3	V3C99_007051
NNNNNN	V3C99_007054
NNNNNN	V3C99_007054
NNNNNN	V3C99_007055
NNNNNN	V3C99_007055
NNNNNN	V3C99_007055
NNNNNN	V3C99_007055
NNNNNN	V3C99_007055
NNNNNN	V3C99_007055
NNNNNN	V3C99_007056
NNNNNN	V3C99_007056
NNNNNN	V3C99_007056
NNNNNN	V3C99_007056
NNNNNN	V3C99_007056
NNNNNN	V3C99_007056
NNNNNN	V3C99_007057
NNNNNN	V3C99_007057
NNNNNN	V3C99_007057
NNNNNN	V3C99_007057
NNNNNN	V3C99_007057
NNNNNN	V3C99_007057
ncbp-2	V3C99_007059
ndua-5	V3C99_007060
NNNNNN	V3C99_007062
NNNNNN	V3C99_007062
Y11D7A.3	V3C99_007063
Y11D7A.3	V3C99_007064
NNNNNN	V3C99_007066
ugt-62	V3C99_007069
NNNNNN	V3C99_007070
NNNNNN	V3C99_007071
NNNNNN	V3C99_007073
NNNNNN	V3C99_007075
gtf-2E1	V3C99_007084
eelo-2	V3C99_007085
ubc-1	V3C99_007090
dpy-28	V3C99_007091
NNNNNN	V3C99_007093
NNNNNN	V3C99_007099
NNNNNN	V3C99_007102
NNNNNN	V3C99_007122
C47E12.3	V3C99_007144
mcu-1	V3C99_007144
NNNNNN	V3C99_007145
haf-6	V3C99_007146
dnj-21	V3C99_007152
sep-1	V3C99_007153
ZK430.5	V3C99_007153
elt-1	V3C99_007154
aat-1	V3C99_007156
C01B10.9	V3C99_007158
C01B10.8	V3C99_007159
C01B10.3	V3C99_007160
psr-1	V3C99_007161
ubc-9	V3C99_007162
F11A10.5	V3C99_007163
mon-2	V3C99_007164
M18.3	V3C99_007165
NNNNNN	V3C99_007166
NNNNNN	V3C99_007167
exc-5	V3C99_007169
unc-129	V3C99_007170
NNNNNN	V3C99_007172
NNNNNN	V3C99_007176
NNNNNN	V3C99_007177
eppl-1	V3C99_007180
Y37E11AR.7	V3C99_007181
NNNNNN	V3C99_007182
R05H5.3	V3C99_007183
spr-2	V3C99_007185
dpy-21	V3C99_007186
NNNNNN	V3C99_007187
NNNNNN	V3C99_007187
NNNNNN	V3C99_007187
NNNNNN	V3C99_007187
NNNNNN	V3C99_007188
NNNNNN	V3C99_007188
NNNNNN	V3C99_007188
NNNNNN	V3C99_007188
C52G5.2	V3C99_007193
T25B9.1	V3C99_007204
Y62E10A.13	V3C99_007208
ugt-22	V3C99_007209
ugt-23	V3C99_007209
ugt-21	V3C99_007209
ugt-24	V3C99_007209
ugt-19	V3C99_007209
ugt-20	V3C99_007209
ugt-22	V3C99_007211
ugt-23	V3C99_007211
ugt-21	V3C99_007211
ugt-24	V3C99_007211
ugt-19	V3C99_007211
ugt-20	V3C99_007211
ugt-22	V3C99_007213
ugt-23	V3C99_007213
ugt-21	V3C99_007213
ugt-24	V3C99_007213
ugt-19	V3C99_007213
ugt-20	V3C99_007213
ugt-22	V3C99_007214
ugt-23	V3C99_007214
ugt-21	V3C99_007214
ugt-24	V3C99_007214
ugt-19	V3C99_007214
ugt-20	V3C99_007214
ugt-22	V3C99_007216
ugt-23	V3C99_007216
ugt-21	V3C99_007216
ugt-24	V3C99_007216
ugt-19	V3C99_007216
ugt-20	V3C99_007216
NNNNNN	V3C99_007217
NNNNNN	V3C99_007223
NNNNNN	V3C99_007224
dcap-1	V3C99_007226
dnj-1	V3C99_007227
Y24F12A.1	V3C99_007229
Y37H2A.1	V3C99_007229
NNNNNN	V3C99_007230
ceh-53	V3C99_007234
NNNNNN	V3C99_007235
F53H1.3	V3C99_007236
tin-9.1	V3C99_007238
NNNNNN	V3C99_007239
vha-7	V3C99_007241
NNNNNN	V3C99_007243
pfkb-1.2	V3C99_007244
unc-44	V3C99_007245
cmtr-2	V3C99_007248
NNNNNN	V3C99_007252
NNNNNN	V3C99_007253
C46G7.1	V3C99_007254
smap-1	V3C99_007255
NNNNNN	V3C99_007257
cav-1	V3C99_007258
NNNNNN	V3C99_007280
snf-11	V3C99_007281
ZC513.2	V3C99_007282
NNNNNN	V3C99_007288
NNNNNN	V3C99_007288
NNNNNN	V3C99_007288
NNNNNN	V3C99_007289
NNNNNN	V3C99_007289
NNNNNN	V3C99_007289
NNNNNN	V3C99_007292
NNNNNN	V3C99_007292
NNNNNN	V3C99_007292
NNNNNN	V3C99_007293
NNNNNN	V3C99_007293
NNNNNN	V3C99_007293
lpd-3	V3C99_007295
NNNNNN	V3C99_007297
NNNNNN	V3C99_007297
NNNNNN	V3C99_007308
NNNNNN	V3C99_007311
rpn-7	V3C99_007312
NNNNNN	V3C99_007313
plx-1	V3C99_007316
NNNNNN	V3C99_007318
NNNNNN	V3C99_007318
NNNNNN	V3C99_007320
tbc-20	V3C99_007323
syx-6	V3C99_007323
Y45F10D.7	V3C99_007325
acox-3	V3C99_007326
T25B9.9	V3C99_007329
inpp-1	V3C99_007330
swt-3	V3C99_007331
swt-1	V3C99_007350
thk-1	V3C99_007351
rad-51	V3C99_007352
ebax-1	V3C99_007353
bbs-2	V3C99_007354
NNNNNN	V3C99_007355
NNNNNN	V3C99_007361
NNNNNN	V3C99_007361
NNNNNN	V3C99_007361
NNNNNN	V3C99_007361
NNNNNN	V3C99_007361
NNNNNN	V3C99_007361
NNNNNN	V3C99_007361
NNNNNN	V3C99_007361
NNNNNN	V3C99_007361
NNNNNN	V3C99_007361
NNNNNN	V3C99_007361
NNNNNN	V3C99_007361
NNNNNN	V3C99_007361
NNNNNN	V3C99_007361
NNNNNN	V3C99_007361
NNNNNN	V3C99_007361
NNNNNN	V3C99_007361
NNNNNN	V3C99_007361
NNNNNN	V3C99_007361
NNNNNN	V3C99_007361
NNNNNN	V3C99_007361
NNNNNN	V3C99_007361
NNNNNN	V3C99_007361
NNNNNN	V3C99_007361
NNNNNN	V3C99_007361
NNNNNN	V3C99_007363
frm-5.1	V3C99_007372
frm-5.2	V3C99_007372
NNNNNN	V3C99_007373
rbm-34	V3C99_007374
repo-1	V3C99_007375
lex-1	V3C99_007376
NNNNNN	V3C99_007379
ppgn-1	V3C99_007385
mks-1	V3C99_007389
pxmp-4	V3C99_007394
NNNNNN	V3C99_007395
NNNNNN	V3C99_007397
Y39B6A.27	V3C99_007400
B0554.5	V3C99_007400
Y39D8A.1	V3C99_007400
ZK6.6	V3C99_007400
ZK6.8	V3C99_007400
NNNNNN	V3C99_007406
NNNNNN	V3C99_007406
NNNNNN	V3C99_007408
NNNNNN	V3C99_007410
NNNNNN	V3C99_007413
NNNNNN	V3C99_007414
prmt-9	V3C99_007415
rps-11	V3C99_007418
sir-2.4	V3C99_007420
F58B3.4	V3C99_007421
mars-1	V3C99_007422
NNNNNN	V3C99_007426
hrpf-2	V3C99_007427
smg-3	V3C99_007428
NNNNNN	V3C99_007429
NNNNNN	V3C99_007434
cyn-10	V3C99_007437
NNNNNN	V3C99_007440
NNNNNN	V3C99_007448
tes-1	V3C99_007450
NNNNNN	V3C99_007452
NNNNNN	V3C99_007453
NNNNNN	V3C99_007454
orc-5	V3C99_007459
lias-1	V3C99_007460
NNNNNN	V3C99_007461
NNNNNN	V3C99_007462
hil-2	V3C99_007463
hil-3	V3C99_007463
hil-6	V3C99_007463
his-24	V3C99_007463
NNNNNN	V3C99_007468
lhfp-4	V3C99_007470
hsp-1	V3C99_007471
snr-1	V3C99_007475
snx-13	V3C99_007476
Y116A8C.25	V3C99_007477
NNNNNN	V3C99_007479
C34E10.10	V3C99_007481
prx-3	V3C99_007482
hrpl-1	V3C99_007483
psmd-9	V3C99_007484
slc-25A32	V3C99_007485
nuaf-3	V3C99_007487
prx-14	V3C99_007488
slc-25A32	V3C99_007491
NNNNNN	V3C99_007492
nuaf-3	V3C99_007493
prx-14	V3C99_007494
asm-2	V3C99_007502
NNNNNN	V3C99_007505
NNNNNN	V3C99_007509
NNNNNN	V3C99_007511
NNNNNN	V3C99_007512
NNNNNN	V3C99_007512
NNNNNN	V3C99_007513
NNNNNN	V3C99_007513
NNNNNN	V3C99_007514
NNNNNN	V3C99_007515
mboa-6	V3C99_007516
NNNNNN	V3C99_007522
T26G10.1	V3C99_007523
fat-6	V3C99_007524
fat-7	V3C99_007524
NNNNNN	V3C99_007525
hst-1	V3C99_007526
snrp-3	V3C99_007527
pole-2	V3C99_007528
F19C7.8	V3C99_007531
C53B4.3	V3C99_007536
swsn-6	V3C99_007537
ZK616.3	V3C99_007538
ZK616.2	V3C99_007539
ugt-61	V3C99_007540
zag-1	V3C99_007545
NNNNNN	V3C99_007546
jac-1	V3C99_007548
NNNNNN	V3C99_007549
NNNNNN	V3C99_007549
NNNNNN	V3C99_007549
NNNNNN	V3C99_007549
fmi-1	V3C99_007551
NNNNNN	V3C99_007554
NNNNNN	V3C99_007556
sqd-1	V3C99_007557
lsm-8	V3C99_007558
blos-2	V3C99_007560
gon-1	V3C99_007561
vha-17	V3C99_007562
F49C12.12	V3C99_007563
F49C12.11	V3C99_007564
NNNNNN	V3C99_007565
rpn-7	V3C99_007566
NNNNNN	V3C99_007567
pqbp-1.1	V3C99_007568
spl-1	V3C99_007569
NNNNNN	V3C99_007570
ddx-46	V3C99_007572
pat-6	V3C99_007573
NNNNNN	V3C99_007574
NNNNNN	V3C99_007574
NNNNNN	V3C99_007574
NNNNNN	V3C99_007574
cwn-2	V3C99_007577
npr-3	V3C99_007585
rad-26	V3C99_007589
NNNNNN	V3C99_007594
F25G6.8	V3C99_007595
best-8	V3C99_007596
nadk-1	V3C99_007598
NNNNNN	V3C99_007599
NNNNNN	V3C99_007600
F13B12.2	V3C99_007601
mrpl-2	V3C99_007602
NNNNNN	V3C99_007603
F56B3.11	V3C99_007604
eel-1	V3C99_007605
mei-1	V3C99_007606
ZK892.4	V3C99_007607
C24A3.4	V3C99_007607
NNNNNN	V3C99_007609
NNNNNN	V3C99_007609
NNNNNN	V3C99_007609
NNNNNN	V3C99_007609
NNNNNN	V3C99_007610
NNNNNN	V3C99_007610
NNNNNN	V3C99_007610
NNNNNN	V3C99_007610
NNNNNN	V3C99_007613
NNNNNN	V3C99_007613
NNNNNN	V3C99_007613
NNNNNN	V3C99_007613
NNNNNN	V3C99_007615
NNNNNN	V3C99_007615
NNNNNN	V3C99_007615
NNNNNN	V3C99_007615
NNNNNN	V3C99_007616
NNNNNN	V3C99_007616
NNNNNN	V3C99_007616
NNNNNN	V3C99_007616
NNNNNN	V3C99_007627
NNNNNN	V3C99_007658
NNNNNN	V3C99_007658
NNNNNN	V3C99_007658
NNNNNN	V3C99_007658
tsen-2	V3C99_007661
ndab-1	V3C99_007662
NNNNNN	V3C99_007663
nape-1	V3C99_007663
NNNNNN	V3C99_007664
nape-1	V3C99_007664
smgl-2	V3C99_007665
NNNNNN	V3C99_007667
NNNNNN	V3C99_007668
homt-1	V3C99_007669
NNNNNN	V3C99_007673
NNNNNN	V3C99_007674
pas-5	V3C99_007676
lact-9	V3C99_007678
iscu-1	V3C99_007679
NNNNNN	V3C99_007680
qns-1	V3C99_007681
tram-1	V3C99_007682
rsf-1	V3C99_007685
D2089.8	V3C99_007687
elo-3	V3C99_007688
mdt-22	V3C99_007691
NNNNNN	V3C99_007692
samt-1	V3C99_007693
NNNNNN	V3C99_007695
ric-8	V3C99_007696
NNNNNN	V3C99_007697
NNNNNN	V3C99_007699
NNNNNN	V3C99_007700
tax-6	V3C99_007702
NNNNNN	V3C99_007703
rga-5	V3C99_007704
ncbp-2	V3C99_007705
ncbp-2	V3C99_007706
Y67H2A.7	V3C99_007707
C24F3.2	V3C99_007708
NNNNNN	V3C99_007709
cka-1	V3C99_007710
NNNNNN	V3C99_007720
NNNNNN	V3C99_007720
NNNNNN	V3C99_007721
NNNNNN	V3C99_007723
ndnf-1	V3C99_007725
NNNNNN	V3C99_007726
mtq-2	V3C99_007727
NNNNNN	V3C99_007728
NNNNNN	V3C99_007729
F49C5.4	V3C99_007731
hyl-1	V3C99_007732
osm-3	V3C99_007733
NNNNNN	V3C99_007734
ugt-45	V3C99_007737
C27D8.1	V3C99_007739
Y39G8C.2	V3C99_007739
F53C3.1	V3C99_007739
ugt-45	V3C99_007741
pho-8	V3C99_007748
vps-11	V3C99_007750
set-14	V3C99_007751
rrp-8	V3C99_007752
nog-1	V3C99_007753
ddi-1	V3C99_007754
eri-1	V3C99_007755
T07A9.12	V3C99_007756
T12B3.1	V3C99_007758
mob-3	V3C99_007759
T12B3.1	V3C99_007760
pitr-1	V3C99_007762
egl-19	V3C99_007763
Y38F2AR.3	V3C99_007764
tftc-1	V3C99_007765
NNNNNN	V3C99_007768
xdh-1	V3C99_007776
dpy-22	V3C99_007778
NNNNNN	V3C99_007780
NNNNNN	V3C99_007781
fat-6	V3C99_007782
fat-7	V3C99_007782
scav-1	V3C99_007785
NNNNNN	V3C99_007786
NNNNNN	V3C99_007786
NNNNNN	V3C99_007787
NNNNNN	V3C99_007789
NNNNNN	V3C99_007789
NNNNNN	V3C99_007792
che-6	V3C99_007799
cng-2	V3C99_007799
NNNNNN	V3C99_007803
NNNNNN	V3C99_007805
NNNNNN	V3C99_007814
NNNNNN	V3C99_007814
NNNNNN	V3C99_007814
NNNNNN	V3C99_007815
NNNNNN	V3C99_007818
NNNNNN	V3C99_007818
NNNNNN	V3C99_007818
NNNNNN	V3C99_007818
glct-4	V3C99_007819
glct-5	V3C99_007819
glct-2	V3C99_007819
glct-1	V3C99_007819
glct-3	V3C99_007819
glct-6	V3C99_007819
NNNNNN	V3C99_007822
NNNNNN	V3C99_007823
NNNNNN	V3C99_007833
NNNNNN	V3C99_007834
NNNNNN	V3C99_007837
dld-1	V3C99_007839
Y57G11A.4	V3C99_007840
tag-273	V3C99_007841
taf-6.1	V3C99_007842
wbp-4	V3C99_007844
taf-13	V3C99_007845
NNNNNN	V3C99_007848
NNNNNN	V3C99_007848
lmp-2	V3C99_007859
NNNNNN	V3C99_007860
NNNNNN	V3C99_007861
NNNNNN	V3C99_007863
vps-26	V3C99_007864
NNNNNN	V3C99_007866
NNNNNN	V3C99_007867
dgk-4	V3C99_007868
acdh-13	V3C99_007870
dhs-13	V3C99_007878
NNNNNN	V3C99_007880
NNNNNN	V3C99_007880
NNNNNN	V3C99_007881
NNNNNN	V3C99_007881
NNNNNN	V3C99_007882
NNNNNN	V3C99_007882
nuc-1	V3C99_007886
gtf-2H4	V3C99_007888
ntl-11	V3C99_007888
NNNNNN	V3C99_007889
NNNNNN	V3C99_007892
zoo-1	V3C99_007899
nrfl-1	V3C99_007903
otpl-1	V3C99_007906
otpl-1	V3C99_007910
epg-9	V3C99_007911
NNNNNN	V3C99_007913
T12G3.4	V3C99_007914
ccr-4	V3C99_007916
sec-24.2	V3C99_007917
wdr-46	V3C99_007918
ugt-47	V3C99_007919
ugt-46	V3C99_007919
ugt-48	V3C99_007919
NNNNNN	V3C99_007920
rps-25	V3C99_007921
gex-3	V3C99_007922
NNNNNN	V3C99_007923
NNNNNN	V3C99_007925
NNNNNN	V3C99_007928
cdh-5	V3C99_007929
Y37A1A.3	V3C99_007931
gbb-2	V3C99_007937
rfth-1	V3C99_007938
sar-1	V3C99_007941
prdx-6	V3C99_007942
suox-1	V3C99_007944
mca-3	V3C99_007945
ssu-2	V3C99_007947
sucl-1	V3C99_007948
C53D6.4	V3C99_007949
sms-1	V3C99_007952
gba-3	V3C99_007956
ZK632.12	V3C99_007961
NNNNNN	V3C99_007962
C34H4.5	V3C99_007963
NNNNNN	V3C99_007971
NNNNNN	V3C99_007971
rpn-2	V3C99_007974
NNNNNN	V3C99_007977
NNNNNN	V3C99_007977
gon-4	V3C99_007979
mtm-6	V3C99_007982
NNNNNN	V3C99_007986
hrpu-1	V3C99_008002
micu-1	V3C99_008003
Y67H2A.2	V3C99_008004
NNNNNN	V3C99_008005
cpsf-3	V3C99_008006
unc-26	V3C99_008007
bus-12	V3C99_008010
NNNNNN	V3C99_008011
sec-61.A	V3C99_008012
rps-18	V3C99_008013
hhat-2	V3C99_008014
NNNNNN	V3C99_008015
eps-8	V3C99_008016
aass-1	V3C99_008023
K08E7.8	V3C99_008024
NNNNNN	V3C99_008025
NNNNNN	V3C99_008028
acr-25	V3C99_008029
NNNNNN	V3C99_008030
NNNNNN	V3C99_008032
cpin-1	V3C99_008033
znf-782	V3C99_008034
csn-4	V3C99_008036
cct-8	V3C99_008037
NNNNNN	V3C99_008040
cox-18	V3C99_008043
svh-1	V3C99_008044
aspm-1	V3C99_008047
qars-1	V3C99_008052
best-22	V3C99_008056
CC8.2	V3C99_008057
NNNNNN	V3C99_008058
csn-5	V3C99_008061
NNNNNN	V3C99_008062
NNNNNN	V3C99_008062
unc-36	V3C99_008072
NNNNNN	V3C99_008073
atln-1	V3C99_008075
pct-1	V3C99_008077
NNNNNN	V3C99_008080
egal-1	V3C99_008097
crld-1	V3C99_008098
NNNNNN	V3C99_008101
NNNNNN	V3C99_008102
NNNNNN	V3C99_008103
crld-1	V3C99_008105
pssy-1	V3C99_008106
NNNNNN	V3C99_008107
NNNNNN	V3C99_008108
NNNNNN	V3C99_008110
NNNNNN	V3C99_008113
NNNNNN	V3C99_008115
NNNNNN	V3C99_008116
NNNNNN	V3C99_008118
NNNNNN	V3C99_008118
NNNNNN	V3C99_008118
ent-7	V3C99_008121
NNNNNN	V3C99_008125
NNNNNN	V3C99_008129
NNNNNN	V3C99_008129
F35G2.1	V3C99_008131
marb-1	V3C99_008132
Y116A8C.9	V3C99_008133
Y116A8C.10	V3C99_008134
nstp-10	V3C99_008136
NNNNNN	V3C99_008138
gta-1	V3C99_008139
paqr-2	V3C99_008142
mspn-1	V3C99_008143
rack-1	V3C99_008144
pxf-1	V3C99_008145
icln-1	V3C99_008158
NNNNNN	V3C99_008160
NNNNNN	V3C99_008163
NNNNNN	V3C99_008167
NNNNNN	V3C99_008168
M04B2.2	V3C99_008169
NNNNNN	V3C99_008170
gfl-1	V3C99_008172
NNNNNN	V3C99_008174
slc-46A	V3C99_008181
NNNNNN	V3C99_008182
dpf-5	V3C99_008184
ubxn-6	V3C99_008186
eif-1.A	V3C99_008188
alp-1	V3C99_008197
NNNNNN	V3C99_008200
npp-23	V3C99_008202
M176.9	V3C99_008205
R11E3.1	V3C99_008205
T06C10.3	V3C99_008205
M176.9	V3C99_008206
R11E3.1	V3C99_008206
T06C10.3	V3C99_008206
Y54E2A.4	V3C99_008208
NNNNNN	V3C99_008209
sax-7	V3C99_008210
NNNNNN	V3C99_008212
F10G8.1	V3C99_008213
K07F5.8	V3C99_008213
C33H5.16	V3C99_008213
C55B7.3	V3C99_008213
NNNNNN	V3C99_008213
dyf-3	V3C99_008216
pdhb-1	V3C99_008217
dyf-3	V3C99_008218
NNNNNN	V3C99_008220
npr-32	V3C99_008222
wht-8	V3C99_008223
arf-6	V3C99_008227
wht-8	V3C99_008229
nrde-2	V3C99_008235
C34D4.4	V3C99_008236
rad-54.B	V3C99_008237
arf-6	V3C99_008238
arf-6	V3C99_008239
fahd-1	V3C99_008245
ZK688.9	V3C99_008247
sup-18	V3C99_008248
unc-82	V3C99_008249
amph-1	V3C99_008253
NNNNNN	V3C99_008254
phy-2	V3C99_008255
NNNNNN	V3C99_008261
NNNNNN	V3C99_008261
NNNNNN	V3C99_008261
NNNNNN	V3C99_008261
NNNNNN	V3C99_008262
klo-1	V3C99_008267
klo-2	V3C99_008267
acp-2	V3C99_008269
pab-1	V3C99_008271
vha-19	V3C99_008275
tpra-1	V3C99_008280
NNNNNN	V3C99_008283
fog-3	V3C99_008287
NNNNNN	V3C99_008292
ZK550.6	V3C99_008294
NNNNNN	V3C99_008297
NNNNNN	V3C99_008299
slc-9B.1	V3C99_008300
slc-9B.2	V3C99_008300
NNNNNN	V3C99_008303
F21D5.1	V3C99_008305
unc-43	V3C99_008306
F01G10.10	V3C99_008307
NNNNNN	V3C99_008309
wdfy-3	V3C99_008311
ift-74	V3C99_008314
ift-74	V3C99_008317
vab-15	V3C99_008318
NNNNNN	V3C99_008324
NNNNNN	V3C99_008326
NNNNNN	V3C99_008327
vha-12	V3C99_008328
fmo-1	V3C99_008333
fmo-2	V3C99_008333
hil-2	V3C99_008334
hil-3	V3C99_008334
hil-6	V3C99_008334
his-24	V3C99_008334
NNNNNN	V3C99_008335
lem-2	V3C99_008336
NNNNNN	V3C99_008343
NNNNNN	V3C99_008343
NNNNNN	V3C99_008343
NNNNNN	V3C99_008343
NNNNNN	V3C99_008343
NNNNNN	V3C99_008343
NNNNNN	V3C99_008343
NNNNNN	V3C99_008344
NNNNNN	V3C99_008344
NNNNNN	V3C99_008344
NNNNNN	V3C99_008344
NNNNNN	V3C99_008344
NNNNNN	V3C99_008344
NNNNNN	V3C99_008344
NNNNNN	V3C99_008345
NNNNNN	V3C99_008345
NNNNNN	V3C99_008345
NNNNNN	V3C99_008345
NNNNNN	V3C99_008345
NNNNNN	V3C99_008345
NNNNNN	V3C99_008345
miz-1	V3C99_008351
NNNNNN	V3C99_008358
NNNNNN	V3C99_008360
NNNNNN	V3C99_008361
hsp-12.3	V3C99_008363
hsp-12.6	V3C99_008363
NNNNNN	V3C99_008364
idh-1	V3C99_008366
F58H1.3	V3C99_008368
NNNNNN	V3C99_008369
spe-9	V3C99_008380
NNNNNN	V3C99_008381
NNNNNN	V3C99_008382
NNNNNN	V3C99_008383
NNNNNN	V3C99_008384
NNNNNN	V3C99_008385
nucb-1	V3C99_008386
jbts-14	V3C99_008387
NNNNNN	V3C99_008388
rps-24	V3C99_008389
F13H10.5	V3C99_008390
spt-5	V3C99_008393
fat-4	V3C99_008394
NNNNNN	V3C99_008396
NNNNNN	V3C99_008397
NNNNNN	V3C99_008398
NNNNNN	V3C99_008399
NNNNNN	V3C99_008401
NNNNNN	V3C99_008403
prx-2	V3C99_008404
rbm-17	V3C99_008405
acl-3	V3C99_008408
NNNNNN	V3C99_008412
melo-1	V3C99_008413
NNNNNN	V3C99_008417
arp-11	V3C99_008420
NNNNNN	V3C99_008422
NNNNNN	V3C99_008426
sel-5	V3C99_008427
NNNNNN	V3C99_008428
mogs-1	V3C99_008432
ndx-9	V3C99_008435
sec-61.B	V3C99_008436
tag-77	V3C99_008444
mes-6	V3C99_008447
cks-1	V3C99_008449
NNNNNN	V3C99_008450
tlp-1	V3C99_008452
tbc-3	V3C99_008454
best-13	V3C99_008455
cogc-8	V3C99_008456
fnta-1	V3C99_008457
ints-13	V3C99_008458
Y105C5B.9	V3C99_008459
M176.9	V3C99_008460
R11E3.1	V3C99_008460
T06C10.3	V3C99_008460
M176.9	V3C99_008463
R11E3.1	V3C99_008463
T06C10.3	V3C99_008463
F38A5.2	V3C99_008465
odr-8	V3C99_008466
nbet-1	V3C99_008467
NNNNNN	V3C99_008469
mtrf-1L	V3C99_008470
lam-1	V3C99_008471
rpl-39	V3C99_008474
C24D10.6	V3C99_008474
soc-2	V3C99_008479
lip-1	V3C99_008481
ceh-48	V3C99_008482
gex-2	V3C99_008485
Y57G11C.43	V3C99_008486
NNNNNN	V3C99_008487
NNNNNN	V3C99_008489
NNNNNN	V3C99_008490
NNNNNN	V3C99_008491
aman-1	V3C99_008494
pnp-1	V3C99_008499
nkb-2	V3C99_008502
NNNNNN	V3C99_008503
NNNNNN	V3C99_008504
NNNNNN	V3C99_008505
drd-1	V3C99_008506
F49E12.10	V3C99_008506
NNNNNN	V3C99_008512
NNNNNN	V3C99_008512
cho-1	V3C99_008513
pwp-1	V3C99_008514
tag-115	V3C99_008515
NNNNNN	V3C99_008516
ikb-1	V3C99_008517
NNNNNN	V3C99_008518
NNNNNN	V3C99_008518
NNNNNN	V3C99_008520
NNNNNN	V3C99_008522
NNNNNN	V3C99_008524
NNNNNN	V3C99_008530
vha-5	V3C99_008531
npp-20	V3C99_008532
tbce-1	V3C99_008534
daf-31	V3C99_008535
K07H8.2	V3C99_008535
NNNNNN	V3C99_008536
nas-8	V3C99_008537
sorb-1	V3C99_008541
NNNNNN	V3C99_008542
NNNNNN	V3C99_008544
NNNNNN	V3C99_008544
NNNNNN	V3C99_008546
NNNNNN	V3C99_008546
NNNNNN	V3C99_008548
rpl-7A	V3C99_008549
NNNNNN	V3C99_008551
tmem-231	V3C99_008552
plst-1	V3C99_008553
prkl-1	V3C99_008554
cfim-2	V3C99_008555
NNNNNN	V3C99_008557
C17H12.3	V3C99_008557
NNNNNN	V3C99_008557
snai-1	V3C99_008560
NNNNNN	V3C99_008562
NNNNNN	V3C99_008563
T26A8.4	V3C99_008564
NNNNNN	V3C99_008565
NNNNNN	V3C99_008567
NNNNNN	V3C99_008570
siah-1	V3C99_008572
NNNNNN	V3C99_008588
NNNNNN	V3C99_008592
NNNNNN	V3C99_008594
NNNNNN	V3C99_008595
NNNNNN	V3C99_008596
NNNNNN	V3C99_008597
NNNNNN	V3C99_008600
NNNNNN	V3C99_008601
NNNNNN	V3C99_008601
NNNNNN	V3C99_008601
NNNNNN	V3C99_008601
NNNNNN	V3C99_008601
NNNNNN	V3C99_008601
NNNNNN	V3C99_008601
cpsf-1	V3C99_008603
F42A6.6	V3C99_008605
hrpa-1	V3C99_008607
NNNNNN	V3C99_008608
NNNNNN	V3C99_008613
NNNNNN	V3C99_008616
plk-1	V3C99_008617
plk-2	V3C99_008617
NNNNNN	V3C99_008619
leo-1	V3C99_008621
Y77E11A.12	V3C99_008622
mrpl-46	V3C99_008623
ech-5	V3C99_008624
mdt-20	V3C99_008626
spl-3	V3C99_008627
NNNNNN	V3C99_008628
C09E9.1	V3C99_008629
NNNNNN	V3C99_008631
plc-4	V3C99_008632
vdac-1	V3C99_008633
NNNNNN	V3C99_008634
NNNNNN	V3C99_008639
bris-1	V3C99_008640
cal-3	V3C99_008641
NNNNNN	V3C99_008643
nhr-8	V3C99_008644
mrps-24	V3C99_008645
mrps-24	V3C99_008646
NNNNNN	V3C99_008647
NNNNNN	V3C99_008649
F37C4.6	V3C99_008652
lag-1	V3C99_008653
lag-1	V3C99_008655
hlh-30	V3C99_008662
NNNNNN	V3C99_008663
nhr-67	V3C99_008667
C36A4.4	V3C99_008668
pfd-1	V3C99_008669
F01G4.6	V3C99_008670
pigq-1	V3C99_008671
wht-2	V3C99_008672
imp-2	V3C99_008673
NNNNNN	V3C99_008674
wht-2	V3C99_008675
enpl-1	V3C99_008676
NNNNNN	V3C99_008677
NNNNNN	V3C99_008683
NNNNNN	V3C99_008683
tat-2	V3C99_008684
NNNNNN	V3C99_008686
fic-1	V3C99_008687
lgg-2	V3C99_008688
lsm-7	V3C99_008689
rbr-2	V3C99_008691
NNNNNN	V3C99_008692
smg-7	V3C99_008693
lin-45	V3C99_008694
NNNNNN	V3C99_008695
T07F12.2	V3C99_008696
F38B6.4	V3C99_008702
NNNNNN	V3C99_008705
NNNNNN	V3C99_008708
rho-1	V3C99_008711
gdi-1	V3C99_008715
coq-3	V3C99_008716
nuo-3	V3C99_008717
arl-8	V3C99_008718
unc-22	V3C99_008720
tsen-54	V3C99_008722
denn-4	V3C99_008723
jnk-1	V3C99_008727
NNNNNN	V3C99_008728
NNNNNN	V3C99_008729
NNNNNN	V3C99_008730
dpy-4	V3C99_008731
NNNNNN	V3C99_008735
nft-1	V3C99_008737
Y56A3A.22	V3C99_008738
trap-4	V3C99_008739
ccf-1	V3C99_008740
znf-593	V3C99_008741
atg-3	V3C99_008745
cyn-12	V3C99_008746
NNNNNN	V3C99_008747
NNNNNN	V3C99_008751
sand-1	V3C99_008754
F41H10.4	V3C99_008755
NNNNNN	V3C99_008756
nekl-3	V3C99_008759
gpx-7	V3C99_008760
NNNNNN	V3C99_008761
NNNNNN	V3C99_008762
NNNNNN	V3C99_008762
NNNNNN	V3C99_008762
hrpa-1	V3C99_008763
NNNNNN	V3C99_008764
hda-6	V3C99_008765
F41H10.5	V3C99_008766
NNNNNN	V3C99_008780
NNNNNN	V3C99_008788
let-92	V3C99_008790
NNNNNN	V3C99_008791
sec-24.1	V3C99_008792
F12F6.7	V3C99_008793
ipmk-1	V3C99_008794
ham-1	V3C99_008795
elks-1	V3C99_008796
tctn-1	V3C99_008797
NNNNNN	V3C99_008798
uba-1	V3C99_008800
trpa-1	V3C99_008801
NNNNNN	V3C99_008810
NNNNNN	V3C99_008811
Y38C1AA.1	V3C99_008814
coa-1	V3C99_008815
gfrp-1	V3C99_008816
csn-3	V3C99_008817
NNNNNN	V3C99_008818
gtf-2H1	V3C99_008819
sars-2	V3C99_008820
arle-14	V3C99_008823
srf-3	V3C99_008824
nstp-5	V3C99_008825
dnbp-1	V3C99_008828
rop-1	V3C99_008830
NNNNNN	V3C99_008831
mrp-7	V3C99_008832
Y73F8A.5	V3C99_008837
NNNNNN	V3C99_008838
dnc-4	V3C99_008839
NNNNNN	V3C99_008841
NNNNNN	V3C99_008842
famp-1	V3C99_008844
NNNNNN	V3C99_008845
nol-9	V3C99_008847
pik-1	V3C99_008848
tpa-1	V3C99_008850
sart-3	V3C99_008854
prp-18	V3C99_008855
Y67D8A.2	V3C99_008856
dmd-9	V3C99_008857
NNNNNN	V3C99_008858
fln-1	V3C99_008859
NNNNNN	V3C99_008862
NNNNNN	V3C99_008865
NNNNNN	V3C99_008865
sma-6	V3C99_008866
NNNNNN	V3C99_008868
NNNNNN	V3C99_008871
nduv-2	V3C99_008877
Y71F9AL.1	V3C99_008878
NNNNNN	V3C99_008881
Y37E11B.5	V3C99_008884
taf-2	V3C99_008885
blos-7	V3C99_008886
NNNNNN	V3C99_008887
map-1	V3C99_008888
unc-8	V3C99_008889
NNNNNN	V3C99_008890
W01B6.3	V3C99_008894
W01B6.3	V3C99_008898
F14D7.6	V3C99_008901
ZK550.2	V3C99_008901
T28C12.2	V3C99_008901
F14D7.6	V3C99_008903
ZK550.2	V3C99_008903
T28C12.2	V3C99_008903
NNNNNN	V3C99_008905
NNNNNN	V3C99_008906
C35B1.5	V3C99_008907
NNNNNN	V3C99_008909
acs-13	V3C99_008910
adm-2	V3C99_008913
NNNNNN	V3C99_008920
NNNNNN	V3C99_008920
NNNNNN	V3C99_008920
NNNNNN	V3C99_008920
best-24	V3C99_008921
NNNNNN	V3C99_008925
NNNNNN	V3C99_008928
F56A11.5	V3C99_008929
ant-1.1	V3C99_008933
ant-1.3	V3C99_008933
ant-1.4	V3C99_008933
NNNNNN	V3C99_008934
efn-4	V3C99_008935
NNNNNN	V3C99_008936
NNNNNN	V3C99_008937
NNNNNN	V3C99_008938
NNNNNN	V3C99_008943
nhr-41	V3C99_008949
NNNNNN	V3C99_008952
hgrs-1	V3C99_008953
wsp-1	V3C99_008954
nprt-1	V3C99_008956
atic-1	V3C99_008957
NNNNNN	V3C99_008959
ocr-3	V3C99_008960
ethe-1	V3C99_008968
acs-20	V3C99_008969
rps-23	V3C99_008971
dpm-3	V3C99_008972
ddr-2	V3C99_008973
NNNNNN	V3C99_008975
C55C3.1	V3C99_008976
NNNNNN	V3C99_008977
scav-4	V3C99_008995
magi-1	V3C99_008996
best-19	V3C99_008998
NNNNNN	V3C99_008999
NNNNNN	V3C99_009002
F21D5.5	V3C99_009003
mrps-33	V3C99_009004
F21D5.6	V3C99_009005
F21D5.7	V3C99_009005
NNNNNN	V3C99_009006
NNNNNN	V3C99_009007
NNNNNN	V3C99_009011
NNNNNN	V3C99_009029
NNNNNN	V3C99_009031
NNNNNN	V3C99_009031
glo-4	V3C99_009033
NNNNNN	V3C99_009034
mrt-1	V3C99_009050
NNNNNN	V3C99_009051
timm-17B.1	V3C99_009051
hoe-1	V3C99_009052
miro-1	V3C99_009054
F25H8.1	V3C99_009055
NNNNNN	V3C99_009058
NNNNNN	V3C99_009059
NNNNNN	V3C99_009060
snf-10	V3C99_009061
K07F5.15	V3C99_009065
NNNNNN	V3C99_009066
C50F2.5	V3C99_009066
zip-3	V3C99_009067
NNNNNN	V3C99_009069
gba-4	V3C99_009070
NNNNNN	V3C99_009072
NNNNNN	V3C99_009073
M03D4.4	V3C99_009074
ard-1	V3C99_009075
swsn-4	V3C99_009077
gtbp-1	V3C99_009078
ctf-18	V3C99_009079
NNNNNN	V3C99_009080
F38H4.5	V3C99_009083
NNNNNN	V3C99_009084
NNNNNN	V3C99_009089
NNNNNN	V3C99_009095
spo-11	V3C99_009096
NNNNNN	V3C99_009098
lsm-3	V3C99_009099
mdt-9	V3C99_009100
rrbs-1	V3C99_009101
NNNNNN	V3C99_009102
gcl-1	V3C99_009103
sams-5	V3C99_009119
sams-3	V3C99_009119
sams-4	V3C99_009119
NNNNNN	V3C99_009123
NNNNNN	V3C99_009124
mgl-3	V3C99_009125
NNNNNN	V3C99_009128
NNNNNN	V3C99_009129
NNNNNN	V3C99_009130
NNNNNN	V3C99_009132
NNNNNN	V3C99_009133
grld-1	V3C99_009134
tut-1	V3C99_009135
F58B3.6	V3C99_009136
xpc-1	V3C99_009139
alkb-1	V3C99_009141
lev-1	V3C99_009145
lev-1	V3C99_009146
NNNNNN	V3C99_009147
NNNNNN	V3C99_009147
egl-20	V3C99_009151
catp-6	V3C99_009153
NNNNNN	V3C99_009154
NNNNNN	V3C99_009155
NNNNNN	V3C99_009156
kdin-1	V3C99_009159
fkb-1	V3C99_009160
hmg-5	V3C99_009161
iars-1	V3C99_009162
NNNNNN	V3C99_009163
C06A12.3	V3C99_009164
Y38F2AR.12	V3C99_009167
NNNNNN	V3C99_009168
ZK822.5	V3C99_009171
unc-77	V3C99_009173
Y38H8A.4	V3C99_009174
tag-344	V3C99_009174
C27D6.11	V3C99_009174
Y38H8A.4	V3C99_009178
tag-344	V3C99_009178
C27D6.11	V3C99_009178
NNNNNN	V3C99_009182
NNNNNN	V3C99_009182
NNNNNN	V3C99_009182
NNNNNN	V3C99_009182
NNNNNN	V3C99_009183
NNNNNN	V3C99_009183
NNNNNN	V3C99_009184
NNNNNN	V3C99_009185
wnk-1	V3C99_009187
NNNNNN	V3C99_009189
NNNNNN	V3C99_009192
NNNNNN	V3C99_009193
NNNNNN	V3C99_009195
NNNNNN	V3C99_009196
tmem-145	V3C99_009198
erp-44.2	V3C99_009200
NNNNNN	V3C99_009203
NNNNNN	V3C99_009204
NNNNNN	V3C99_009204
NNNNNN	V3C99_009204
NNNNNN	V3C99_009204
NNNNNN	V3C99_009204
NNNNNN	V3C99_009204
NNNNNN	V3C99_009204
NNNNNN	V3C99_009204
NNNNNN	V3C99_009204
NNNNNN	V3C99_009204
NNNNNN	V3C99_009204
NNNNNN	V3C99_009206
NNNNNN	V3C99_009207
ndx-4	V3C99_009208
W09G3.7	V3C99_009209
vha-8	V3C99_009210
F40F4.7	V3C99_009211
algn-6	V3C99_009212
tald-1	V3C99_009213
NNNNNN	V3C99_009214
NNNNNN	V3C99_009217
NNNNNN	V3C99_009217
NNNNNN	V3C99_009218
NNNNNN	V3C99_009218
semo-1	V3C99_009219
NNNNNN	V3C99_009227
NNNNNN	V3C99_009227
NNNNNN	V3C99_009227
NNNNNN	V3C99_009228
NNNNNN	V3C99_009228
NNNNNN	V3C99_009228
NNNNNN	V3C99_009229
tag-30	V3C99_009230
NNNNNN	V3C99_009231
sucg-1	V3C99_009232
NNNNNN	V3C99_009233
pbs-1	V3C99_009234
NNNNNN	V3C99_009235
K08D12.3	V3C99_009236
rpi-2	V3C99_009237
NNNNNN	V3C99_009241
npp-1	V3C99_009242
K07F5.14	V3C99_009243
K07F5.16	V3C99_009244
nlr-1	V3C99_009245
M57.2	V3C99_009247
seld-1	V3C99_009248
NNNNNN	V3C99_009249
hars-1	V3C99_009250
rbm-22	V3C99_009251
NNNNNN	V3C99_009253
dsc-4	V3C99_009255
tag-322	V3C99_009257
tag-321	V3C99_009259
mtm-9	V3C99_009260
sec-10	V3C99_009261
NNNNNN	V3C99_009262
sulp-4	V3C99_009264
sulp-5	V3C99_009264
efn-2	V3C99_009265
prdh-1	V3C99_009268
act-2	V3C99_009271
kcc-2	V3C99_009272
mpst-2	V3C99_009273
mpst-3	V3C99_009273
cyk-4	V3C99_009274
rps-2	V3C99_009275
NNNNNN	V3C99_009279
dnj-14	V3C99_009280
NNNNNN	V3C99_009289
NNNNNN	V3C99_009289
NNNNNN	V3C99_009294
NNNNNN	V3C99_009294
NNNNNN	V3C99_009295
NNNNNN	V3C99_009296
srp-1	V3C99_009305
srp-2	V3C99_009305
srp-1	V3C99_009306
srp-1	V3C99_009309
srp-2	V3C99_009309
srp-1	V3C99_009310
srp-2	V3C99_009310
srp-1	V3C99_009312
srp-2	V3C99_009312
NNNNNN	V3C99_009314
agt-1	V3C99_009320
rla-2	V3C99_009321
Y62E10A.20	V3C99_009322
rab-19	V3C99_009323
emc-3	V3C99_009324
nprl-3	V3C99_009326
mau-8	V3C99_009327
Y62E10A.6	V3C99_009328
Y62E10A.24	V3C99_009329
mrpl-47	V3C99_009331
dis-3	V3C99_009334
egl-38	V3C99_009335
pax-2	V3C99_009335
NNNNNN	V3C99_009337
lpl-1	V3C99_009339
mrpl-42	V3C99_009339
copg-1	V3C99_009340
NNNNNN	V3C99_009341
NNNNNN	V3C99_009342
pps-1	V3C99_009343
fnip-2	V3C99_009344
NNNNNN	V3C99_009346
NNNNNN	V3C99_009347
NNNNNN	V3C99_009348
paqr-3	V3C99_009349
Y67A10A.7	V3C99_009350
NNNNNN	V3C99_009351
NNNNNN	V3C99_009353
NNNNNN	V3C99_009354
NNNNNN	V3C99_009358
NNNNNN	V3C99_009359
NNNNNN	V3C99_009362
NNNNNN	V3C99_009363
NNNNNN	V3C99_009364
gdh-1	V3C99_009365
tgt-1	V3C99_009366
NNNNNN	V3C99_009367
znf-207	V3C99_009368
tag-335	V3C99_009369
NNNNNN	V3C99_009370
rpl-34	V3C99_009371
ppm-1.H	V3C99_009372
gly-10	V3C99_009373
sek-1	V3C99_009374
rpl-18	V3C99_009375
best-7	V3C99_009377
NNNNNN	V3C99_009378
paqr-1	V3C99_009382
NNNNNN	V3C99_009383
W03F8.4	V3C99_009390
NNNNNN	V3C99_009392
ptpn-22	V3C99_009393
NNNNNN	V3C99_009394
aly-1	V3C99_009395
aly-2	V3C99_009395
aly-3	V3C99_009395
immp-2	V3C99_009396
Y55F3AM.5	V3C99_009398
lep-2	V3C99_009399
Y55F3AM.9	V3C99_009400
NNNNNN	V3C99_009401
fbl-1	V3C99_009402
lad-2	V3C99_009405
NNNNNN	V3C99_009406
ifta-2	V3C99_009407
ufd-1	V3C99_009408
F19B6.1	V3C99_009409
C26E6.12	V3C99_009410
NNNNNN	V3C99_009412
NNNNNN	V3C99_009413
unc-17	V3C99_009415
cha-1	V3C99_009416
NNNNNN	V3C99_009417
daf-15	V3C99_009419
rpl-12	V3C99_009420
lin-54	V3C99_009421
JC8.4	V3C99_009422
cox-11	V3C99_009423
JC8.7	V3C99_009424
ints-11	V3C99_009425
NNNNNN	V3C99_009428
NNNNNN	V3C99_009429
NNNNNN	V3C99_009430
NNNNNN	V3C99_009430
NNNNNN	V3C99_009431
nud-2	V3C99_009432
mcm-3AP	V3C99_009433
glb-14	V3C99_009434
glb-14	V3C99_009435
NNNNNN	V3C99_009438
NNNNNN	V3C99_009439
NNNNNN	V3C99_009439
nud-2	V3C99_009440
mcm-3AP	V3C99_009441
glb-14	V3C99_009442
glb-14	V3C99_009443
glb-14	V3C99_009444
T04A11.1	V3C99_009445
T04A11.2	V3C99_009445
T04A11.4	V3C99_009445
T04A11.5	V3C99_009445
R02D1.2	V3C99_009445
NNNNNN	V3C99_009449
NNNNNN	V3C99_009453
NNNNNN	V3C99_009453
anoh-2	V3C99_009454
Y57G11C.33	V3C99_009458
gtl-1	V3C99_009464
tatn-1	V3C99_009466
NNNNNN	V3C99_009469
spp-10	V3C99_009472
itsn-1	V3C99_009474
C06G3.8	V3C99_009475
NNNNNN	V3C99_009476
NNNNNN	V3C99_009477
rpn-1	V3C99_009479
ribo-1	V3C99_009481
T22D1.3	V3C99_009482
npr-12	V3C99_009485
NNNNNN	V3C99_009486
NNNNNN	V3C99_009486
NNNNNN	V3C99_009486
NNNNNN	V3C99_009486
NNNNNN	V3C99_009486
NNNNNN	V3C99_009486
NNNNNN	V3C99_009486
NNNNNN	V3C99_009486
NNNNNN	V3C99_009486
NNNNNN	V3C99_009486
NNNNNN	V3C99_009486
NNNNNN	V3C99_009487
fem-1	V3C99_009488
unc-5	V3C99_009489
NNNNNN	V3C99_009492
NNNNNN	V3C99_009493
rbm-39	V3C99_009494
NNNNNN	V3C99_009495
NNNNNN	V3C99_009496
NNNNNN	V3C99_009497
NNNNNN	V3C99_009497
NNNNNN	V3C99_009497
twf-2	V3C99_009498
nas-39	V3C99_009500
F38E9.1	V3C99_009501
inso-1	V3C99_009503
rpb-5	V3C99_009504
T20D3.6	V3C99_009505
NNNNNN	V3C99_009507
acox-1.1	V3C99_009513
acox-1.2	V3C99_009513
acox-1.3	V3C99_009513
acox-1.4	V3C99_009513
acox-1.1	V3C99_009514
acox-1.2	V3C99_009514
acox-1.3	V3C99_009514
acox-1.4	V3C99_009514
daf-10	V3C99_009520
NNNNNN	V3C99_009524
rbd-1	V3C99_009525
NNNNNN	V3C99_009526
NNNNNN	V3C99_009531
NNNNNN	V3C99_009537
asp-4	V3C99_009538
NNNNNN	V3C99_009545
scyl-1	V3C99_009547
rsp-6	V3C99_009548
NNNNNN	V3C99_009549
itr-1	V3C99_009556
NNNNNN	V3C99_009568
NNNNNN	V3C99_009569
NNNNNN	V3C99_009569
NNNNNN	V3C99_009569
NNNNNN	V3C99_009569
NNNNNN	V3C99_009569
NNNNNN	V3C99_009569
NNNNNN	V3C99_009574
NNNNNN	V3C99_009574
ifta-2	V3C99_009576
efa-6	V3C99_009581
unc-5	V3C99_009582
valv-1	V3C99_009583
T05A12.4	V3C99_009586
NNNNNN	V3C99_009588
hst-3.2	V3C99_009590
jip-1	V3C99_009607
NNNNNN	V3C99_009622
ZK795.3	V3C99_009627
ddb-1	V3C99_009628
NNNNNN	V3C99_009629
Y41D4A.4	V3C99_009630
Y41D4A.6	V3C99_009631
ric-3	V3C99_009633
cdgs-1	V3C99_009634
zgpa-1	V3C99_009635
dif-1	V3C99_009636
gem-4	V3C99_009645
nra-1	V3C99_009645
NNNNNN	V3C99_009647
let-60	V3C99_009648
ZK792.5	V3C99_009649
ZK792.4	V3C99_009650
NNNNNN	V3C99_009651
NNNNNN	V3C99_009656
NNNNNN	V3C99_009658
NNNNNN	V3C99_009659
exos-7	V3C99_009660
osm-9	V3C99_009663
pigs-1	V3C99_009664
tsp-12	V3C99_009665
Y73F8A.27	V3C99_009666
Y73F8A.26	V3C99_009667
F37B12.3	V3C99_009669
vha-15	V3C99_009670
pus-1	V3C99_009671
tmed-1	V3C99_009673
daf-1	V3C99_009674
col-99	V3C99_009675
NNNNNN	V3C99_009676
NNNNNN	V3C99_009677
NNNNNN	V3C99_009678
NNNNNN	V3C99_009679
NNNNNN	V3C99_009679
cogc-2	V3C99_009681
ufl-1	V3C99_009682
tyr-6	V3C99_009684
ost-1	V3C99_009685
mccc-1	V3C99_009686
lcmt-1	V3C99_009687
perm-3	V3C99_009687
exos-4.1	V3C99_009688
fask-1	V3C99_009689
B0564.2	V3C99_009691
best-1	V3C99_009692
best-2	V3C99_009692
unc-30	V3C99_009693
NNNNNN	V3C99_009696
NNNNNN	V3C99_009700
NNNNNN	V3C99_009700
NNNNNN	V3C99_009700
NNNNNN	V3C99_009700
NNNNNN	V3C99_009700
NNNNNN	V3C99_009700
C33A12.3	V3C99_009702
pezo-1	V3C99_009703
NNNNNN	V3C99_009705
NNNNNN	V3C99_009705
sec-31	V3C99_009706
NNNNNN	V3C99_009710
NNNNNN	V3C99_009710
NNNNNN	V3C99_009710
NNNNNN	V3C99_009710
NNNNNN	V3C99_009710
NNNNNN	V3C99_009710
NNNNNN	V3C99_009710
NNNNNN	V3C99_009710
NNNNNN	V3C99_009710
NNNNNN	V3C99_009710
NNNNNN	V3C99_009710
NNNNNN	V3C99_009714
R05G6.10	V3C99_009715
NNNNNN	V3C99_009716
acs-20	V3C99_009717
ethe-1	V3C99_009718
NNNNNN	V3C99_009719
NNNNNN	V3C99_009719
NNNNNN	V3C99_009719
NNNNNN	V3C99_009719
NNNNNN	V3C99_009719
NNNNNN	V3C99_009720
NNNNNN	V3C99_009720
NNNNNN	V3C99_009720
NNNNNN	V3C99_009720
NNNNNN	V3C99_009720
NNNNNN	V3C99_009721
NNNNNN	V3C99_009721
NNNNNN	V3C99_009721
NNNNNN	V3C99_009721
NNNNNN	V3C99_009721
zen-4	V3C99_009723
F52C12.2	V3C99_009725
F52C12.2	V3C99_009726
F52C12.6	V3C99_009727
tdpo-1	V3C99_009728
ulp-3	V3C99_009729
Y48A5A.1	V3C99_009730
Y48A5A.3	V3C99_009731
trxr-1	V3C99_009732
adah-1	V3C99_009733
NNNNNN	V3C99_009735
NNNNNN	V3C99_009736
Y59E9AL.4	V3C99_009746
NNNNNN	V3C99_009747
rig-6	V3C99_009748
NNNNNN	V3C99_009749
NNNNNN	V3C99_009750
NNNNNN	V3C99_009756
NNNNNN	V3C99_009757
NNNNNN	V3C99_009763
cnnm-1	V3C99_009771
parg-1	V3C99_009772
parg-2	V3C99_009772
NNNNNN	V3C99_009779
wee-1.3	V3C99_009780
cdk-1	V3C99_009781
NNNNNN	V3C99_009782
dlat-2	V3C99_009783
mrps-25	V3C99_009784
NNNNNN	V3C99_009784
abhd-14	V3C99_009789
snn-1	V3C99_009790
act-2	V3C99_009792
NNNNNN	V3C99_009793
NNNNNN	V3C99_009793
NNNNNN	V3C99_009793
NNNNNN	V3C99_009793
NNNNNN	V3C99_009793
NNNNNN	V3C99_009793
NNNNNN	V3C99_009793
NNNNNN	V3C99_009793
NNNNNN	V3C99_009793
NNNNNN	V3C99_009793
NNNNNN	V3C99_009793
NNNNNN	V3C99_009794
NNNNNN	V3C99_009794
NNNNNN	V3C99_009794
NNNNNN	V3C99_009794
NNNNNN	V3C99_009794
NNNNNN	V3C99_009794
NNNNNN	V3C99_009794
NNNNNN	V3C99_009794
NNNNNN	V3C99_009794
NNNNNN	V3C99_009794
NNNNNN	V3C99_009794
NNNNNN	V3C99_009795
NNNNNN	V3C99_009797
T11G6.2	V3C99_009799
T11G6.3	V3C99_009799
C50B6.9	V3C99_009800
alh-3	V3C99_009801
tkt-1	V3C99_009802
dnj-15	V3C99_009803
rnp-2	V3C99_009804
M18.6	V3C99_009805
mak-2	V3C99_009806
NNNNNN	V3C99_009807
ced-10	V3C99_009808
rac-2	V3C99_009808
tsg-101	V3C99_009809
unc-33	V3C99_009810
dhp-2	V3C99_009811
rrp-1	V3C99_009813
NNNNNN	V3C99_009814
NNNNNN	V3C99_009815
NNNNNN	V3C99_009818
gfat-1	V3C99_009819
gfat-2	V3C99_009819
ltah-1.2	V3C99_009824
ltah-1.1	V3C99_009825
C42C1.13	V3C99_009826
hpo-12	V3C99_009828
F47B8.10	V3C99_009829
C42C1.19	V3C99_009829
erl-1	V3C99_009830
tbc-9	V3C99_009833
NNNNNN	V3C99_009834
NNNNNN	V3C99_009835
kvs-5	V3C99_009836
ivd-1	V3C99_009837
NNNNNN	V3C99_009845
T13F2.2	V3C99_009847
pis-1	V3C99_009848
pis-1	V3C99_009849
NNNNNN	V3C99_009850
NNNNNN	V3C99_009851
NNNNNN	V3C99_009852
tni-4	V3C99_009854
ceh-36	V3C99_009855
NNNNNN	V3C99_009858
NNNNNN	V3C99_009859
NNNNNN	V3C99_009860
NNNNNN	V3C99_009865
NNNNNN	V3C99_009867
R05G6.9	V3C99_009868
NNNNNN	V3C99_009871
NNNNNN	V3C99_009872
maph-9	V3C99_009873
col-119	V3C99_009875
NNNNNN	V3C99_009875
NNNNNN	V3C99_009884
dnc-1	V3C99_009885
NNNNNN	V3C99_009899
NNNNNN	V3C99_009900
spat-1	V3C99_009902
C04H5.1	V3C99_009903
elo-2	V3C99_009904
NNNNNN	V3C99_009907
NNNNNN	V3C99_009908
NNNNNN	V3C99_009909
NNNNNN	V3C99_009910
mca-2	V3C99_009911
glt-3	V3C99_009912
NNNNNN	V3C99_009914
ipla-6	V3C99_009915
atgp-1	V3C99_009916
nish-1	V3C99_009934
F13E9.11	V3C99_009935
apa-2	V3C99_009940
NNNNNN	V3C99_009942
hmit-1.3	V3C99_009945
NNNNNN	V3C99_009946
NNNNNN	V3C99_009947
NNNNNN	V3C99_009959
NNNNNN	V3C99_009960
NNNNNN	V3C99_009961
NNNNNN	V3C99_009964
NNNNNN	V3C99_009967
NNNNNN	V3C99_009969
NNNNNN	V3C99_009970
ndua-12	V3C99_009973
ubxn-2	V3C99_009974
nhx-3	V3C99_009975
nhx-9	V3C99_009975
NNNNNN	V3C99_009976
NNNNNN	V3C99_009977
NNNNNN	V3C99_009979
NNNNNN	V3C99_009982
lron-2	V3C99_009984
NNNNNN	V3C99_009986
Y94H6A.7	V3C99_009987
Y94H6A.12	V3C99_009988
NNNNNN	V3C99_009989
NNNNNN	V3C99_009990
dyf-18	V3C99_009991
faah-2	V3C99_009992
faah-2	V3C99_009994
pmk-1	V3C99_009995
pmk-2	V3C99_009996
NNNNNN	V3C99_009997
NNNNNN	V3C99_009998
isp-1	V3C99_009999
sph-1	V3C99_010001
moc-3	V3C99_010003
ndub-11	V3C99_010004
ceph-41	V3C99_010005
pmp-4	V3C99_010006
NNNNNN	V3C99_010008
NNNNNN	V3C99_010024
NNNNNN	V3C99_010030
NNNNNN	V3C99_010030
NNNNNN	V3C99_010031
NNNNNN	V3C99_010031
NNNNNN	V3C99_010034
ced-5	V3C99_010045
NNNNNN	V3C99_010046
NNNNNN	V3C99_010047
egl-21	V3C99_010048
bgnt-1.1	V3C99_010049
Y37E11AM.3	V3C99_010050
NNNNNN	V3C99_010051
NNNNNN	V3C99_010052
NNNNNN	V3C99_010053
Y43C5A.2	V3C99_010056
C49C8.5	V3C99_010056
nac-3	V3C99_010057
NNNNNN	V3C99_010058
NNNNNN	V3C99_010060
NNNNNN	V3C99_010070
mttu-1	V3C99_010071
B0035.15	V3C99_010072
T18D3.9	V3C99_010073
NNNNNN	V3C99_010075
sul-3	V3C99_010076
NNNNNN	V3C99_010077
C10C5.3	V3C99_010078
C10C5.4	V3C99_010078
C10C5.5	V3C99_010078
C06A6.4	V3C99_010078
Y55D9A.2	V3C99_010079
C46C2.2	V3C99_010080
praf-3	V3C99_010082
nap-1	V3C99_010086
NNNNNN	V3C99_010089
K11H12.8	V3C99_010092
K11H12.1	V3C99_010093
rpl-15	V3C99_010094
NNNNNN	V3C99_010095
NNNNNN	V3C99_010101
NNNNNN	V3C99_010125
NNNNNN	V3C99_010126
NNNNNN	V3C99_010137
NNNNNN	V3C99_010139
NNNNNN	V3C99_010140
C50F7.6	V3C99_010141
usp-4	V3C99_010148
rpl-22	V3C99_010156
pyp-1	V3C99_010158
F11E6.8	V3C99_010161
NNNNNN	V3C99_010162
mel-46	V3C99_010163
map-2	V3C99_010164
NNNNNN	V3C99_010165
NNNNNN	V3C99_010179
set-23	V3C99_010180
ced-2	V3C99_010181
npp-8	V3C99_010182
NNNNNN	V3C99_010183
mppa-1	V3C99_010184
sfa-1	V3C99_010185
cyn-13	V3C99_010186
uaf-2	V3C99_010187
Y116A8C.30	V3C99_010189
NNNNNN	V3C99_010192
Y116A8C.27	V3C99_010193
NNNNNN	V3C99_010195
gkow-1	V3C99_010196
pinn-4	V3C99_010197
pgp-1	V3C99_010198
hst-3.2	V3C99_010200
NNNNNN	V3C99_010201
NNNNNN	V3C99_010201
NNNNNN	V3C99_010204
NNNNNN	V3C99_010208
NNNNNN	V3C99_010208
C03A3.3	V3C99_010216
C11D2.7	V3C99_010238
C11D2.4	V3C99_010239
NNNNNN	V3C99_010240
NNNNNN	V3C99_010246
klp-12	V3C99_010247
NNNNNN	V3C99_010248
lron-14	V3C99_010253
lem-4	V3C99_010257
tag-51	V3C99_010258
F13E6.1	V3C99_010259
NNNNNN	V3C99_010260
NNNNNN	V3C99_010261
uso-1	V3C99_010262
nstp-4	V3C99_010263
fezf-1	V3C99_010264
rpl-29	V3C99_010266
thoc-7	V3C99_010267
NNNNNN	V3C99_010269
NNNNNN	V3C99_010271
mppb-1	V3C99_010272
NNNNNN	V3C99_010273
nas-6	V3C99_010275
NNNNNN	V3C99_010276
ogdh-1	V3C99_010277
ogdh-1	V3C99_010278
NNNNNN	V3C99_010279
NNNNNN	V3C99_010281
NNNNNN	V3C99_010282
sulp-4	V3C99_010285
sulp-5	V3C99_010285
NNNNNN	V3C99_010287
NNNNNN	V3C99_010289
copb-2	V3C99_010290
osgn-1	V3C99_010293
clp-7	V3C99_010295
NNNNNN	V3C99_010298
mbk-2	V3C99_010299
NNNNNN	V3C99_010305
NNNNNN	V3C99_010305
NNNNNN	V3C99_010305
NNNNNN	V3C99_010305
NNNNNN	V3C99_010305
NNNNNN	V3C99_010305
NNNNNN	V3C99_010305
NNNNNN	V3C99_010305
NNNNNN	V3C99_010305
NNNNNN	V3C99_010305
NNNNNN	V3C99_010305
NNNNNN	V3C99_010306
NNNNNN	V3C99_010306
NNNNNN	V3C99_010306
NNNNNN	V3C99_010306
NNNNNN	V3C99_010306
NNNNNN	V3C99_010306
NNNNNN	V3C99_010306
NNNNNN	V3C99_010306
NNNNNN	V3C99_010306
NNNNNN	V3C99_010306
NNNNNN	V3C99_010306
NNNNNN	V3C99_010308
NNNNNN	V3C99_010308
NNNNNN	V3C99_010308
NNNNNN	V3C99_010308
NNNNNN	V3C99_010308
NNNNNN	V3C99_010308
NNNNNN	V3C99_010308
NNNNNN	V3C99_010308
NNNNNN	V3C99_010308
NNNNNN	V3C99_010308
NNNNNN	V3C99_010308
NNNNNN	V3C99_010310
NNNNNN	V3C99_010310
NNNNNN	V3C99_010310
NNNNNN	V3C99_010310
NNNNNN	V3C99_010310
NNNNNN	V3C99_010310
NNNNNN	V3C99_010310
NNNNNN	V3C99_010310
NNNNNN	V3C99_010310
NNNNNN	V3C99_010310
NNNNNN	V3C99_010310
NNNNNN	V3C99_010311
NNNNNN	V3C99_010311
NNNNNN	V3C99_010311
NNNNNN	V3C99_010311
NNNNNN	V3C99_010311
NNNNNN	V3C99_010311
NNNNNN	V3C99_010311
NNNNNN	V3C99_010311
NNNNNN	V3C99_010311
NNNNNN	V3C99_010311
NNNNNN	V3C99_010311
M02B1.3	V3C99_010316
test-1	V3C99_010317
NNNNNN	V3C99_010318
C49H3.3	V3C99_010321
xpo-3	V3C99_010322
NNNNNN	V3C99_010323
C49H3.4	V3C99_010324
ntl-4	V3C99_010325
npp-27	V3C99_010326
C49H3.6	V3C99_010328
rab-28	V3C99_010330
fkh-7	V3C99_010331
NNNNNN	V3C99_010332
NNNNNN	V3C99_010333
bec-1	V3C99_010334
skn-1	V3C99_010335
sknr-1	V3C99_010335
xpo-2	V3C99_010336
fcd-2	V3C99_010342
NNNNNN	V3C99_010345
NNNNNN	V3C99_010346
Y73B6BL.31	V3C99_010347
Y73B6BL.31	V3C99_010348
Y69A2AR.31	V3C99_010349
pcn-1	V3C99_010351
Y94H6A.5	V3C99_010353
NNNNNN	V3C99_010354
NNNNNN	V3C99_010355
hsp-3	V3C99_010357
hsp-4	V3C99_010357
tre-2	V3C99_010358
NNNNNN	V3C99_010360
R166.3	V3C99_010361
NNNNNN	V3C99_010362
NNNNNN	V3C99_010363
fat-3	V3C99_010365
pas-6	V3C99_010366
F13B12.6	V3C99_010367
rfk-1	V3C99_010368
R10H10.7	V3C99_010368
nfyb-1	V3C99_010369
gln-3	V3C99_010370
adk-1	V3C99_010370
hlh-17	V3C99_010371
hlh-31	V3C99_010371
hlh-32	V3C99_010371
NNNNNN	V3C99_010374
dph-3	V3C99_010375
dcaf-1	V3C99_010376
best-9	V3C99_010377
NNNNNN	V3C99_010378
NNNNNN	V3C99_010379
rabs-5	V3C99_010380
dcaf-1	V3C99_010381
dph-3	V3C99_010384
NNNNNN	V3C99_010385
NNNNNN	V3C99_010400
lelo-2	V3C99_010401
mys-1	V3C99_010406
plp-1	V3C99_010409
dgn-1	V3C99_010416
NNNNNN	V3C99_010417
daf-18	V3C99_010420
garr-1	V3C99_010421
NNNNNN	V3C99_010422
rpl-11.1	V3C99_010423
rpl-11.2	V3C99_010423
rap-1	V3C99_010424
F09E5.8	V3C99_010426
exos-4.2	V3C99_010427
dhs-30	V3C99_010432
T25G12.13	V3C99_010432
mrpl-1	V3C99_010436
F33D4.4	V3C99_010437
NNNNNN	V3C99_010441
cap-1	V3C99_010442
cyn-4	V3C99_010446
NNNNNN	V3C99_010447
NNNNNN	V3C99_010451
NNNNNN	V3C99_010454
NNNNNN	V3C99_010456
NNNNNN	V3C99_010459
NNNNNN	V3C99_010460
NNNNNN	V3C99_010462
NNNNNN	V3C99_010465
NNNNNN	V3C99_010466
tbc-14	V3C99_010468
mes-2	V3C99_010469
shc-2	V3C99_010470
vig-1	V3C99_010479
K05F1.6	V3C99_010480
NNNNNN	V3C99_010481
acly-2	V3C99_010482
acly-1	V3C99_010482
cchl-1	V3C99_010484
cox-15	V3C99_010485
moe-3	V3C99_010486
oma-2	V3C99_010486
gst-5	V3C99_010488
gst-6	V3C99_010488
gst-7	V3C99_010488
gst-8	V3C99_010488
gst-9	V3C99_010488
gst-30	V3C99_010488
gst-38	V3C99_010488
kin-4	V3C99_010489
vha-6	V3C99_010490
cnep-1	V3C99_010493
vha-6	V3C99_010494
T04A8.7	V3C99_010495
NNNNNN	V3C99_010500
NNNNNN	V3C99_010504
aakb-1	V3C99_010505
NNNNNN	V3C99_010507
hst-3.1	V3C99_010508
Y17G7B.17	V3C99_010512
pro-2	V3C99_010513
stip-1	V3C99_010515
flcn-1	V3C99_010517
dnj-20	V3C99_010519
ZK1307.8	V3C99_010520
NNNNNN	V3C99_010522
NNNNNN	V3C99_010523
C23H4.6	V3C99_010532
smc-6	V3C99_010532
ints-7	V3C99_010534
vab-23	V3C99_010536
ZK930.2	V3C99_010537
npr-41	V3C99_010539
ras-1	V3C99_010541
NNNNNN	V3C99_010542
msh-5	V3C99_010543
parn-2	V3C99_010544
tric-1B.1	V3C99_010545
tric-1B.2	V3C99_010546
sgn-1	V3C99_010551
F54C9.11	V3C99_010554
F28C6.8	V3C99_010555
spe-39	V3C99_010556
mab-10	V3C99_010558
ptc-3	V3C99_010569
smg-8	V3C99_010570
gpd-1	V3C99_010571
gpd-2	V3C99_010571
gpd-3	V3C99_010571
gpd-4	V3C99_010571
NNNNNN	V3C99_010572
spin-2	V3C99_010574
dab-1	V3C99_010575
NNNNNN	V3C99_010576
NNNNNN	V3C99_010577
F27D9.2	V3C99_010578
F27D9.2	V3C99_010582
F27D9.2	V3C99_010583
F27D9.2	V3C99_010584
NNNNNN	V3C99_010590
hsd-2	V3C99_010602
hsd-3	V3C99_010602
plpp-1.1	V3C99_010606
T07D4.2	V3C99_010617
pgam-5	V3C99_010618
npp-21	V3C99_010619
NNNNNN	V3C99_010620
NNNNNN	V3C99_010621
C55A6.3	V3C99_010623
C55A6.4	V3C99_010623
sdz-8	V3C99_010623
C55A6.6	V3C99_010623
C55A6.7	V3C99_010623
F20G2.1	V3C99_010623
NNNNNN	V3C99_010624
ZK177.8	V3C99_010627
ZK177.8	V3C99_010628
ZK177.8	V3C99_010629
alx-1	V3C99_010630
NNNNNN	V3C99_010632
NNNNNN	V3C99_010635
NNNNNN	V3C99_010638
F54A3.2	V3C99_010638
cct-3	V3C99_010639
F54A3.5	V3C99_010641
Y59C2A.1	V3C99_010642
ndub-3	V3C99_010643
sftd-3	V3C99_010644
NNNNNN	V3C99_010645
NNNNNN	V3C99_010646
pah-1	V3C99_010648
rhgf-2	V3C99_010649
cdc-48.1	V3C99_010650
cdc-48.2	V3C99_010650
mnk-1	V3C99_010651
NNNNNN	V3C99_010652
NNNNNN	V3C99_010653
NNNNNN	V3C99_010654
pmp-5	V3C99_010658
NNNNNN	V3C99_010659
NNNNNN	V3C99_010660
fzy-1	V3C99_010661
VM106R.1	V3C99_010662
mix-1	V3C99_010663
mpz-1	V3C99_010664
NNNNNN	V3C99_010666
pkc-3	V3C99_010667
xrn-1	V3C99_010670
lin-31	V3C99_010673
NNNNNN	V3C99_010674
mtr-4	V3C99_010675
NNNNNN	V3C99_010676
NNNNNN	V3C99_010679
NNNNNN	V3C99_010680
NNNNNN	V3C99_010681
pri-1	V3C99_010682
T24C4.5	V3C99_010682
F46C5.6	V3C99_010683
agxt-1	V3C99_010684
W02B12.1	V3C99_010685
rpoa-1	V3C99_010686
NNNNNN	V3C99_010689
NNNNNN	V3C99_010691
clr-1	V3C99_010692
fut-1	V3C99_010696
sro-1	V3C99_010699
NNNNNN	V3C99_010700
F13H8.11	V3C99_010711
NNNNNN	V3C99_010713
NNNNNN	V3C99_010714
F35C11.4	V3C99_010716
NNNNNN	V3C99_010716
sir-2.2	V3C99_010717
sir-2.3	V3C99_010717
NNNNNN	V3C99_010718
NNNNNN	V3C99_010719
NNNNNN	V3C99_010720
rpt-4	V3C99_010721
epi-1	V3C99_010722
F32D1.3	V3C99_010724
NNNNNN	V3C99_010726
F32D1.3	V3C99_010728
NNNNNN	V3C99_010732
ran-5	V3C99_010735
gldc-1	V3C99_010736
efhd-1	V3C99_010737
NNNNNN	V3C99_010738
mel-11	V3C99_010742
mel-11	V3C99_010744
NNNNNN	V3C99_010746
NNNNNN	V3C99_010747
dsh-1	V3C99_010748
NNNNNN	V3C99_010749
nmgp-1	V3C99_010751
NNNNNN	V3C99_010752
phb-2	V3C99_010753
Y48C3A.20	V3C99_010754
Y48C3A.14	V3C99_010755
lin-42	V3C99_010756
F53A10.2	V3C99_010757
spds-1	V3C99_010760
Y46G5A.18	V3C99_010762
cpt-1	V3C99_010763
alkb-7	V3C99_010764
K11C4.1	V3C99_010765
NNNNNN	V3C99_010767
NNNNNN	V3C99_010779
NNNNNN	V3C99_010781
NNNNNN	V3C99_010782
evl-20	V3C99_010784
eif-3.G	V3C99_010785
elof-1	V3C99_010788
Y54G11A.17	V3C99_010789
lin-7	V3C99_010790
Y54G11A.9	V3C99_010791
ddl-3	V3C99_010792
NNNNNN	V3C99_010793
rpl-36.A	V3C99_010796
hcp-6	V3C99_010797
ipla-1	V3C99_010808
coa-3	V3C99_010809
msra-1	V3C99_010810
insc-1	V3C99_010811
NNNNNN	V3C99_010812
ndub-8	V3C99_010815
ing-3	V3C99_010816
hda-10	V3C99_010817
NNNNNN	V3C99_010819
NNNNNN	V3C99_010819
cog-1	V3C99_010821
hda-5	V3C99_010823
patr-1	V3C99_010824
NNNNNN	V3C99_010825
eif-3.B	V3C99_010826
NNNNNN	V3C99_010827
NNNNNN	V3C99_010828
NNNNNN	V3C99_010830
klp-3	V3C99_010831
arrd-6	V3C99_010832
NNNNNN	V3C99_010833
NNNNNN	V3C99_010834
NNNNNN	V3C99_010837
NNNNNN	V3C99_010838
rpl-32	V3C99_010841
tag-151	V3C99_010847
Y53F4B.21	V3C99_010848
NNNNNN	V3C99_010849
NNNNNN	V3C99_010850
NNNNNN	V3C99_010851
jmjd-2	V3C99_010852
men-1	V3C99_010853
Y48B6A.13	V3C99_010855
pinn-1	V3C99_010856
NNNNNN	V3C99_010857
NNNNNN	V3C99_010858
mks-2	V3C99_010859
NNNNNN	V3C99_010860
trpp-5	V3C99_010861
polg-1	V3C99_010862
dnj-9	V3C99_010865
F11G11.5	V3C99_010866
npr-31	V3C99_010869
NNNNNN	V3C99_010871
fust-1	V3C99_010874
tdc-1	V3C99_010875
NNNNNN	V3C99_010878
NNNNNN	V3C99_010879
NNNNNN	V3C99_010880
NNNNNN	V3C99_010882
NNNNNN	V3C99_010882
dep-1	V3C99_010883
pink-1	V3C99_010885
brap-2	V3C99_010886
NNNNNN	V3C99_010887
aka-1	V3C99_010891
ubc-6	V3C99_010892
lin-61	V3C99_010893
NNNNNN	V3C99_010894
Y48C3A.18	V3C99_010896
piga-1	V3C99_010897
atg-10	V3C99_010898
vab-9	V3C99_010899
NNNNNN	V3C99_010900
NNNNNN	V3C99_010901
NNNNNN	V3C99_010902
NNNNNN	V3C99_010903
NNNNNN	V3C99_010904
eif-2Bepsilon	V3C99_010909
etc-1	V3C99_010910
gldi-7	V3C99_010911
srgp-1	V3C99_010913
C30B5.2	V3C99_010914
NNNNNN	V3C99_010916
hlh-6	V3C99_010917
B0334.4	V3C99_010919
metr-1	V3C99_010919
B0334.5	V3C99_010921
NNNNNN	V3C99_010922
spv-1	V3C99_010924
zipt-2.3	V3C99_010925
NNNNNN	V3C99_010926
NNNNNN	V3C99_010939
algn-3	V3C99_010940
cacn-1	V3C99_010941
NNNNNN	V3C99_010942
alh-7	V3C99_010943
NNNNNN	V3C99_010944
NNNNNN	V3C99_010946
NNNNNN	V3C99_010947
best-23	V3C99_010948
smc-3	V3C99_010949
vps-15	V3C99_010950
NNNNNN	V3C99_010951
pbs-6	V3C99_010954
laf-1	V3C99_010955
C54C6.6	V3C99_010957
otub-3	V3C99_010958
vhp-1	V3C99_010959
mig-5	V3C99_010960
cct-1	V3C99_010961
NNNNNN	V3C99_010962
eif-3.L	V3C99_010963
clec-87	V3C99_010966
clec-91	V3C99_010966
NNNNNN	V3C99_010966
clec-88	V3C99_010966
NNNNNN	V3C99_010969
suca-1	V3C99_010971
NNNNNN	V3C99_010975
R53.4	V3C99_010976
dtmk-1	V3C99_010977
egl-43	V3C99_010978
NNNNNN	V3C99_010979
B0432.8	V3C99_010980
trul-1	V3C99_010981
R06F6.8	V3C99_010982
NNNNNN	V3C99_010983
NNNNNN	V3C99_010983
NNNNNN	V3C99_010985
acr-14	V3C99_010986
NNNNNN	V3C99_010987
NNNNNN	V3C99_010989
srpa-72	V3C99_010991
cey-1	V3C99_010995
nmy-2	V3C99_010996
NNNNNN	V3C99_010998
gpcp-2	V3C99_011000
NNNNNN	V3C99_011005
mfsd-10	V3C99_011006
NNNNNN	V3C99_011007
ifb-1	V3C99_011011
dhcr-24	V3C99_011012
decr-1.1	V3C99_011015
suf-1	V3C99_011017
rpl-26	V3C99_011019
cpf-1	V3C99_011020
NNNNNN	V3C99_011021
pigg-1	V3C99_011022
prp-9	V3C99_011023
F22B5.10	V3C99_011025
fars-3	V3C99_011026
hacl-1	V3C99_011030
NNNNNN	V3C99_011033
W10D9.3	V3C99_011034
pole-4	V3C99_011035
oct-2	V3C99_011036
pch-2	V3C99_011037
ctns-1	V3C99_011038
F10B5.2	V3C99_011039
tub-1	V3C99_011040
tmem-138	V3C99_011041
gsy-1	V3C99_011042
C33F10.14	V3C99_011043
tub-1	V3C99_011045
tmem-138	V3C99_011046
C33F10.14	V3C99_011047
C33F10.14	V3C99_011048
dgk-5	V3C99_011050
NNNNNN	V3C99_011052
K02F3.2	V3C99_011053
hsp-16.41	V3C99_011055
hsp-16.48	V3C99_011055
hsp-16.49	V3C99_011055
klp-7	V3C99_011056
NNNNNN	V3C99_011057
nphp-1	V3C99_011058
NNNNNN	V3C99_011059
tsp-17	V3C99_011061
snu-13	V3C99_011062
rsp-7	V3C99_011063
mecr-1	V3C99_011064
mecr-1	V3C99_011065
ruvb-2	V3C99_011066
spsb-1	V3C99_011069
Y54G11A.2	V3C99_011071
tomm-40	V3C99_011072
NNNNNN	V3C99_011073
smc-5	V3C99_011077
NNNNNN	V3C99_011078
NNNNNN	V3C99_011079
cwn-1	V3C99_011080
NNNNNN	V3C99_011081
T24B8.7	V3C99_011082
chmp-7	V3C99_011083
C06A8.6	V3C99_011084
cki-2	V3C99_011085
NNNNNN	V3C99_011086
NNNNNN	V3C99_011087
NNNNNN	V3C99_011088
NNNNNN	V3C99_011093
B0252.3	V3C99_011097
asm-1	V3C99_011098
NNNNNN	V3C99_011102
NNNNNN	V3C99_011103
NNNNNN	V3C99_011104
NNNNNN	V3C99_011105
glt-1	V3C99_011106
zfp-2	V3C99_011107
zfp-2	V3C99_011109
NNNNNN	V3C99_011116
aly-1	V3C99_011118
aly-2	V3C99_011118
aly-3	V3C99_011118
NNNNNN	V3C99_011119
ptp-2	V3C99_011120
NNNNNN	V3C99_011121
NNNNNN	V3C99_011122
E02H1.1	V3C99_011126
snt-6	V3C99_011130
NNNNNN	V3C99_011131
mksr-1	V3C99_011135
F58F12.1	V3C99_011137
NNNNNN	V3C99_011139
tab-1	V3C99_011141
pfd-6	V3C99_011142
NNNNNN	V3C99_011144
K02C4.3	V3C99_011145
Y17G7B.18	V3C99_011146
NNNNNN	V3C99_011147
shk-1	V3C99_011148
aqp-10	V3C99_011149
clh-2	V3C99_011154
ndub-2	V3C99_011157
F44G4.1	V3C99_011158
ZK1127.5	V3C99_011160
rab-6.2	V3C99_011161
NNNNNN	V3C99_011162
NNNNNN	V3C99_011168
NNNNNN	V3C99_011169
NNNNNN	V3C99_011170
damt-1	V3C99_011171
zipt-3	V3C99_011172
C18A3.3	V3C99_011173
mrps-18.C	V3C99_011174
T14B4.1	V3C99_011175
NNNNNN	V3C99_011176
nfi-1	V3C99_011179
cpn-2	V3C99_011180
scc-2	V3C99_011182
F19C7.2	V3C99_011183
F19C7.4	V3C99_011183
tex-2	V3C99_011184
mks-5	V3C99_011185
rpl-30	V3C99_011187
C50D2.2	V3C99_011188
etr-1	V3C99_011189
col-77	V3C99_011190
vps-2	V3C99_011201
NNNNNN	V3C99_011205
NNNNNN	V3C99_011206
C07B5.4	V3C99_011207
enol-1	V3C99_011208
mrpl-50	V3C99_011209
aly-1	V3C99_011211
aly-2	V3C99_011211
aly-3	V3C99_011211
NNNNNN	V3C99_011212
chd-3	V3C99_011215
let-418	V3C99_011215
H20J04.4	V3C99_011218
pfd-2	V3C99_011219
scly-1	V3C99_011220
bpl-1	V3C99_011222
F13H8.2	V3C99_011223
NNNNNN	V3C99_011226
pisy-1	V3C99_011227
snrp-200	V3C99_011228
NNNNNN	V3C99_011229
NNNNNN	V3C99_011231
NNNNNN	V3C99_011233
NNNNNN	V3C99_011235
T06D8.2	V3C99_011237
malt-1	V3C99_011239
NNNNNN	V3C99_011240
ile-2	V3C99_011241
alh-8	V3C99_011242
mdt-31	V3C99_011243
C27D8.1	V3C99_011244
Y39G8C.2	V3C99_011244
F53C3.1	V3C99_011244
NNNNNN	V3C99_011251
frh-1	V3C99_011252
egl-44	V3C99_011255
vrk-1	V3C99_011256
vrk-1	V3C99_011257
egl-44	V3C99_011258
NNNNNN	V3C99_011261
top-2	V3C99_011263
ptr-20	V3C99_011265
NNNNNN	V3C99_011266
NNNNNN	V3C99_011268
top-2	V3C99_011270
Y48C3A.3	V3C99_011272
dph-5	V3C99_011273
mrpl-23	V3C99_011274
pigm-1	V3C99_011275
F18H3.1	V3C99_011276
rfip-1	V3C99_011280
Y57A10A.31	V3C99_011281
F59G1.4	V3C99_011282
F14E5.2	V3C99_011284
NNNNNN	V3C99_011287
NNNNNN	V3C99_011288
NNNNNN	V3C99_011289
arl-3	V3C99_011291
NNNNNN	V3C99_011292
pfs-2	V3C99_011295
mrpl-20	V3C99_011296
sam-10	V3C99_011297
sam-10	V3C99_011298
mac-1	V3C99_011299
imb-2	V3C99_011300
shw-1	V3C99_011301
vha-20	V3C99_011302
ran-3	V3C99_011303
C26D10.3	V3C99_011304
efl-3	V3C99_011307
NNNNNN	V3C99_011308
mth-2	V3C99_011309
NNNNNN	V3C99_011310
NNNNNN	V3C99_011313
D1069.3	V3C99_011314
NNNNNN	V3C99_011320
NNNNNN	V3C99_011321
abts-3	V3C99_011324
raga-1	V3C99_011325
saps-1	V3C99_011326
T01B7.5	V3C99_011327
NNNNNN	V3C99_011329
gpx-1	V3C99_011331
gpx-2	V3C99_011331
NNNNNN	V3C99_011332
NNNNNN	V3C99_011332
aakg-2	V3C99_011335
NNNNNN	V3C99_011338
NNNNNN	V3C99_011339
NNNNNN	V3C99_011339
NNNNNN	V3C99_011339
NNNNNN	V3C99_011339
NNNNNN	V3C99_011339
NNNNNN	V3C99_011339
NNNNNN	V3C99_011339
NNNNNN	V3C99_011339
NNNNNN	V3C99_011339
NNNNNN	V3C99_011339
NNNNNN	V3C99_011339
NNNNNN	V3C99_011341
NNNNNN	V3C99_011341
NNNNNN	V3C99_011341
NNNNNN	V3C99_011341
NNNNNN	V3C99_011341
NNNNNN	V3C99_011341
NNNNNN	V3C99_011341
NNNNNN	V3C99_011341
NNNNNN	V3C99_011341
NNNNNN	V3C99_011341
NNNNNN	V3C99_011341
NNNNNN	V3C99_011345
NNNNNN	V3C99_011345
NNNNNN	V3C99_011345
NNNNNN	V3C99_011345
NNNNNN	V3C99_011345
NNNNNN	V3C99_011345
NNNNNN	V3C99_011345
NNNNNN	V3C99_011345
NNNNNN	V3C99_011345
NNNNNN	V3C99_011345
NNNNNN	V3C99_011345
NNNNNN	V3C99_011346
NNNNNN	V3C99_011346
NNNNNN	V3C99_011346
NNNNNN	V3C99_011346
NNNNNN	V3C99_011346
NNNNNN	V3C99_011346
NNNNNN	V3C99_011346
NNNNNN	V3C99_011346
NNNNNN	V3C99_011346
NNNNNN	V3C99_011346
NNNNNN	V3C99_011346
NNNNNN	V3C99_011347
adal-1	V3C99_011350
NNNNNN	V3C99_011352
NNNNNN	V3C99_011353
rsp-4	V3C99_011355
ndx-6	V3C99_011356
npl-4.1	V3C99_011357
npl-4.2	V3C99_011357
rog-1	V3C99_011358
C25G4.2	V3C99_011359
dnj-13	V3C99_011360
F54D5.7	V3C99_011361
syd-1	V3C99_011362
gst-5	V3C99_011365
gst-6	V3C99_011365
gst-7	V3C99_011365
gst-8	V3C99_011365
gst-9	V3C99_011365
gst-30	V3C99_011365
gst-38	V3C99_011365
gst-5	V3C99_011366
gst-6	V3C99_011366
gst-7	V3C99_011366
gst-8	V3C99_011366
gst-9	V3C99_011366
gst-30	V3C99_011366
gst-38	V3C99_011366
NNNNNN	V3C99_011367
gst-5	V3C99_011368
gst-6	V3C99_011368
gst-7	V3C99_011368
gst-8	V3C99_011368
gst-9	V3C99_011368
gst-30	V3C99_011368
gst-38	V3C99_011368
gst-5	V3C99_011369
gst-6	V3C99_011369
gst-7	V3C99_011369
gst-8	V3C99_011369
gst-9	V3C99_011369
gst-30	V3C99_011369
gst-38	V3C99_011369
gst-5	V3C99_011370
gst-6	V3C99_011370
gst-7	V3C99_011370
gst-8	V3C99_011370
gst-9	V3C99_011370
gst-30	V3C99_011370
gst-38	V3C99_011370
gst-5	V3C99_011372
gst-6	V3C99_011372
gst-7	V3C99_011372
gst-8	V3C99_011372
gst-9	V3C99_011372
gst-30	V3C99_011372
gst-38	V3C99_011372
btbd-10	V3C99_011373
sft-1	V3C99_011375
NNNNNN	V3C99_011376
NNNNNN	V3C99_011377
paic-1	V3C99_011381
NNNNNN	V3C99_011388
NNNNNN	V3C99_011389
NNNNNN	V3C99_011390
NNNNNN	V3C99_011391
NNNNNN	V3C99_011392
hmgr-1	V3C99_011395
NNNNNN	V3C99_011398
mak-1	V3C99_011399
NNNNNN	V3C99_011400
rer-1	V3C99_011402
F46C5.9	V3C99_011403
sul-2	V3C99_011419
glr-4	V3C99_011423
NNNNNN	V3C99_011424
NNNNNN	V3C99_011424
R53.5	V3C99_011430
T02G5.7	V3C99_011431
kat-1	V3C99_011432
cnt-1	V3C99_011433
ippk-1	V3C99_011434
nadk-2	V3C99_011436
phdh-1	V3C99_011439
che-10	V3C99_011440
C05D12.1	V3C99_011441
T19D12.6	V3C99_011451
hum-6	V3C99_011454
NNNNNN	V3C99_011457
NNNNNN	V3C99_011461
NNNNNN	V3C99_011462
ador-1	V3C99_011463
myo-1	V3C99_011464
unc-54	V3C99_011464
emc-1	V3C99_011465
tag-65	V3C99_011466
unc-130	V3C99_011470
unc-130	V3C99_011476
NNNNNN	V3C99_011477
inf-1	V3C99_011480
cyn-11	V3C99_011481
rab-21	V3C99_011483
C47G2.4	V3C99_011484
atp-4	V3C99_011486
C47G2.3	V3C99_011487
shn-1	V3C99_011492
NNNNNN	V3C99_011495
nep-11	V3C99_011498
ephx-1	V3C99_011509
NNNNNN	V3C99_011511
NNNNNN	V3C99_011511
NNNNNN	V3C99_011513
ect-2	V3C99_011527
C15F1.1	V3C99_011529
unc-104	V3C99_011530
Y49F6B.2	V3C99_011530
gldi-1	V3C99_011533
asg-1	V3C99_011535
asg-2	V3C99_011535
Y53C12A.3	V3C99_011536
atad-3	V3C99_011537
dyrb-1	V3C99_011538
asg-1	V3C99_011542
asg-2	V3C99_011542
gldi-1	V3C99_011543
Y48G8AL.13	V3C99_011543
NNNNNN	V3C99_011544
NNNNNN	V3C99_011545
NNNNNN	V3C99_011547
NNNNNN	V3C99_011548
lig-1	V3C99_011549
chhy-1	V3C99_011552
chhy-1	V3C99_011553
R151.10	V3C99_011555
R151.10	V3C99_011557
pir-1	V3C99_011560
NNNNNN	V3C99_011561
NNNNNN	V3C99_011561
ptc-1	V3C99_011564
his-1	V3C99_011565
his-5	V3C99_011565
his-10	V3C99_011565
his-14	V3C99_011565
his-18	V3C99_011565
his-26	V3C99_011565
his-28	V3C99_011565
his-31	V3C99_011565
his-37	V3C99_011565
his-38	V3C99_011565
his-46	V3C99_011565
his-50	V3C99_011565
his-56	V3C99_011565
his-60	V3C99_011565
his-64	V3C99_011565
his-67	V3C99_011565
his-2	V3C99_011566
his-6	V3C99_011566
his-9	V3C99_011566
his-13	V3C99_011566
his-17	V3C99_011566
his-25	V3C99_011566
his-27	V3C99_011566
his-32	V3C99_011566
his-40	V3C99_011566
his-42	V3C99_011566
his-45	V3C99_011566
his-49	V3C99_011566
his-55	V3C99_011566
his-59	V3C99_011566
his-63	V3C99_011566
NNNNNN	V3C99_011566
his-71	V3C99_011566
his-72	V3C99_011566
NNNNNN	V3C99_011566
NNNNNN	V3C99_011566
his-3	V3C99_011567
his-7	V3C99_011567
his-12	V3C99_011567
his-16	V3C99_011567
his-19	V3C99_011567
his-21	V3C99_011567
his-30	V3C99_011567
his-33	V3C99_011567
his-35	V3C99_011567
his-43	V3C99_011567
his-47	V3C99_011567
his-51	V3C99_011567
his-53	V3C99_011567
his-57	V3C99_011567
his-61	V3C99_011567
his-65	V3C99_011567
his-68	V3C99_011567
his-2	V3C99_011568
his-6	V3C99_011568
his-9	V3C99_011568
his-13	V3C99_011568
his-17	V3C99_011568
his-25	V3C99_011568
his-27	V3C99_011568
his-32	V3C99_011568
his-40	V3C99_011568
his-42	V3C99_011568
his-45	V3C99_011568
his-49	V3C99_011568
his-55	V3C99_011568
his-59	V3C99_011568
his-63	V3C99_011568
NNNNNN	V3C99_011568
his-71	V3C99_011568
his-72	V3C99_011568
NNNNNN	V3C99_011568
NNNNNN	V3C99_011568
his-1	V3C99_011569
his-5	V3C99_011569
his-10	V3C99_011569
his-14	V3C99_011569
his-18	V3C99_011569
his-26	V3C99_011569
his-28	V3C99_011569
his-31	V3C99_011569
his-37	V3C99_011569
his-38	V3C99_011569
his-46	V3C99_011569
his-50	V3C99_011569
his-56	V3C99_011569
his-60	V3C99_011569
his-64	V3C99_011569
his-67	V3C99_011569
his-3	V3C99_011570
his-7	V3C99_011570
his-12	V3C99_011570
his-16	V3C99_011570
his-19	V3C99_011570
his-21	V3C99_011570
his-30	V3C99_011570
his-33	V3C99_011570
his-35	V3C99_011570
his-43	V3C99_011570
his-47	V3C99_011570
his-51	V3C99_011570
his-53	V3C99_011570
his-57	V3C99_011570
his-61	V3C99_011570
his-65	V3C99_011570
his-68	V3C99_011570
his-2	V3C99_011571
his-6	V3C99_011571
his-9	V3C99_011571
his-13	V3C99_011571
his-17	V3C99_011571
his-25	V3C99_011571
his-27	V3C99_011571
his-32	V3C99_011571
his-40	V3C99_011571
his-42	V3C99_011571
his-45	V3C99_011571
his-49	V3C99_011571
his-55	V3C99_011571
his-59	V3C99_011571
his-63	V3C99_011571
NNNNNN	V3C99_011571
his-71	V3C99_011571
his-72	V3C99_011571
NNNNNN	V3C99_011571
NNNNNN	V3C99_011571
ptc-1	V3C99_011573
NNNNNN	V3C99_011577
NNNNNN	V3C99_011577
pir-1	V3C99_011578
R151.10	V3C99_011581
his-4	V3C99_011582
his-8	V3C99_011582
his-11	V3C99_011582
his-15	V3C99_011582
his-20	V3C99_011582
his-22	V3C99_011582
his-29	V3C99_011582
his-34	V3C99_011582
his-39	V3C99_011582
his-41	V3C99_011582
his-44	V3C99_011582
his-48	V3C99_011582
his-52	V3C99_011582
his-54	V3C99_011582
his-58	V3C99_011582
his-62	V3C99_011582
his-66	V3C99_011582
his-3	V3C99_011583
his-7	V3C99_011583
his-12	V3C99_011583
his-16	V3C99_011583
his-19	V3C99_011583
his-21	V3C99_011583
his-30	V3C99_011583
his-33	V3C99_011583
his-35	V3C99_011583
his-43	V3C99_011583
his-47	V3C99_011583
his-51	V3C99_011583
his-53	V3C99_011583
his-57	V3C99_011583
his-61	V3C99_011583
his-65	V3C99_011583
his-68	V3C99_011583
his-1	V3C99_011584
his-5	V3C99_011584
his-10	V3C99_011584
his-14	V3C99_011584
his-18	V3C99_011584
his-26	V3C99_011584
his-28	V3C99_011584
his-31	V3C99_011584
his-37	V3C99_011584
his-38	V3C99_011584
his-46	V3C99_011584
his-50	V3C99_011584
his-56	V3C99_011584
his-60	V3C99_011584
his-64	V3C99_011584
his-67	V3C99_011584
his-2	V3C99_011585
his-6	V3C99_011585
his-9	V3C99_011585
his-13	V3C99_011585
his-17	V3C99_011585
his-25	V3C99_011585
his-27	V3C99_011585
his-32	V3C99_011585
his-40	V3C99_011585
his-42	V3C99_011585
his-45	V3C99_011585
his-49	V3C99_011585
his-55	V3C99_011585
his-59	V3C99_011585
his-63	V3C99_011585
NNNNNN	V3C99_011585
his-71	V3C99_011585
his-72	V3C99_011585
NNNNNN	V3C99_011585
NNNNNN	V3C99_011585
his-1	V3C99_011586
his-5	V3C99_011586
his-10	V3C99_011586
his-14	V3C99_011586
his-18	V3C99_011586
his-26	V3C99_011586
his-28	V3C99_011586
his-31	V3C99_011586
his-37	V3C99_011586
his-38	V3C99_011586
his-46	V3C99_011586
his-50	V3C99_011586
his-56	V3C99_011586
his-60	V3C99_011586
his-64	V3C99_011586
his-67	V3C99_011586
his-3	V3C99_011587
his-7	V3C99_011587
his-12	V3C99_011587
his-16	V3C99_011587
his-19	V3C99_011587
his-21	V3C99_011587
his-30	V3C99_011587
his-33	V3C99_011587
his-35	V3C99_011587
his-43	V3C99_011587
his-47	V3C99_011587
his-51	V3C99_011587
his-53	V3C99_011587
his-57	V3C99_011587
his-61	V3C99_011587
his-65	V3C99_011587
his-68	V3C99_011587
his-2	V3C99_011588
his-6	V3C99_011588
his-9	V3C99_011588
his-13	V3C99_011588
his-17	V3C99_011588
his-25	V3C99_011588
his-27	V3C99_011588
his-32	V3C99_011588
his-40	V3C99_011588
his-42	V3C99_011588
his-45	V3C99_011588
his-49	V3C99_011588
his-55	V3C99_011588
his-59	V3C99_011588
his-63	V3C99_011588
NNNNNN	V3C99_011588
his-71	V3C99_011588
his-72	V3C99_011588
NNNNNN	V3C99_011588
NNNNNN	V3C99_011588
his-3	V3C99_011589
his-7	V3C99_011589
his-12	V3C99_011589
his-16	V3C99_011589
his-19	V3C99_011589
his-21	V3C99_011589
his-30	V3C99_011589
his-33	V3C99_011589
his-35	V3C99_011589
his-43	V3C99_011589
his-47	V3C99_011589
his-51	V3C99_011589
his-53	V3C99_011589
his-57	V3C99_011589
his-61	V3C99_011589
his-65	V3C99_011589
his-68	V3C99_011589
his-2	V3C99_011590
his-6	V3C99_011590
his-9	V3C99_011590
his-13	V3C99_011590
his-17	V3C99_011590
his-25	V3C99_011590
his-27	V3C99_011590
his-32	V3C99_011590
his-40	V3C99_011590
his-42	V3C99_011590
his-45	V3C99_011590
his-49	V3C99_011590
his-55	V3C99_011590
his-59	V3C99_011590
his-63	V3C99_011590
NNNNNN	V3C99_011590
his-71	V3C99_011590
his-72	V3C99_011590
NNNNNN	V3C99_011590
NNNNNN	V3C99_011590
his-1	V3C99_011591
his-5	V3C99_011591
his-10	V3C99_011591
his-14	V3C99_011591
his-18	V3C99_011591
his-26	V3C99_011591
his-28	V3C99_011591
his-31	V3C99_011591
his-37	V3C99_011591
his-38	V3C99_011591
his-46	V3C99_011591
his-50	V3C99_011591
his-56	V3C99_011591
his-60	V3C99_011591
his-64	V3C99_011591
his-67	V3C99_011591
his-2	V3C99_011592
his-6	V3C99_011592
his-9	V3C99_011592
his-13	V3C99_011592
his-17	V3C99_011592
his-25	V3C99_011592
his-27	V3C99_011592
his-32	V3C99_011592
his-40	V3C99_011592
his-42	V3C99_011592
his-45	V3C99_011592
his-49	V3C99_011592
his-55	V3C99_011592
his-59	V3C99_011592
his-63	V3C99_011592
NNNNNN	V3C99_011592
his-71	V3C99_011592
his-72	V3C99_011592
NNNNNN	V3C99_011592
NNNNNN	V3C99_011592
his-1	V3C99_011593
his-5	V3C99_011593
his-10	V3C99_011593
his-14	V3C99_011593
his-18	V3C99_011593
his-26	V3C99_011593
his-28	V3C99_011593
his-31	V3C99_011593
his-37	V3C99_011593
his-38	V3C99_011593
his-46	V3C99_011593
his-50	V3C99_011593
his-56	V3C99_011593
his-60	V3C99_011593
his-64	V3C99_011593
his-67	V3C99_011593
his-2	V3C99_011594
his-6	V3C99_011594
his-9	V3C99_011594
his-13	V3C99_011594
his-17	V3C99_011594
his-25	V3C99_011594
his-27	V3C99_011594
his-32	V3C99_011594
his-40	V3C99_011594
his-42	V3C99_011594
his-45	V3C99_011594
his-49	V3C99_011594
his-55	V3C99_011594
his-59	V3C99_011594
his-63	V3C99_011594
NNNNNN	V3C99_011594
his-71	V3C99_011594
his-72	V3C99_011594
NNNNNN	V3C99_011594
NNNNNN	V3C99_011594
pld-1	V3C99_011596
T06D8.9	V3C99_011598
NNNNNN	V3C99_011599
NNNNNN	V3C99_011600
NNNNNN	V3C99_011601
NNNNNN	V3C99_011604
utp-20	V3C99_011605
NNNNNN	V3C99_011606
NNNNNN	V3C99_011608
NNNNNN	V3C99_011609
NNNNNN	V3C99_011614
Y53C12B.1	V3C99_011615
pno-1	V3C99_011616
NNNNNN	V3C99_011617
NNNNNN	V3C99_011620
NNNNNN	V3C99_011621
NNNNNN	V3C99_011623
pmp-2	V3C99_011624
T01D1.4	V3C99_011626
NNNNNN	V3C99_011632
pas-7	V3C99_011633
let-858	V3C99_011634
NNNNNN	V3C99_011637
NNNNNN	V3C99_011641
dhs-28	V3C99_011642
NNNNNN	V3C99_011643
W03C9.6	V3C99_011645
F10G7.10	V3C99_011646
NNNNNN	V3C99_011647
NNNNNN	V3C99_011651
NNNNNN	V3C99_011652
NNNNNN	V3C99_011653
ctsa-1.1	V3C99_011654
ctsa-1.1	V3C99_011661
mrpl-10	V3C99_011662
Y17G7B.12	V3C99_011663
NNNNNN	V3C99_011664
NNNNNN	V3C99_011665
dhps-1	V3C99_011666
Y17G7B.3	V3C99_011667
ash-2	V3C99_011668
ctsa-1.2	V3C99_011669
cpb-1	V3C99_011670
ehs-1	V3C99_011671
NNNNNN	V3C99_011673
NNNNNN	V3C99_011674
sptl-1	V3C99_011675
tre-5	V3C99_011676
ascc-1	V3C99_011677
NNNNNN	V3C99_011678
acp-2	V3C99_011679
vha-13	V3C99_011680
T01H3.2	V3C99_011682
vha-4	V3C99_011683
clh-5	V3C99_011685
snpc-1.1	V3C99_011686
F31E8.4	V3C99_011688
mthf-1	V3C99_011690
lat-1	V3C99_011692
ddx-19	V3C99_011694
NNNNNN	V3C99_011695
NNNNNN	V3C99_011697
NNNNNN	V3C99_011698
NNNNNN	V3C99_011699
C32D5.8	V3C99_011704
trx-5	V3C99_011704
T20D4.7	V3C99_011704
pyc-1	V3C99_011705
NNNNNN	V3C99_011706
spon-1	V3C99_011707
btf-1	V3C99_011708
dhs-14	V3C99_011711
dhs-15	V3C99_011711
dhs-23	V3C99_011711
C01G12.5	V3C99_011711
D1054.8	V3C99_011711
F02C12.2	V3C99_011711
F25D1.5	V3C99_011711
F26D2.15	V3C99_011711
F28H7.2	V3C99_011711
C06E4.3	V3C99_011711
C06E4.6	V3C99_011711
R05D8.7	V3C99_011711
R05D8.9	V3C99_011711
T01G6.1	V3C99_011711
T01G6.10	V3C99_011711
W03F9.9	V3C99_011711
nta-1	V3C99_011711
ZK1067.4	V3C99_011714
asp-3	V3C99_011715
NNNNNN	V3C99_011716
dhs-14	V3C99_011718
dhs-15	V3C99_011718
dhs-23	V3C99_011718
C01G12.5	V3C99_011718
D1054.8	V3C99_011718
F02C12.2	V3C99_011718
F25D1.5	V3C99_011718
F26D2.15	V3C99_011718
F28H7.2	V3C99_011718
C06E4.3	V3C99_011718
C06E4.6	V3C99_011718
R05D8.7	V3C99_011718
R05D8.9	V3C99_011718
T01G6.1	V3C99_011718
T01G6.10	V3C99_011718
nta-1	V3C99_011718
NNNNNN	V3C99_011741
NNNNNN	V3C99_011742
C17H12.3	V3C99_011742
NNNNNN	V3C99_011742
Y51H7C.7	V3C99_011743
M05D6.2	V3C99_011744
R04F11.2	V3C99_011745
F47B7.2	V3C99_011748
NNNNNN	V3C99_011749
NNNNNN	V3C99_011751
NNNNNN	V3C99_011752
osta-2	V3C99_011756
tiar-1	V3C99_011757
NNNNNN	V3C99_011758
marc-3	V3C99_011759
zyg-9	V3C99_011760
thoc-1	V3C99_011761
T02H6.1	V3C99_011762
rfip-2	V3C99_011763
npp-2	V3C99_011766
acdh-9	V3C99_011767
NNNNNN	V3C99_011773
puf-12	V3C99_011774
NNNNNN	V3C99_011775
NNNNNN	V3C99_011776
NNNNNN	V3C99_011781
NNNNNN	V3C99_011782
NNNNNN	V3C99_011784
nmur-2	V3C99_011787
T02G5.3	V3C99_011788
NNNNNN	V3C99_011789
atgp-2	V3C99_011790
NNNNNN	V3C99_011791
mut-7	V3C99_011796
ZK1098.3	V3C99_011796
lgg-1	V3C99_011801
NNNNNN	V3C99_011807
NNNNNN	V3C99_011808
NNNNNN	V3C99_011810
ubxn-3	V3C99_011811
rsr-2	V3C99_011813
sinh-1	V3C99_011814
NNNNNN	V3C99_011819
mrps-22	V3C99_011822
algn-9	V3C99_011823
crn-3	V3C99_011824
crn-5	V3C99_011825
NNNNNN	V3C99_011826
NNNNNN	V3C99_011828
dap-3	V3C99_011829
dohh-1	V3C99_011830
NNNNNN	V3C99_011832
C17H12.3	V3C99_011832
NNNNNN	V3C99_011832
lsm-4	V3C99_011833
prx-13	V3C99_011834
NNNNNN	V3C99_011835
NNNNNN	V3C99_011838
arv-1	V3C99_011839
pif-1	V3C99_011840
NNNNNN	V3C99_011841
snr-5	V3C99_011842
NNNNNN	V3C99_011843
NNNNNN	V3C99_011844
mdmh-35	V3C99_011847
mdt-10	V3C99_011848
NNNNNN	V3C99_011849
NNNNNN	V3C99_011850
rict-1	V3C99_011851
NNNNNN	V3C99_011852
NNNNNN	V3C99_011859
ZK1307.9	V3C99_011862
sqv-8	V3C99_011863
F40E10.6	V3C99_011864
tftc-5	V3C99_011865
vti-1	V3C99_011866
mrps-7	V3C99_011867
snpc-3.4	V3C99_011868
NNNNNN	V3C99_011870
NNNNNN	V3C99_011871
NNNNNN	V3C99_011875
C25H3.11	V3C99_011877
F45E12.5	V3C99_011879
brf-1	V3C99_011880
F58A6.1	V3C99_011883
NNNNNN	V3C99_011885
NNNNNN	V3C99_011886
best-3	V3C99_011887
osta-1	V3C99_011889
NNNNNN	V3C99_011890
NNNNNN	V3C99_011890
unc-53	V3C99_011895
ilkp-1	V3C99_011896
NNNNNN	V3C99_011897
sdhd-1	V3C99_011898
F33A8.4	V3C99_011899
NNNNNN	V3C99_011900
NNNNNN	V3C99_011902
K09A11.1	V3C99_011905
C10A4.1	V3C99_011905
NNNNNN	V3C99_011907
hil-2	V3C99_011908
hil-3	V3C99_011908
hil-6	V3C99_011908
cdk-11.1	V3C99_011913
B0495.5	V3C99_011915
nhx-2	V3C99_011916
nhx-6	V3C99_011916
NNNNNN	V3C99_011917
NNNNNN	V3C99_011917
NNNNNN	V3C99_011918
NNNNNN	V3C99_011924
NNNNNN	V3C99_011924
dyf-13	V3C99_011925
NNNNNN	V3C99_011926
luc-7L	V3C99_011927
B0495.7	V3C99_011928
NNNNNN	V3C99_011929
NNNNNN	V3C99_011931
NNNNNN	V3C99_011932
NNNNNN	V3C99_011934
NNNNNN	V3C99_011934
NNNNNN	V3C99_011934
NNNNNN	V3C99_011934
NNNNNN	V3C99_011934
NNNNNN	V3C99_011936
hil-2	V3C99_011937
hil-3	V3C99_011937
hil-6	V3C99_011937
NNNNNN	V3C99_011943
nhl-3	V3C99_011945
T04B8.5	V3C99_011948
NNNNNN	V3C99_011949
rib-1	V3C99_011950
Y64G10A.7	V3C99_011953
ZK622.1	V3C99_011955
NNNNNN	V3C99_011959
NNNNNN	V3C99_011959
NNNNNN	V3C99_011964
NNNNNN	V3C99_011964
NNNNNN	V3C99_011965
Y39G10AR.9	V3C99_011968
nsun-4	V3C99_011969
NNNNNN	V3C99_011992
unc-93	V3C99_011993
NNNNNN	V3C99_011994
NNNNNN	V3C99_011995
NNNNNN	V3C99_011998
NNNNNN	V3C99_012000
NNNNNN	V3C99_012003
NNNNNN	V3C99_012003
NNNNNN	V3C99_012005
fzo-1	V3C99_012006
NNNNNN	V3C99_012007
NNNNNN	V3C99_012008
tbc-2	V3C99_012010
rad-23	V3C99_012012
coa-7	V3C99_012013
NNNNNN	V3C99_012014
T19D7.7	V3C99_012016
daf-19	V3C99_012017
wbp-11	V3C99_012018
tcab-1	V3C99_012021
C08F8.2	V3C99_012022
B0432.9	V3C99_012023
NNNNNN	V3C99_012028
NNNNNN	V3C99_012028
NNNNNN	V3C99_012028
NNNNNN	V3C99_012028
NNNNNN	V3C99_012029
NNNNNN	V3C99_012030
apd-3	V3C99_012032
lin-32	V3C99_012033
NNNNNN	V3C99_012036
C44B7.11	V3C99_012038
T24H7.2	V3C99_012040
lelo-1	V3C99_012041
F07E5.5	V3C99_012042
vab-19	V3C99_012044
NNNNNN	V3C99_012045
art-1	V3C99_012046
oga-1	V3C99_012047
set-11	V3C99_012048
NNNNNN	V3C99_012052
NNNNNN	V3C99_012055
NNNNNN	V3C99_012055
NNNNNN	V3C99_012055
NNNNNN	V3C99_012055
NNNNNN	V3C99_012055
C23H3.9	V3C99_012062
mcat-1	V3C99_012063
C50D2.7	V3C99_012065
luc-7L3	V3C99_012067
NNNNNN	V3C99_012069
ltd-1	V3C99_012072
NNNNNN	V3C99_012077
eif-3.D	V3C99_012079
chdh-1	V3C99_012080
sphk-1	V3C99_012082
NNNNNN	V3C99_012084
prx-5	V3C99_012086
C06C3.3	V3C99_012087
prg-1	V3C99_012093
pro-1	V3C99_012094
puf-9	V3C99_012097
nsun-5	V3C99_012098
metl-2	V3C99_012099
elo-9	V3C99_012101
rbm-28	V3C99_012102
mgrn-1	V3C99_012104
C11H1.2	V3C99_012105
gphr-1	V3C99_012105
Y25C1A.13	V3C99_012113
dhs-6	V3C99_012115
NNNNNN	V3C99_012119
NNNNNN	V3C99_012125
laat-1	V3C99_012126
arc-1	V3C99_012130
NNNNNN	V3C99_012132
NNNNNN	V3C99_012133
NNNNNN	V3C99_012134
toe-1	V3C99_012135
rpa-2	V3C99_012136
NNNNNN	V3C99_012137
NNNNNN	V3C99_012138
ZK1127.4	V3C99_012145
cth-1	V3C99_012146
cth-2	V3C99_012146
NNNNNN	V3C99_012147
T05H10.1	V3C99_012148
T24H10.1	V3C99_012152
pax-3	V3C99_012153
algn-2	V3C99_012156
F09E5.3	V3C99_012157
W09D6.1	V3C99_012158
NNNNNN	V3C99_012160
NNNNNN	V3C99_012161
NNNNNN	V3C99_012162
rab-39	V3C99_012163
wdfy-2	V3C99_012164
atf-2	V3C99_012165
NNNNNN	V3C99_012166
rpy-1	V3C99_012167
NNNNNN	V3C99_012168
NNNNNN	V3C99_012171
NNNNNN	V3C99_012172
NNNNNN	V3C99_012173
NNNNNN	V3C99_012174
F07A11.4	V3C99_012175
F07A11.5	V3C99_012176
NNNNNN	V3C99_012177
mab-9	V3C99_012178
NNNNNN	V3C99_012179
NNNNNN	V3C99_012184
exl-1	V3C99_012195
nurf-1	V3C99_012196
NNNNNN	V3C99_012201
NNNNNN	V3C99_012202
NNNNNN	V3C99_012203
znf-598	V3C99_012204
NNNNNN	V3C99_012207
C47D12.2	V3C99_012209
trr-1	V3C99_012210
ttc-39B	V3C99_012212
dylt-2	V3C99_012213
NNNNNN	V3C99_012217
NNNNNN	V3C99_012218
acl-7	V3C99_012221
eat-2	V3C99_012222
rod-1	V3C99_012225
dbt-1	V3C99_012238
NNNNNN	V3C99_012239
NNNNNN	V3C99_012240
T09F3.2	V3C99_012241
F35D11.3	V3C99_012245
tbc-6	V3C99_012246
egl-27	V3C99_012247
snt-1	V3C99_012248
NNNNNN	V3C99_012249
NNNNNN	V3C99_012250
NNNNNN	V3C99_012253
nep-1	V3C99_012255
nep-1	V3C99_012258
nep-1	V3C99_012259
pdl-1	V3C99_012260
rpb-4	V3C99_012261
F56D2.2	V3C99_012262
F56D2.5	V3C99_012262
Y53F4B.14	V3C99_012263
mdf-1	V3C99_012264
trip-4	V3C99_012265
mtch-1	V3C99_012266
exc-7	V3C99_012267
mtch-1	V3C99_012268
exc-7	V3C99_012269
C08B6.8	V3C99_012270
Y53C12A.10	V3C99_012271
NNNNNN	V3C99_012272
NNNNNN	V3C99_012273
NNNNNN	V3C99_012281
C06A8.8	V3C99_012282
jip-1	V3C99_012287
pde-3	V3C99_012290
NNNNNN	V3C99_012292
NNNNNN	V3C99_012294
hst-6	V3C99_012297
Y26E6A.3	V3C99_012298
dnsn-1	V3C99_012299
NNNNNN	V3C99_012301
gyf-1	V3C99_012302
NNNNNN	V3C99_012303
NNNNNN	V3C99_012304
F29A7.6	V3C99_012311
Y46E12BL.2	V3C99_012312
jun-1	V3C99_012313
T24H10.4	V3C99_012315
mec-15	V3C99_012316
NNNNNN	V3C99_012317
plc-3	V3C99_012318
cct-2	V3C99_012320
plpr-1	V3C99_012321
F37H8.5	V3C99_012322
NNNNNN	V3C99_012324
hpr-17	V3C99_012325
ztf-17	V3C99_012326
ostb-1	V3C99_012330
sds-22	V3C99_012331
NNNNNN	V3C99_012331
NNNNNN	V3C99_012334
gstk-1	V3C99_012335
gstk-1	V3C99_012336
kqt-3	V3C99_012337
ulp-4	V3C99_012339
ire-1	V3C99_012342
unc-105	V3C99_012343
unc-105	V3C99_012346
NNNNNN	V3C99_012349
NNNNNN	V3C99_012350
tba-1	V3C99_012352
tba-2	V3C99_012352
tba-4	V3C99_012352
C08B11.9	V3C99_012353
arp-6	V3C99_012354
sap-49	V3C99_012355
NNNNNN	V3C99_012356
hda-2	V3C99_012358
swsn-7	V3C99_012358
vha-9	V3C99_012365
clpp-1	V3C99_012366
vha-9	V3C99_012367
clpp-1	V3C99_012368
NNNNNN	V3C99_012369
zyg-11	V3C99_012370
NNNNNN	V3C99_012372
cam-1	V3C99_012375
copz-1	V3C99_012377
orc-2	V3C99_012378
NNNNNN	V3C99_012379
misc-1	V3C99_012386
F32A11.1	V3C99_012387
NNNNNN	V3C99_012394
NNNNNN	V3C99_012396
NNNNNN	V3C99_012398
NNNNNN	V3C99_012399
NNNNNN	V3C99_012400
NNNNNN	V3C99_012400
NNNNNN	V3C99_012400
NNNNNN	V3C99_012401
ooc-5	V3C99_012402
ZK1127.13	V3C99_012403
F09E5.11	V3C99_012405
NNNNNN	V3C99_012406
NNNNNN	V3C99_012408
NNNNNN	V3C99_012409
NNNNNN	V3C99_012410
NNNNNN	V3C99_012410
NNNNNN	V3C99_012410
NNNNNN	V3C99_012410
clh-4	V3C99_012411
NNNNNN	V3C99_012412
NNNNNN	V3C99_012413
C01F1.6	V3C99_012414
rml-4	V3C99_012416
iff-1	V3C99_012418
iff-2	V3C99_012418
NNNNNN	V3C99_012419
NNNNNN	V3C99_012427
NNNNNN	V3C99_012427
NNNNNN	V3C99_012427
NNNNNN	V3C99_012427
NNNNNN	V3C99_012427
NNNNNN	V3C99_012429
NNNNNN	V3C99_012429
NNNNNN	V3C99_012429
NNNNNN	V3C99_012429
NNNNNN	V3C99_012429
NNNNNN	V3C99_012432
NNNNNN	V3C99_012433
NNNNNN	V3C99_012434
rbbp-5	V3C99_012435
B0432.7	V3C99_012443
lin-29	V3C99_012445
cyn-16	V3C99_012446
tpi-1	V3C99_012447
W06B4.2	V3C99_012448
vps-18	V3C99_012449
mrpl-53	V3C99_012450
E02H1.6	V3C99_012451
E02H1.5	V3C99_012452
tag-124	V3C99_012453
NNNNNN	V3C99_012464
NNNNNN	V3C99_012467
NNNNNN	V3C99_012468
snr-3	V3C99_012469
NNNNNN	V3C99_012470
NNNNNN	V3C99_012473
egl-17	V3C99_012475
K01A2.5	V3C99_012477
cgt-2	V3C99_012481
cgt-3	V3C99_012481
vps-35	V3C99_012482
B0395.3	V3C99_012483
gss-1	V3C99_012487
sqv-7	V3C99_012495
lst-6	V3C99_012496
rars-2	V3C99_012499
C29H12.2	V3C99_012500
NNNNNN	V3C99_012501
NNNNNN	V3C99_012503
NNNNNN	V3C99_012504
NNNNNN	V3C99_012507
nep-1	V3C99_012512
trpp-1	V3C99_012521
B0228.7	V3C99_012522
ifg-1	V3C99_012523
M110.3	V3C99_012524
NNNNNN	V3C99_012526
NNNNNN	V3C99_012526
dnj-2	V3C99_012534
NNNNNN	V3C99_012535
C18E9.2	V3C99_012537
NNNNNN	V3C99_012538
rpl-37	V3C99_012540
W01D2.1	V3C99_012540
NNNNNN	V3C99_012545
tsp-17	V3C99_012547
ZK669.2	V3C99_012554
ZK669.3	V3C99_012554
ZK669.2	V3C99_012555
ZK669.3	V3C99_012555
ZK669.2	V3C99_012556
ZK669.3	V3C99_012556
rab-7	V3C99_012560
C02D5.2	V3C99_012561
gtf-2F1	V3C99_012563
sco-1	V3C99_012565
prp-21	V3C99_012566
sco-1	V3C99_012568
tag-180	V3C99_012569
NNNNNN	V3C99_012571
tdp-1	V3C99_012573
NNNNNN	V3C99_012585
NNNNNN	V3C99_012593
NNNNNN	V3C99_012600
cyp-44A1	V3C99_012602
romo-1	V3C99_012606
NNNNNN	V3C99_012608
ubh-4	V3C99_012619
pfut-1	V3C99_012620
EEED8.10	V3C99_012621
NNNNNN	V3C99_012624
NNNNNN	V3C99_012628
F38A1.8	V3C99_012629
NNNNNN	V3C99_012633
cdo-1	V3C99_012636
ben-1	V3C99_012637
tbb-1	V3C99_012637
tbb-2	V3C99_012637
hgap-2	V3C99_012641
athp-2	V3C99_012642
rpl-25.1	V3C99_012643
rpl-25.2	V3C99_012643
C05C10.3	V3C99_012644
chhy-1	V3C99_012647
ugt-58	V3C99_012650
NNNNNN	V3C99_012653
NNNNNN	V3C99_012653
NNNNNN	V3C99_012655
F10E7.11	V3C99_012657
T07F8.4	V3C99_012657
npp-3	V3C99_012661
col-84	V3C99_012663
NNNNNN	V3C99_012664
NNNNNN	V3C99_012664
NNNNNN	V3C99_012667
F54B3.1	V3C99_012672
NNNNNN	V3C99_012678
NNNNNN	V3C99_012679
txdc-12.2	V3C99_012684
NNNNNN	V3C99_012694
cah-2	V3C99_012699
npr-20	V3C99_012703
NNNNNN	V3C99_012704
gcp-2.1	V3C99_012705
NNNNNN	V3C99_012717
Y58A7A.1	V3C99_012719
fcho-1	V3C99_012720
sod-1	V3C99_012721
pgp-3	V3C99_012722
pgp-4	V3C99_012722
cdk-5	V3C99_012723
let-19	V3C99_012724
dyn-1	V3C99_012725
NNNNNN	V3C99_012729
NNNNNN	V3C99_012730
NNNNNN	V3C99_012732
NNNNNN	V3C99_012733
NNNNNN	V3C99_012735
rbx-2	V3C99_012738
rpb-12	V3C99_012739
ntl-2	V3C99_012740
NNNNNN	V3C99_012741
fkh-6	V3C99_012742
NNNNNN	V3C99_012750
F23F1.5	V3C99_012753
nol-6	V3C99_012754
T25D3.4	V3C99_012756
tmed-3	V3C99_012757
cup-14	V3C99_012758
K10B4.3	V3C99_012759
NNNNNN	V3C99_012760
lec-5	V3C99_012763
NNNNNN	V3C99_012764
emc-2	V3C99_012771
alh-6	V3C99_012772
mmaa-1	V3C99_012774
farl-11	V3C99_012775
NNNNNN	V3C99_012779
NNNNNN	V3C99_012780
NNNNNN	V3C99_012780
NNNNNN	V3C99_012780
NNNNNN	V3C99_012780
NNNNNN	V3C99_012780
NNNNNN	V3C99_012781
NNNNNN	V3C99_012781
NNNNNN	V3C99_012781
NNNNNN	V3C99_012781
NNNNNN	V3C99_012781
fah-1	V3C99_012784
cdc-37	V3C99_012785
W08F4.3	V3C99_012786
D1054.1	V3C99_012787
uba-2	V3C99_012793
NNNNNN	V3C99_012797
NNNNNN	V3C99_012797
NNNNNN	V3C99_012797
NNNNNN	V3C99_012797
NNNNNN	V3C99_012797
NNNNNN	V3C99_012797
NNNNNN	V3C99_012797
NNNNNN	V3C99_012797
NNNNNN	V3C99_012797
NNNNNN	V3C99_012797
NNNNNN	V3C99_012798
NNNNNN	V3C99_012798
NNNNNN	V3C99_012798
NNNNNN	V3C99_012798
NNNNNN	V3C99_012798
NNNNNN	V3C99_012798
NNNNNN	V3C99_012798
NNNNNN	V3C99_012798
NNNNNN	V3C99_012798
NNNNNN	V3C99_012798
NNNNNN	V3C99_012799
NNNNNN	V3C99_012799
NNNNNN	V3C99_012799
NNNNNN	V3C99_012799
NNNNNN	V3C99_012799
NNNNNN	V3C99_012799
NNNNNN	V3C99_012799
NNNNNN	V3C99_012799
NNNNNN	V3C99_012799
NNNNNN	V3C99_012799
NNNNNN	V3C99_012800
NNNNNN	V3C99_012800
NNNNNN	V3C99_012800
NNNNNN	V3C99_012800
NNNNNN	V3C99_012800
NNNNNN	V3C99_012800
NNNNNN	V3C99_012800
NNNNNN	V3C99_012800
NNNNNN	V3C99_012800
NNNNNN	V3C99_012800
NNNNNN	V3C99_012802
NNNNNN	V3C99_012802
NNNNNN	V3C99_012802
NNNNNN	V3C99_012802
NNNNNN	V3C99_012802
NNNNNN	V3C99_012802
NNNNNN	V3C99_012802
NNNNNN	V3C99_012802
NNNNNN	V3C99_012802
NNNNNN	V3C99_012802
NNNNNN	V3C99_012804
NNNNNN	V3C99_012804
NNNNNN	V3C99_012804
NNNNNN	V3C99_012804
NNNNNN	V3C99_012804
NNNNNN	V3C99_012804
NNNNNN	V3C99_012804
NNNNNN	V3C99_012804
NNNNNN	V3C99_012804
NNNNNN	V3C99_012804
NNNNNN	V3C99_012805
NNNNNN	V3C99_012806
NNNNNN	V3C99_012806
NNNNNN	V3C99_012806
NNNNNN	V3C99_012806
NNNNNN	V3C99_012806
NNNNNN	V3C99_012806
NNNNNN	V3C99_012806
NNNNNN	V3C99_012806
NNNNNN	V3C99_012806
NNNNNN	V3C99_012806
rpom-1	V3C99_012808
NNNNNN	V3C99_012809
vab-1	V3C99_012811
camt-1	V3C99_012812
NNNNNN	V3C99_012813
camt-1	V3C99_012814
cyp-23A1	V3C99_012815
hlh-1	V3C99_012816
NNNNNN	V3C99_012818
osm-12	V3C99_012819
taf-8	V3C99_012827
cee-1	V3C99_012833
cdc-14	V3C99_012834
mtrr-1	V3C99_012834
ttc-4	V3C99_012836
NNNNNN	V3C99_012843
NNNNNN	V3C99_012844
NNNNNN	V3C99_012851
NNNNNN	V3C99_012851
NNNNNN	V3C99_012851
NNNNNN	V3C99_012851
NNNNNN	V3C99_012852
NNNNNN	V3C99_012852
NNNNNN	V3C99_012852
NNNNNN	V3C99_012852
dcaf-13	V3C99_012858
bpnt-1	V3C99_012859
lat-2	V3C99_012860
NNNNNN	V3C99_012862
NNNNNN	V3C99_012870
NNNNNN	V3C99_012871
NNNNNN	V3C99_012872
NNNNNN	V3C99_012876
pgp-14	V3C99_012877
tat-4	V3C99_012878
tbc-17	V3C99_012879
unc-61	V3C99_012880
cox-10	V3C99_012881
pcca-1	V3C99_012882
NNNNNN	V3C99_012885
sec-6	V3C99_012886
bmy-1	V3C99_012887
NNNNNN	V3C99_012888
rnh-1.0	V3C99_012889
rnh-1.0	V3C99_012890
NNNNNN	V3C99_012892
C26D10.4	V3C99_012893
aagr-2	V3C99_012895
pbs-3	V3C99_012900
NNNNNN	V3C99_012901
flr-1	V3C99_012902
NNNNNN	V3C99_012903
fkh-8	V3C99_012909
NNNNNN	V3C99_012911
fkh-8	V3C99_012914
F18A11.3	V3C99_012916
sdhb-1	V3C99_012920
sdhb-1	V3C99_012922
noa-1	V3C99_012923
snx-14	V3C99_012924
cct-4	V3C99_012928
cyn-15	V3C99_012929
W07A12.4	V3C99_012932
NNNNNN	V3C99_012933
NNNNNN	V3C99_012934
NNNNNN	V3C99_012936
NNNNNN	V3C99_012939
NNNNNN	V3C99_012939
NNNNNN	V3C99_012940
NNNNNN	V3C99_012940
NNNNNN	V3C99_012941
NNNNNN	V3C99_012941
C24H12.4	V3C99_012961
syf-1	V3C99_012962
mpk-2	V3C99_012963
tag-280	V3C99_012964
tag-281	V3C99_012965
R12C12.6	V3C99_012966
R12C12.5	V3C99_012967
NNNNNN	V3C99_012968
NNNNNN	V3C99_012968
NNNNNN	V3C99_012968
NNNNNN	V3C99_012968
NNNNNN	V3C99_012968
NNNNNN	V3C99_012968
NNNNNN	V3C99_012968
NNNNNN	V3C99_012968
NNNNNN	V3C99_012968
NNNNNN	V3C99_012968
K07E1.1	V3C99_012970
sfxn-1.4	V3C99_012971
NNNNNN	V3C99_012972
NNNNNN	V3C99_012980
NNNNNN	V3C99_012983
NNNNNN	V3C99_012984
NNNNNN	V3C99_012985
gtf-2E2	V3C99_012986
dhgd-1	V3C99_012987
NNNNNN	V3C99_012988
zig-10	V3C99_013008
NNNNNN	V3C99_013010
NNNNNN	V3C99_013013
NNNNNN	V3C99_013013
NNNNNN	V3C99_013019
nsy-1	V3C99_013020
NNNNNN	V3C99_013022
wdr-83	V3C99_013023
F33G12.3	V3C99_013024
lrr-1	V3C99_013025
golg-2	V3C99_013027
NNNNNN	V3C99_013032
NNNNNN	V3C99_013033
C08E8.2	V3C99_013034
F57C2.5	V3C99_013034
NNNNNN	V3C99_013040
B0511.12	V3C99_013042
sgt-1	V3C99_013043
NNNNNN	V3C99_013044
cyd-1	V3C99_013058
aars-1	V3C99_013060
rga-1	V3C99_013061
mfn-1	V3C99_013063
NNNNNN	V3C99_013066
sec-15	V3C99_013067
ncap-1	V3C99_013068
NNNNNN	V3C99_013069
ubc-26	V3C99_013070
sqv-2	V3C99_013071
pigw-1	V3C99_013072
rpn-9	V3C99_013073
dhs-7	V3C99_013074
dhs-8	V3C99_013074
K10H10.6	V3C99_013074
DC2.5	V3C99_013074
E04F6.15	V3C99_013074
K10B2.4	V3C99_013075
zyx-1	V3C99_013078
ZK1248.19	V3C99_013085
cmtr-1	V3C99_013086
bicd-1	V3C99_013087
NNNNNN	V3C99_013099
NNNNNN	V3C99_013100
NNNNNN	V3C99_013101
NNNNNN	V3C99_013105
NNNNNN	V3C99_013116
vps-32.1	V3C99_013117
C56C10.9	V3C99_013118
aipr-1	V3C99_013119
dnj-8	V3C99_013120
epg-5	V3C99_013121
Y38F1A.2	V3C99_013122
ZK546.2	V3C99_013123
try-1	V3C99_013124
zyg-12	V3C99_013125
ndx-3	V3C99_013126
lect-2	V3C99_013128
chch-3	V3C99_013129
M176.4	V3C99_013130
NNNNNN	V3C99_013131
NNNNNN	V3C99_013132
rpl-33	V3C99_013133
F10E7.9	V3C99_013134
sup-9	V3C99_013136
cyp-31A2	V3C99_013139
cyp-31A3	V3C99_013139
NNNNNN	V3C99_013140
C16A11.2	V3C99_013142
ufd-3	V3C99_013144
NNNNNN	V3C99_013145
NNNNNN	V3C99_013146
flad-1	V3C99_013147
ufd-3	V3C99_013148
sdhb-1	V3C99_013149
cup-15	V3C99_013150
dmd-4	V3C99_013152
NNNNNN	V3C99_013153
NNNNNN	V3C99_013155
F07F6.4	V3C99_013157
NNNNNN	V3C99_013158
mrpl-37	V3C99_013160
NNNNNN	V3C99_013161
NNNNNN	V3C99_013162
ddl-2	V3C99_013163
Y48E1B.17	V3C99_013164
noa-1	V3C99_013165
snx-14	V3C99_013166
NNNNNN	V3C99_013171
glna-2	V3C99_013172
NNNNNN	V3C99_013173
clh-1	V3C99_013175
NNNNNN	V3C99_013176
NNNNNN	V3C99_013181
F09G2.8	V3C99_013182
NNNNNN	V3C99_013183
NNNNNN	V3C99_013187
NNNNNN	V3C99_013188
NNNNNN	V3C99_013189
ast-1	V3C99_013190
NNNNNN	V3C99_013191
atg-4.2	V3C99_013193
ZK792.1	V3C99_013194
NNNNNN	V3C99_013195
NNNNNN	V3C99_013196
eif-2D	V3C99_013197
C25H3.3	V3C99_013198
C25H3.14	V3C99_013198
NNNNNN	V3C99_013200
clhm-1	V3C99_013201
F59E12.1	V3C99_013202
NNNNNN	V3C99_013203
sam-4	V3C99_013205
gna-1	V3C99_013206
gna-1	V3C99_013207
F46H5.4	V3C99_013208
qdpr-1	V3C99_013209
dnj-17	V3C99_013210
NNNNNN	V3C99_013215
Y54G11A.4	V3C99_013217
Y54G11A.7	V3C99_013217
NNNNNN	V3C99_013218
NNNNNN	V3C99_013219
rpi-1	V3C99_013220
mdt-26	V3C99_013222
NNNNNN	V3C99_013223
fut-3	V3C99_013224
NNNNNN	V3C99_013225
NNNNNN	V3C99_013227
NNNNNN	V3C99_013228
haly-1	V3C99_013229
NNNNNN	V3C99_013230
NNNNNN	V3C99_013231
NNNNNN	V3C99_013232
NNNNNN	V3C99_013235
kel-1	V3C99_013238
xpf-1	V3C99_013239
inos-1	V3C99_013240
cup-5	V3C99_013241
NNNNNN	V3C99_013242
NNNNNN	V3C99_013243
NNNNNN	V3C99_013244
NNNNNN	V3C99_013249
din-1	V3C99_013251
arp-1	V3C99_013253
set-4	V3C99_013254
ced-3	V3C99_013256
NNNNNN	V3C99_013259
prp-6	V3C99_013260
ssup-72	V3C99_013261
F52C9.3	V3C99_013263
R05F9.6	V3C99_013265
B0280.9	V3C99_013267
C07E3.9	V3C99_013268
C07E3.9	V3C99_013269
ilcr-2	V3C99_013271
NNNNNN	V3C99_013272
NNNNNN	V3C99_013273
NNNNNN	V3C99_013274
NNNNNN	V3C99_013279
NNNNNN	V3C99_013279
dut-1	V3C99_013281
eas-1	V3C99_013282
NNNNNN	V3C99_013283
NNNNNN	V3C99_013284
nep-12	V3C99_013285
unc-97	V3C99_013288
NNNNNN	V3C99_013290
agr-1	V3C99_013291
NNNNNN	V3C99_013293
cdl-1	V3C99_013294
nst-1	V3C99_013297
let-268	V3C99_013298
mtcu-2	V3C99_013299
ttc-36	V3C99_013300
glna-1	V3C99_013305
C01G6.4	V3C99_013306
NNNNNN	V3C99_013307
NNNNNN	V3C99_013312
sfxn-5	V3C99_013313
NNNNNN	V3C99_013314
NNNNNN	V3C99_013325
rab-3	V3C99_013327
slc-28.1	V3C99_013328
slc-28.2	V3C99_013328
gpb-1	V3C99_013330
NNNNNN	V3C99_013332
NNNNNN	V3C99_013336
NNNNNN	V3C99_013340
T26C5.3	V3C99_013341
NNNNNN	V3C99_013342
aqp-2	V3C99_013343
NNNNNN	V3C99_013345
NNNNNN	V3C99_013345
NNNNNN	V3C99_013345
NNNNNN	V3C99_013346
ttll-12	V3C99_013347
scp-1	V3C99_013348
eif-3.F	V3C99_013349
wbp-2	V3C99_013350
eat-3	V3C99_013351
egli-1	V3C99_013352
casy-1	V3C99_013354
cap-2	V3C99_013357
gmps-1	V3C99_013359
M106.3	V3C99_013360
M106.7	V3C99_013361
pqn-48	V3C99_013362
bmk-1	V3C99_013363
NNNNNN	V3C99_013365
NNNNNN	V3C99_013366
ctl-1	V3C99_013368
ctl-2	V3C99_013368
ctl-3	V3C99_013368
ctl-1	V3C99_013370
ctl-2	V3C99_013370
ctl-3	V3C99_013370
ctl-1	V3C99_013371
ctl-2	V3C99_013371
ctl-3	V3C99_013371
Y66D12A.8	V3C99_013372
dnj-23	V3C99_013373
arl-1	V3C99_013374
F54C9.9	V3C99_013375
mnat-1	V3C99_013377
bcs-1	V3C99_013378
NNNNNN	V3C99_013381
NNNNNN	V3C99_013383
pde-4	V3C99_013385
NNNNNN	V3C99_013389
unc-52	V3C99_013391
hhat-1	V3C99_013393
NNNNNN	V3C99_013394
NNNNNN	V3C99_013395
NNNNNN	V3C99_013396
NNNNNN	V3C99_013397
mog-2	V3C99_013398
H20J04.6	V3C99_013399
ace-3	V3C99_013402
F23F1.6	V3C99_013404
mog-4	V3C99_013405
alfa-1	V3C99_013406
NNNNNN	V3C99_013407
crh-2	V3C99_013410
gbh-1	V3C99_013411
ptb-1	V3C99_013412
tph-1	V3C99_013415
ptp-3	V3C99_013416
NNNNNN	V3C99_013421
NNNNNN	V3C99_013423
NNNNNN	V3C99_013423
sedl-1	V3C99_013424
NNNNNN	V3C99_013425
hel-1	V3C99_013426
NNNNNN	V3C99_013428
NNNNNN	V3C99_013428
nlt-1	V3C99_013429
daf-22	V3C99_013429
eef-1A.1	V3C99_013432
eef-1A.2	V3C99_013432
lec-3	V3C99_013438
NNNNNN	V3C99_013439
NNNNNN	V3C99_013442
NNNNNN	V3C99_013443
NNNNNN	V3C99_013444
stc-1	V3C99_013445
wdr-31	V3C99_013446
drn-1	V3C99_013456
NNNNNN	V3C99_013457
NNNNNN	V3C99_013458
NNNNNN	V3C99_013458
NNNNNN	V3C99_013458
NNNNNN	V3C99_013458
NNNNNN	V3C99_013458
NNNNNN	V3C99_013461
F42F12.4	V3C99_013463
NNNNNN	V3C99_013465
NNNNNN	V3C99_013466
taap-1	V3C99_013467
taap-1	V3C99_013468
taap-1	V3C99_013469
gbh-2	V3C99_013470
T13H5.1	V3C99_013472
NNNNNN	V3C99_013473
F37H8.5	V3C99_013475
ctg-2	V3C99_013480
rnh-2	V3C99_013482
T13H5.8	V3C99_013483
che-11	V3C99_013484
mig-14	V3C99_013488
NNNNNN	V3C99_013489
NNNNNN	V3C99_013490
K07E3.4	V3C99_013492
osm-1	V3C99_013493
NNNNNN	V3C99_013495
NNNNNN	V3C99_013495
glt-5	V3C99_013499
NNNNNN	V3C99_013500
ech-4	V3C99_013502
NNNNNN	V3C99_013503
copb-1	V3C99_013504
Y25C1A.8	V3C99_013505
Y25C1A.7	V3C99_013506
NNNNNN	V3C99_013507
rps-9	V3C99_013508
lsm-1	V3C99_013509
C29F7.3	V3C99_013510
F40F8.1	V3C99_013510
K07E8.7	V3C99_013511
NNNNNN	V3C99_013512
nep-2	V3C99_013514
upb-1	V3C99_013517
dao-3	V3C99_013518
NNNNNN	V3C99_013521
stg-1	V3C99_013523
rpl-35	V3C99_013524
skpt-1	V3C99_013525
NNNNNN	V3C99_013526
NNNNNN	V3C99_013527
NNNNNN	V3C99_013529
gldi-2	V3C99_013531
NNNNNN	V3C99_013533
dnj-5	V3C99_013534
abch-1	V3C99_013536
NNNNNN	V3C99_013538
osta-3	V3C99_013539
nmr-1	V3C99_013540
NNNNNN	V3C99_013548
NNNNNN	V3C99_013549
C08H9.16	V3C99_013550
vgln-1	V3C99_013551
NNNNNN	V3C99_013552
ctsa-3.1	V3C99_013555
ctsa-3.1	V3C99_013558
NNNNNN	V3C99_013560
NNNNNN	V3C99_013561
NNNNNN	V3C99_013562
ldh-1	V3C99_013570
Y38C1AB.1	V3C99_013571
Y38C1AB.5	V3C99_013571
NNNNNN	V3C99_013576
NNNNNN	V3C99_013577
NNNNNN	V3C99_013578
NNNNNN	V3C99_013579
NNNNNN	V3C99_013580
NNNNNN	V3C99_013582
NNNNNN	V3C99_013582
NNNNNN	V3C99_013582
NNNNNN	V3C99_013582
NNNNNN	V3C99_013582
NNNNNN	V3C99_013583
NNNNNN	V3C99_013584
slc-36.5	V3C99_013586
tcer-1	V3C99_013590
algn-8	V3C99_013592
NNNNNN	V3C99_013594
NNNNNN	V3C99_013594
NNNNNN	V3C99_013594
NNNNNN	V3C99_013595
NNNNNN	V3C99_013595
NNNNNN	V3C99_013595
NNNNNN	V3C99_013596
NNNNNN	V3C99_013596
NNNNNN	V3C99_013596
NNNNNN	V3C99_013600
NNNNNN	V3C99_013600
NNNNNN	V3C99_013600
NNNNNN	V3C99_013605
pos-1	V3C99_013606
cogc-4	V3C99_013608
snpn-1	V3C99_013609
NNNNNN	V3C99_013610
NNNNNN	V3C99_013613
NNNNNN	V3C99_013630
NNNNNN	V3C99_013631
ufd-2	V3C99_013632
pdha-1	V3C99_013633
NNNNNN	V3C99_013635
NNNNNN	V3C99_013636
acdh-12	V3C99_013637
maoc-1	V3C99_013638
fdgt-1	V3C99_013641
mec-4	V3C99_013644
twk-26	V3C99_013648
twk-45	V3C99_013648
rpn-5	V3C99_013649
unc-85	V3C99_013650
asfl-1	V3C99_013650
NNNNNN	V3C99_013651
NNNNNN	V3C99_013652
C17C3.1	V3C99_013654
C17C3.3	V3C99_013654
zmp-4	V3C99_013655
cyn-2	V3C99_013659
cyn-3	V3C99_013659
cyn-7	V3C99_013659
lec-1	V3C99_013661
NNNNNN	V3C99_013664
mdt-8	V3C99_013665
age-1	V3C99_013666
ZK673.2	V3C99_013668
ZK673.2	V3C99_013669
NNNNNN	V3C99_013675
mdt-8	V3C99_013676
age-1	V3C99_013677
ZK673.2	V3C99_013678
alh-1	V3C99_013685
alh-2	V3C99_013685
alh-1	V3C99_013686
alh-2	V3C99_013686
NNNNNN	V3C99_013689
NNNNNN	V3C99_013689
NNNNNN	V3C99_013690
NNNNNN	V3C99_013691
efr-3	V3C99_013698
smg-9	V3C99_013700
dph-2	V3C99_013704
NNNNNN	V3C99_013706
NNNNNN	V3C99_013709
mnat-1	V3C99_013714
tsr-1	V3C99_013715
NNNNNN	V3C99_013717
NNNNNN	V3C99_013718
NNNNNN	V3C99_013724
NNNNNN	V3C99_013728
R08F11.1	V3C99_013729
par-1	V3C99_013732
che-12	V3C99_013734
NNNNNN	V3C99_013735
NNNNNN	V3C99_013736
csn-1	V3C99_013737
NNNNNN	V3C99_013739
folt-2	V3C99_013740
folt-3	V3C99_013740
NNNNNN	V3C99_013741
F28C1.3	V3C99_013743
egl-10	V3C99_013745
NNNNNN	V3C99_013746
efl-1	V3C99_013747
C05C8.1	V3C99_013749
NNNNNN	V3C99_013751
NNNNNN	V3C99_013751
NNNNNN	V3C99_013752
T15B7.1	V3C99_013755
hlh-34	V3C99_013756
T20B3.1	V3C99_013759
NNNNNN	V3C99_013760
NNNNNN	V3C99_013761
mog-5	V3C99_013762
wdr-20	V3C99_013763
aos-1	V3C99_013764
NNNNNN	V3C99_013765
ZC190.4	V3C99_013766
NNNNNN	V3C99_013768
cwf-19L1	V3C99_013769
T04H1.5	V3C99_013770
dhs-22	V3C99_013773
dhs-22	V3C99_013775
NNNNNN	V3C99_013777
NNNNNN	V3C99_013778
NNNNNN	V3C99_013787
F31D4.5	V3C99_013789
NNNNNN	V3C99_013796
clic-1	V3C99_013797
NNNNNN	V3C99_013798
NNNNNN	V3C99_013799
NNNNNN	V3C99_013799
F29A7.4	V3C99_013800
NNNNNN	V3C99_013802
NNNNNN	V3C99_013820
col-43	V3C99_013821
NNNNNN	V3C99_013821
NNNNNN	V3C99_013822
NNNNNN	V3C99_013823
NNNNNN	V3C99_013824
exp-2	V3C99_013826
atg-16.1	V3C99_013829
asps-1	V3C99_013830
gana-1	V3C99_013833
R07B7.10	V3C99_013834
NNNNNN	V3C99_013838
NNNNNN	V3C99_013841
NNNNNN	V3C99_013841
NNNNNN	V3C99_013841
NNNNNN	V3C99_013841
NNNNNN	V3C99_013841
NNNNNN	V3C99_013841
NNNNNN	V3C99_013841
NNNNNN	V3C99_013841
NNNNNN	V3C99_013841
soap-1	V3C99_013842
C13F10.5	V3C99_013843
F56B3.4	V3C99_013845
spcs-2	V3C99_013849
F31D4.2	V3C99_013850
unc-120	V3C99_013853
NNNNNN	V3C99_013855
NNNNNN	V3C99_013861
NNNNNN	V3C99_013861
aqp-4	V3C99_013863
aqp-6	V3C99_013864
aqp-6	V3C99_013865
NNNNNN	V3C99_013870
lmtr-2	V3C99_013871
rpb-9	V3C99_013872
Y97E10AR.6	V3C99_013873
NNNNNN	V3C99_013878
nuo-5	V3C99_013879
Y45G12B.2	V3C99_013880
hid-1	V3C99_013881
Y45G12B.2	V3C99_013882
kel-8	V3C99_013883
W02G9.3	V3C99_013884
Y45G12B.3	V3C99_013887
Y57A10A.29	V3C99_013888
W02G9.4	V3C99_013889
hex-5	V3C99_013891
NNNNNN	V3C99_013893
NNNNNN	V3C99_013893
NNNNNN	V3C99_013893
cyp-33E1	V3C99_013894
cyp-33E2	V3C99_013894
mrpl-39	V3C99_013895
NNNNNN	V3C99_013897
NNNNNN	V3C99_013898
NNNNNN	V3C99_013900
Y32F6A.5	V3C99_013902
Y32F6A.5	V3C99_013903
haao-1	V3C99_013905
NNNNNN	V3C99_013906
F40F9.10	V3C99_013907
aagr-3	V3C99_013909
NNNNNN	V3C99_013910
NNNNNN	V3C99_013916
NNNNNN	V3C99_013917
NNNNNN	V3C99_013917
NNNNNN	V3C99_013917
srsx-26	V3C99_013922
srsx-27	V3C99_013922
srsx-28	V3C99_013922
srsx-29	V3C99_013922
NNNNNN	V3C99_013923
NNNNNN	V3C99_013924
isy-1	V3C99_013925
zhit-3	V3C99_013926
tftc-3	V3C99_013927
rpc-25	V3C99_013928
cytb-5.1	V3C99_013933
atn-1	V3C99_013934
acl-14	V3C99_013935
K07B1.4	V3C99_013936
NNNNNN	V3C99_013937
NNNNNN	V3C99_013937
NNNNNN	V3C99_013937
C37C3.2	V3C99_013938
NNNNNN	V3C99_013939
mlt-4	V3C99_013940
gfm-1	V3C99_013941
swsn-1	V3C99_013942
sld-5	V3C99_013942
spd-1	V3C99_013943
NNNNNN	V3C99_013945
K07C11.7	V3C99_013947
NNNNNN	V3C99_013949
NNNNNN	V3C99_013950
NNNNNN	V3C99_013950
NNNNNN	V3C99_013953
NNNNNN	V3C99_013954
C03H12.1	V3C99_013955
mxl-1	V3C99_013956
pgap-1	V3C99_013957
nuaf-1	V3C99_013960
slrp-1	V3C99_013961
K07B1.7	V3C99_013966
NNNNNN	V3C99_013967
ife-3	V3C99_013968
NNNNNN	V3C99_013970
NNNNNN	V3C99_013970
NNNNNN	V3C99_013970
NNNNNN	V3C99_013970
NNNNNN	V3C99_013970
ech-8	V3C99_013974
ech-9	V3C99_013974
NNNNNN	V3C99_013985
NNNNNN	V3C99_013986
NNNNNN	V3C99_013987
NNNNNN	V3C99_013988
ncx-2	V3C99_013989
natc-2	V3C99_013990
NNNNNN	V3C99_013991
spe-49	V3C99_013992
odc-1	V3C99_013993
NNNNNN	V3C99_013994
T04F3.1	V3C99_013995
NNNNNN	V3C99_013996
amx-3	V3C99_013997
NNNNNN	V3C99_013998
letm-1	V3C99_013999
zig-11	V3C99_014002
cct-7	V3C99_014003
NNNNNN	V3C99_014004
NNNNNN	V3C99_014005
Y61A9LA.10	V3C99_014006
sumv-2	V3C99_014007
pfk-1.2	V3C99_014008
pmt-2	V3C99_014010
NNNNNN	V3C99_014011
NNNNNN	V3C99_014034
K11C4.2	V3C99_014036
unc-70	V3C99_014037
NNNNNN	V3C99_014038
NNNNNN	V3C99_014039
NNNNNN	V3C99_014041
NNNNNN	V3C99_014041
NNNNNN	V3C99_014041
NNNNNN	V3C99_014046
NNNNNN	V3C99_014047
NNNNNN	V3C99_014050
NNNNNN	V3C99_014051
NNNNNN	V3C99_014052
NNNNNN	V3C99_014053
egl-8	V3C99_014060
NNNNNN	V3C99_014061
fmo-4	V3C99_014062
fmo-4	V3C99_014063
NNNNNN	V3C99_014064
unc-41	V3C99_014068
NNNNNN	V3C99_014070
anmt-3	V3C99_014072
NNNNNN	V3C99_014075
T10C6.6	V3C99_014076
mys-2	V3C99_014077
cwc-15	V3C99_014078
pptr-1	V3C99_014079
NNNNNN	V3C99_014080
NNNNNN	V3C99_014087
cdc-25.2	V3C99_014089
scd-2	V3C99_014090
NNNNNN	V3C99_014092
ocr-1	V3C99_014093
gln-2	V3C99_014094
gln-5	V3C99_014094
gln-6	V3C99_014094
gln-2	V3C99_014095
gln-5	V3C99_014095
gln-6	V3C99_014095
NNNNNN	V3C99_014097
NNNNNN	V3C99_014098
NNNNNN	V3C99_014100
C25A8.5	V3C99_014101
F23C8.7	V3C99_014101
NNNNNN	V3C99_014102
C25A8.5	V3C99_014103
F23C8.7	V3C99_014103
rap-2	V3C99_014107
otub-1	V3C99_014107
uda-1	V3C99_014108
NNNNNN	V3C99_014109
cpr-9	V3C99_014111
NNNNNN	V3C99_014113
NNNNNN	V3C99_014115
NNNNNN	V3C99_014115
NNNNNN	V3C99_014115
NNNNNN	V3C99_014115
NNNNNN	V3C99_014115
NNNNNN	V3C99_014115
NNNNNN	V3C99_014115
NNNNNN	V3C99_014116
cdt-2	V3C99_014117
NNNNNN	V3C99_014118
mics-1	V3C99_014120
NNNNNN	V3C99_014121
vps-54	V3C99_014122
NNNNNN	V3C99_014123
F35C11.3	V3C99_014124
M05D6.1	V3C99_014124
crt-1	V3C99_014125
F35C11.3	V3C99_014126
M05D6.1	V3C99_014126
crt-1	V3C99_014127
act-1	V3C99_014129
act-2	V3C99_014129
act-3	V3C99_014129
act-4	V3C99_014129
act-1	V3C99_014130
act-2	V3C99_014130
act-3	V3C99_014130
act-4	V3C99_014130
act-1	V3C99_014131
act-2	V3C99_014131
act-3	V3C99_014131
act-4	V3C99_014131
C14B1.3	V3C99_014132
sde-2	V3C99_014133
F53F4.11	V3C99_014134
NNNNNN	V3C99_014137
C50F4.16	V3C99_014140
NNNNNN	V3C99_014141
NNNNNN	V3C99_014142
NNNNNN	V3C99_014143
eea-1	V3C99_014145
NNNNNN	V3C99_014146
tsfm-1	V3C99_014152
NNNNNN	V3C99_014154
NNNNNN	V3C99_014158
taf-10	V3C99_014161
fkb-6	V3C99_014162
C05C8.7	V3C99_014163
NNNNNN	V3C99_014164
cal-1	V3C99_014166
lipl-1	V3C99_014168
lipl-3	V3C99_014168
lipl-5	V3C99_014168
NNNNNN	V3C99_014169
NNNNNN	V3C99_014171
NNNNNN	V3C99_014172
NNNNNN	V3C99_014175
gtf-2F2	V3C99_014178
tgt-2	V3C99_014179
Y39B6A.34	V3C99_014179
nxf-1	V3C99_014180
hpo-9	V3C99_014181
NNNNNN	V3C99_014187
NNNNNN	V3C99_014188
NNNNNN	V3C99_014189
NNNNNN	V3C99_014191
rgef-1	V3C99_014192
ehbp-1	V3C99_014193
C15C8.4	V3C99_014194
rps-4	V3C99_014197
Y43B11AR.3	V3C99_014198
NNNNNN	V3C99_014199
F08F3.4	V3C99_014200
rmd-2	V3C99_014201
C27H6.8	V3C99_014202
cash-1	V3C99_014203
ugt-49	V3C99_014204
NNNNNN	V3C99_014206
slc-25A29	V3C99_014207
pmp-3	V3C99_014208
rfc-1	V3C99_014209
C38C3.4	V3C99_014210
NNNNNN	V3C99_014211
NNNNNN	V3C99_014211
NNNNNN	V3C99_014211
NNNNNN	V3C99_014211
NNNNNN	V3C99_014211
NNNNNN	V3C99_014211
NNNNNN	V3C99_014212
T28B4.1	V3C99_014213
W01F3.2	V3C99_014214
NNNNNN	V3C99_014217
uig-1	V3C99_014220
NNNNNN	V3C99_014221
NNNNNN	V3C99_014222
NNNNNN	V3C99_014227
NNNNNN	V3C99_014228
NNNNNN	V3C99_014229
NNNNNN	V3C99_014234
hex-1	V3C99_014236
hex-1	V3C99_014237
NNNNNN	V3C99_014238
hil-3	V3C99_014239
zipt-16	V3C99_014241
NNNNNN	V3C99_014256
NNNNNN	V3C99_014256
chw-1	V3C99_014258
NNNNNN	V3C99_014259
cyp-32A1	V3C99_014260
pitr-4	V3C99_014263
F53F8.5	V3C99_014266
NNNNNN	V3C99_014267
F21A3.11	V3C99_014279
B0024.15	V3C99_014280
B0024.15	V3C99_014282
ric-4	V3C99_014284
akt-1	V3C99_014285
snb-1	V3C99_014287
syx-18	V3C99_014288
npp-15	V3C99_014290
NNNNNN	V3C99_014304
dyci-1	V3C99_014305
NNNNNN	V3C99_014306
NNNNNN	V3C99_014306
NNNNNN	V3C99_014306
NNNNNN	V3C99_014306
NNNNNN	V3C99_014307
NNNNNN	V3C99_014307
NNNNNN	V3C99_014307
NNNNNN	V3C99_014307
NNNNNN	V3C99_014309
nkcc-1	V3C99_014311
soc-1	V3C99_014321
srp-1	V3C99_014322
srp-2	V3C99_014322
algn-5	V3C99_014324
rpac-40	V3C99_014325
H43I07.1	V3C99_014326
NNNNNN	V3C99_014328
NNNNNN	V3C99_014329
hsp-90	V3C99_014332
C47E8.4	V3C99_014333
NNNNNN	V3C99_014336
NNNNNN	V3C99_014339
NNNNNN	V3C99_014342
NNNNNN	V3C99_014343
kvs-2	V3C99_014347
NNNNNN	V3C99_014348
kvs-3	V3C99_014355
NNNNNN	V3C99_014356
B0035.3	V3C99_014358
dnj-22	V3C99_014359
NNNNNN	V3C99_014363
NNNNNN	V3C99_014364
NNNNNN	V3C99_014365
C56A3.4	V3C99_014366
NNNNNN	V3C99_014371
sbt-1	V3C99_014373
num-1	V3C99_014379
NNNNNN	V3C99_014380
NNNNNN	V3C99_014380
NNNNNN	V3C99_014390
rhr-2	V3C99_014399
tre-3	V3C99_014400
ceh-32	V3C99_014402
NNNNNN	V3C99_014404
dhs-21	V3C99_014409
memo-1	V3C99_014411
lgc-36	V3C99_014415
NNNNNN	V3C99_014417
F22F7.7	V3C99_014421
rme-1	V3C99_014423
unc-45	V3C99_014424
NNNNNN	V3C99_014425
NNNNNN	V3C99_014427
NNNNNN	V3C99_014431
dcs-1	V3C99_014432
fre-1	V3C99_014433
NNNNNN	V3C99_014435
gcst-1	V3C99_014438
NNNNNN	V3C99_014439
NNNNNN	V3C99_014440
rpl-38	V3C99_014441
NNNNNN	V3C99_014443
trx-2	V3C99_014447
vps-39	V3C99_014448
C16D9.6	V3C99_014450
NNNNNN	V3C99_014451
dvc-1	V3C99_014452
NNNNNN	V3C99_014454
rmd-2	V3C99_014456
NNNNNN	V3C99_014462
NNNNNN	V3C99_014476
arid-1	V3C99_014477
F32D8.14	V3C99_014478
F32D8.4	V3C99_014479
F32D8.12	V3C99_014480
bud-13	V3C99_014482
plrg-1	V3C99_014483
prp-38	V3C99_014484
secs-1	V3C99_014485
NNNNNN	V3C99_014490
NNNNNN	V3C99_014491
NNNNNN	V3C99_014494
NNNNNN	V3C99_014495
figl-1	V3C99_014496
npp-22	V3C99_014497
NNNNNN	V3C99_014500
NNNNNN	V3C99_014501
npp-22	V3C99_014502
NNNNNN	V3C99_014503
B0024.15	V3C99_014509
NNNNNN	V3C99_014510
nol-16	V3C99_014511
NNNNNN	V3C99_014515
NNNNNN	V3C99_014516
NNNNNN	V3C99_014517
NNNNNN	V3C99_014523
rmh-2	V3C99_014524
NNNNNN	V3C99_014526
eelo-1	V3C99_014531
ZK287.7	V3C99_014532
xbx-6	V3C99_014535
mrck-1	V3C99_014537
NNNNNN	V3C99_014545
NNNNNN	V3C99_014548
NNNNNN	V3C99_014548
NNNNNN	V3C99_014568
NNNNNN	V3C99_014568
NNNNNN	V3C99_014568
NNNNNN	V3C99_014572
NNNNNN	V3C99_014576
rps-30	V3C99_014579
NNNNNN	V3C99_014580
NNNNNN	V3C99_014581
Y32F6B.1	V3C99_014582
NNNNNN	V3C99_014583
NNNNNN	V3C99_014584
pha-4	V3C99_014585
NNNNNN	V3C99_014588
NNNNNN	V3C99_014600
T25B9.4	V3C99_014601
sul-2	V3C99_014604
sul-2	V3C99_014609
smoc-1	V3C99_014620
smoc-1	V3C99_014621
NNNNNN	V3C99_014626
gld-1	V3C99_014627
snap-1	V3C99_014629
pgs-1	V3C99_014631
ncx-5	V3C99_014633
Y32F6B.1	V3C99_014635
NNNNNN	V3C99_014643
cgp-1	V3C99_014644
NNNNNN	V3C99_014647
NNNNNN	V3C99_014648
NNNNNN	V3C99_014648
saeg-1	V3C99_014650
K03B8.6	V3C99_014656
NNNNNN	V3C99_014659
NNNNNN	V3C99_014660
H27A22.1	V3C99_014667
scpl-4	V3C99_014668
marc-2	V3C99_014669
abhd-3.1	V3C99_014671
abhd-3.2	V3C99_014671
stn-2	V3C99_014675
stn-2	V3C99_014677
NNNNNN	V3C99_014678
C13F10.7	V3C99_014680
kxd-1	V3C99_014681
C13F10.7	V3C99_014682
kxd-1	V3C99_014683
hpo-31	V3C99_014689
sel-10	V3C99_014690
ceh-24	V3C99_014692
tag-120	V3C99_014693
NNNNNN	V3C99_014695
NNNNNN	V3C99_014696
T28H10.1	V3C99_014698
rbm-25	V3C99_014699
NNNNNN	V3C99_014700
mrps-11	V3C99_014701
NNNNNN	V3C99_014702
NNNNNN	V3C99_014706
NNNNNN	V3C99_014707
NNNNNN	V3C99_014707
lgmn-1	V3C99_014710
lgmn-1	V3C99_014714
haf-3	V3C99_014715
dlst-1	V3C99_014716
haf-3	V3C99_014717
W02F12.4	V3C99_014718
fan-1	V3C99_014721
lmd-3	V3C99_014722
wdr-62	V3C99_014724
gly-1	V3C99_014729
unc-68	V3C99_014731
lipl-6	V3C99_014732
NNNNNN	V3C99_014735
NNNNNN	V3C99_014737
cri-2	V3C99_014738
F20D6.11	V3C99_014739
NNNNNN	V3C99_014740
NNNNNN	V3C99_014740
NNNNNN	V3C99_014740
NNNNNN	V3C99_014743
NNNNNN	V3C99_014743
NNNNNN	V3C99_014745
NNNNNN	V3C99_014745
NNNNNN	V3C99_014746
NNNNNN	V3C99_014746
NNNNNN	V3C99_014751
NNNNNN	V3C99_014751
NNNNNN	V3C99_014751
NNNNNN	V3C99_014751
NNNNNN	V3C99_014752
NNNNNN	V3C99_014752
mes-4	V3C99_014755
cyp-13A7	V3C99_014759
cyp-13A11	V3C99_014759
cyp-13A12	V3C99_014759
cyp-13A4	V3C99_014759
cyp-13A5	V3C99_014759
cyp-13A3	V3C99_014759
cyp-13A1	V3C99_014759
cyp-13A10	V3C99_014759
cyp-13A7	V3C99_014761
cyp-13A11	V3C99_014761
cyp-13A12	V3C99_014761
cyp-13A4	V3C99_014761
cyp-13A5	V3C99_014761
cyp-13A3	V3C99_014761
cyp-13A1	V3C99_014761
cyp-13A10	V3C99_014761
famh-161	V3C99_014762
ret-1	V3C99_014771
NNNNNN	V3C99_014772
NNNNNN	V3C99_014778
NNNNNN	V3C99_014779
R07B7.8	V3C99_014781
R07B7.9	V3C99_014781
NNNNNN	V3C99_014793
NNNNNN	V3C99_014795
NNNNNN	V3C99_014796
NNNNNN	V3C99_014797
NNNNNN	V3C99_014797
lpin-1	V3C99_014798
rom-3	V3C99_014801
rom-4	V3C99_014801
NNNNNN	V3C99_014802
NNNNNN	V3C99_014805
NNNNNN	V3C99_014805
NNNNNN	V3C99_014805
NNNNNN	V3C99_014806
NNNNNN	V3C99_014806
NNNNNN	V3C99_014806
NNNNNN	V3C99_014807
NNNNNN	V3C99_014807
NNNNNN	V3C99_014807
NNNNNN	V3C99_014811
NNNNNN	V3C99_014811
NNNNNN	V3C99_014811
NNNNNN	V3C99_014811
NNNNNN	V3C99_014812
NNNNNN	V3C99_014813
rskd-1	V3C99_014815
srpa-68	V3C99_014816
NNNNNN	V3C99_014818
NNNNNN	V3C99_014823
NNNNNN	V3C99_014824
NNNNNN	V3C99_014825
NNNNNN	V3C99_014826
spl-2	V3C99_014827
NNNNNN	V3C99_014830
NNNNNN	V3C99_014834
NNNNNN	V3C99_014836
NNNNNN	V3C99_014837
ptd-2	V3C99_014843
F25B4.8	V3C99_014850
Y42A5A.5	V3C99_014866
erfa-3	V3C99_014867
cdkl-1	V3C99_014870
cdkl-1	V3C99_014872
Y42A5A.1	V3C99_014873
NNNNNN	V3C99_014874
NNNNNN	V3C99_014875
NNNNNN	V3C99_014875
fib-1	V3C99_014879
rps-16	V3C99_014880
ampd-1	V3C99_014882
NNNNNN	V3C99_014886
cnb-1	V3C99_014889
NNNNNN	V3C99_014891
NNNNNN	V3C99_014896
NNNNNN	V3C99_014898
col-43	V3C99_014899
NNNNNN	V3C99_014899
tomm-20	V3C99_014900
NNNNNN	V3C99_014901
Y39B6A.33	V3C99_014902
acdh-3	V3C99_014903
hsp-16.41	V3C99_014904
hsp-16.48	V3C99_014904
hsp-16.49	V3C99_014904
acdh-3	V3C99_014905
NNNNNN	V3C99_014906
cgp-1	V3C99_014907
NNNNNN	V3C99_014912
pax-1	V3C99_014914
nol-56	V3C99_014915
NNNNNN	V3C99_014917
NNNNNN	V3C99_014917
NNNNNN	V3C99_014917
NNNNNN	V3C99_014917
NNNNNN	V3C99_014917
emb-4	V3C99_014927
gly-7	V3C99_014928
NNNNNN	V3C99_014928
NNNNNN	V3C99_014929
NNNNNN	V3C99_014929
NNNNNN	V3C99_014932
cpr-6	V3C99_014936
NNNNNN	V3C99_014937
R10D12.13	V3C99_014938
NNNNNN	V3C99_014939
NNNNNN	V3C99_014941
sptl-2	V3C99_014944
NNNNNN	V3C99_014950
NNNNNN	V3C99_014951
NNNNNN	V3C99_014952
NNNNNN	V3C99_014953
NNNNNN	V3C99_014956
NNNNNN	V3C99_014958
mct-6	V3C99_014962
mlk-1	V3C99_014963
pqn-51	V3C99_014965
NNNNNN	V3C99_014967
NNNNNN	V3C99_014968
NNNNNN	V3C99_014968
NNNNNN	V3C99_014968
NNNNNN	V3C99_014969
NNNNNN	V3C99_014969
NNNNNN	V3C99_014969
C39F7.5	V3C99_014972
rab-1	V3C99_014973
NNNNNN	V3C99_014976
NNNNNN	V3C99_014981
NNNNNN	V3C99_014981
spe-42	V3C99_014989
asns-1	V3C99_014990
acds-10	V3C99_014992
NNNNNN	V3C99_014993
NNNNNN	V3C99_014994
T03D8.6	V3C99_014995
NNNNNN	V3C99_014996
NNNNNN	V3C99_014998
hif-1	V3C99_014999
pitr-2	V3C99_015001
pitr-3	V3C99_015001
lin-40	V3C99_015010
NNNNNN	V3C99_015011
NNNNNN	V3C99_015012
NNNNNN	V3C99_015018
NNNNNN	V3C99_015020
NNNNNN	V3C99_015021
unc-80	V3C99_015023
idhg-1	V3C99_015025
moma-1	V3C99_015026
kmo-1	V3C99_015027
elp-1	V3C99_015028
NNNNNN	V3C99_015032
NNNNNN	V3C99_015036
NNNNNN	V3C99_015038
dmd-10	V3C99_015039
cyp-33D3	V3C99_015041
cyp-33C9	V3C99_015041
cyp-33C7	V3C99_015041
cyp-33C5	V3C99_015041
cyp-33C3	V3C99_015041
cyp-33C4	V3C99_015041
NNNNNN	V3C99_015042
NNNNNN	V3C99_015053
NNNNNN	V3C99_015055
C27A7.5	V3C99_015056
aqp-3	V3C99_015059
lev-9	V3C99_015060
peli-1	V3C99_015066
NNNNNN	V3C99_015067
T19B10.5	V3C99_015069
rad-50	V3C99_015071
NNNNNN	V3C99_015076
spe-26	V3C99_015078
usp-50	V3C99_015079
B0416.5	V3C99_015080
dhod-1	V3C99_015081
NNNNNN	V3C99_015082
prmt-1	V3C99_015083
mdt-17	V3C99_015084
egl-3	V3C99_015085
C51E3.6	V3C99_015086
rin-1	V3C99_015087
NNNNNN	V3C99_015089
F54E12.2	V3C99_015091
T23H2.3	V3C99_015091
dkf-2	V3C99_015092
tmd-2	V3C99_015094
E01A2.1	V3C99_015095
E01A2.1	V3C99_015097
NNNNNN	V3C99_015106
NNNNNN	V3C99_015107
NNNNNN	V3C99_015108
rtfo-1	V3C99_015109
NNNNNN	V3C99_015110
eif-2Bdelta	V3C99_015113
NNNNNN	V3C99_015114
NNNNNN	V3C99_015115
NNNNNN	V3C99_015116
NNNNNN	V3C99_015117
klp-18	V3C99_015121
ints-1	V3C99_015122
Y43F8B.2	V3C99_015123
NNNNNN	V3C99_015125
ccz-1	V3C99_015128
NNNNNN	V3C99_015134
NNNNNN	V3C99_015139
lmtr-3	V3C99_015143
C06H2.2	V3C99_015144
NNNNNN	V3C99_015145
NNNNNN	V3C99_015146
angl-1	V3C99_015147
angl-1	V3C99_015148
W02H5.8	V3C99_015149
NNNNNN	V3C99_015150
NNNNNN	V3C99_015150
cyp-33D3	V3C99_015153
cyp-33C9	V3C99_015153
cyp-33C7	V3C99_015153
cyp-33C5	V3C99_015153
cyp-33C3	V3C99_015153
cyp-33C4	V3C99_015153
NNNNNN	V3C99_015155
C14C10.5	V3C99_015156
NNNNNN	V3C99_015157
tasp-1	V3C99_015158
lmn-1	V3C99_015160
ucp-4	V3C99_015161
coq-6	V3C99_015162
myo-5	V3C99_015163
npr-5	V3C99_015165
F44A2.3	V3C99_015169
C24G6.8	V3C99_015170
NNNNNN	V3C99_015172
NNNNNN	V3C99_015174
NNNNNN	V3C99_015175
cyp-42A1	V3C99_015176
NNNNNN	V3C99_015184
mpst-1	V3C99_015185
NNNNNN	V3C99_015185
mpst-1	V3C99_015186
tig-2	V3C99_015188
F39G3.4	V3C99_015190
F39G3.5	V3C99_015190
prx-6	V3C99_015191
prp-39	V3C99_015194
hmgs-1	V3C99_015195
NNNNNN	V3C99_015197
NNNNNN	V3C99_015197
pyc-1	V3C99_015200
R11D1.1	V3C99_015202
acl-6	V3C99_015203
NNNNNN	V3C99_015210
F53F8.5	V3C99_015215
K07A1.3	V3C99_015216
hlh-15	V3C99_015220
algn-7	V3C99_015223
pph-5	V3C99_015226
adh-5	V3C99_015227
trm-2A	V3C99_015227
gar-3	V3C99_015228
NNNNNN	V3C99_015229
NNNNNN	V3C99_015232
F32D8.5	V3C99_015233
kcnl-1	V3C99_015234
dlat-1	V3C99_015236
gcs-1	V3C99_015237
capg-2	V3C99_015239
dlg-1	V3C99_015242
cel-1	V3C99_015246
NNNNNN	V3C99_015247
NNNNNN	V3C99_015249
vab-8	V3C99_015251
ogdh-2	V3C99_015252
rnp-1	V3C99_015255
dpy-30	V3C99_015256
NNNNNN	V3C99_015264
NNNNNN	V3C99_015265
cbs-1	V3C99_015269
cbs-2	V3C99_015269
F32D8.15	V3C99_015273
NNNNNN	V3C99_015274
NNNNNN	V3C99_015277
NNNNNN	V3C99_015279
F09G2.2	V3C99_015280
NNNNNN	V3C99_015282
npr-13	V3C99_015286
NNNNNN	V3C99_015287
NNNNNN	V3C99_015288
NNNNNN	V3C99_015289
hum-2	V3C99_015297
paf-1	V3C99_015300
paf-2	V3C99_015300
parp-1	V3C99_015302
pgap-3	V3C99_015303
jamp-1	V3C99_015304
seip-1	V3C99_015305
crls-1	V3C99_015308
NNNNNN	V3C99_015309
NNNNNN	V3C99_015310
NNNNNN	V3C99_015311
enpp-1	V3C99_015312
C27A7.3	V3C99_015312
best-14	V3C99_015316
C01B4.6	V3C99_015326
Y19D10A.16	V3C99_015326
NNNNNN	V3C99_015327
emb-27	V3C99_015330
F36D4.5	V3C99_015334
dmd-3	V3C99_015335
B0507.2	V3C99_015337
eif-3.K	V3C99_015340
mpst-7	V3C99_015341
mpst-7	V3C99_015345
eif-3.K	V3C99_015346
NNNNNN	V3C99_015347
bus-17	V3C99_015349
pqn-68	V3C99_015351
NNNNNN	V3C99_015354
daam-1	V3C99_015355
ttbk-7	V3C99_015359
Y41E3.7	V3C99_015360
acr-15	V3C99_015363
acr-16	V3C99_015365
NNNNNN	V3C99_015366
eef-1G	V3C99_015370
ctf-4	V3C99_015371
NNNNNN	V3C99_015372
ech-2	V3C99_015377
NNNNNN	V3C99_015381
NNNNNN	V3C99_015382
sftb-2	V3C99_015386
W03F9.1	V3C99_015387
acl-2	V3C99_015392
NNNNNN	V3C99_015394
NNNNNN	V3C99_015397
unc-39	V3C99_015398
Y49A3A.3	V3C99_015410
cept-2	V3C99_015411
hsp-17	V3C99_015412
parn-1	V3C99_015413
krr-1	V3C99_015415
vab-15	V3C99_015419
NNNNNN	V3C99_015424
prx-1	V3C99_015427
NNNNNN	V3C99_015430
pptr-2	V3C99_015433
NNNNNN	V3C99_015434
NNNNNN	V3C99_015435
NNNNNN	V3C99_015436
ints-9	V3C99_015437
swan-1	V3C99_015447
swan-2	V3C99_015448
snu-66	V3C99_015449
NNNNNN	V3C99_015451
NNNNNN	V3C99_015454
nphp-2	V3C99_015455
NNNNNN	V3C99_015456
nphp-2	V3C99_015459
NNNNNN	V3C99_015460
unc-34	V3C99_015463
rnst-2	V3C99_015464
pygl-1	V3C99_015469
NNNNNN	V3C99_015472
dnj-19	V3C99_015475
NNNNNN	V3C99_015478
hpo-15	V3C99_015481
mms-19	V3C99_015482
NNNNNN	V3C99_015484
glc-3	V3C99_015489
NNNNNN	V3C99_015490
bub-3	V3C99_015492
NNNNNN	V3C99_015493
mrps-12	V3C99_015494
NNNNNN	V3C99_015495
NNNNNN	V3C99_015496
NNNNNN	V3C99_015498
NNNNNN	V3C99_015500
NNNNNN	V3C99_015517
T27E9.2	V3C99_015521
cyl-1	V3C99_015522
NNNNNN	V3C99_015524
mans-2	V3C99_015526
snr-4	V3C99_015527
mif-2	V3C99_015528
NNNNNN	V3C99_015529
NNNNNN	V3C99_015533
let-355	V3C99_015535
unc-62	V3C99_015537
osm-6	V3C99_015538
tmed-12	V3C99_015548
tmed-4	V3C99_015548
gly-4	V3C99_015549
fars-2	V3C99_015550
NNNNNN	V3C99_015551
C37H5.13	V3C99_015552
nex-4	V3C99_015553
NNNNNN	V3C99_015554
NNNNNN	V3C99_015556
NNNNNN	V3C99_015560
NNNNNN	V3C99_015563
NNNNNN	V3C99_015563
NNNNNN	V3C99_015563
NNNNNN	V3C99_015563
NNNNNN	V3C99_015563
NNNNNN	V3C99_015564
NNNNNN	V3C99_015565
NNNNNN	V3C99_015568
eat-6	V3C99_015570
max-1	V3C99_015572
NNNNNN	V3C99_015575
NNNNNN	V3C99_015576
ska-1	V3C99_015578
frm-7	V3C99_015581
NNNNNN	V3C99_015582
NNNNNN	V3C99_015590
zwl-1	V3C99_015592
myo-3	V3C99_015594
sluh-7	V3C99_015595
magu-2	V3C99_015596
NNNNNN	V3C99_015597
NNNNNN	V3C99_015598
NNNNNN	V3C99_015604
bcl-11	V3C99_015607
xbx-1	V3C99_015621
NNNNNN	V3C99_015626
vars-1	V3C99_015630
algn-12	V3C99_015632
glrx-3	V3C99_015634
NNNNNN	V3C99_015635
NNNNNN	V3C99_015636
ZK632.4	V3C99_015637
sptl-3	V3C99_015641
NNNNNN	V3C99_015646
NNNNNN	V3C99_015648
dna-2	V3C99_015650
pes-9	V3C99_015651
NNNNNN	V3C99_015653
ztf-7	V3C99_015656
F46B6.6	V3C99_015657
F46B6.4	V3C99_015659
F46B6.12	V3C99_015660
egl-46	V3C99_015661
NNNNNN	V3C99_015662
Y97E10AL.1	V3C99_015663
NNNNNN	V3C99_015664
NNNNNN	V3C99_015665
klc-2	V3C99_015666
NNNNNN	V3C99_015667
ncx-1	V3C99_015670
sec-23	V3C99_015671
NNNNNN	V3C99_015676
slo-1	V3C99_015680
NNNNNN	V3C99_015681
dre-1	V3C99_015682
abcf-1	V3C99_015684
C54D10.10	V3C99_015685
dop-2	V3C99_015686
Y48G1C.12	V3C99_015688
NNNNNN	V3C99_015691
sti-1	V3C99_015692
lec-12	V3C99_015693
NNNNNN	V3C99_015694
NNNNNN	V3C99_015694
NNNNNN	V3C99_015697
B0207.6	V3C99_015698
mett-10	V3C99_015700
ZK856.5	V3C99_015701
cpz-2	V3C99_015703
ifbp-1	V3C99_015704
zipt-9	V3C99_015705
NNNNNN	V3C99_015706
R186.3	V3C99_015707
NNNNNN	V3C99_015713
NNNNNN	V3C99_015718
NNNNNN	V3C99_015727
NNNNNN	V3C99_015737
NNNNNN	V3C99_015739
snt-5	V3C99_015744
acr-8	V3C99_015748
C56C10.6	V3C99_015753
F54H5.2	V3C99_015753
snt-3	V3C99_015758
unc-112	V3C99_015767
rft-2	V3C99_015768
rft-1	V3C99_015768
NNNNNN	V3C99_015769
NNNNNN	V3C99_015771
ncs-5	V3C99_015775
NNNNNN	V3C99_015777
NNNNNN	V3C99_015778
fut-8	V3C99_015780
NNNNNN	V3C99_015781
gmpr-1	V3C99_015782
NNNNNN	V3C99_015789
T10B5.3	V3C99_015790
slfl-5	V3C99_015792
NNNNNN	V3C99_015800
NNNNNN	V3C99_015806
NNNNNN	V3C99_015807
ttx-1	V3C99_015809
hmp-1	V3C99_015812
emc-6	V3C99_015813
asp-5	V3C99_015824
NNNNNN	V3C99_015824
asp-5	V3C99_015825
NNNNNN	V3C99_015825
C10G8.8	V3C99_015827
emc-6	V3C99_015829
ceh-34	V3C99_015836
C10G8.8	V3C99_015837
dhs-20	V3C99_015840
cul-5	V3C99_015841
mnr-1	V3C99_015842
C23G10.2	V3C99_015843
tag-290	V3C99_015847
NNNNNN	V3C99_015848
NNNNNN	V3C99_015849
symk-1	V3C99_015850
C10B5.1	V3C99_015852
pxn-1	V3C99_015853
NNNNNN	V3C99_015854
NNNNNN	V3C99_015856
NNNNNN	V3C99_015858
NNNNNN	V3C99_015858
smk-1	V3C99_015860
R07G3.8	V3C99_015861
cdc-42	V3C99_015862
NNNNNN	V3C99_015863
F41E6.5	V3C99_015866
tag-196	V3C99_015869
NNNNNN	V3C99_015870
NNNNNN	V3C99_015871
atg-18	V3C99_015872
cpi-2	V3C99_015877
NNNNNN	V3C99_015878
picc-1	V3C99_015883
aps-1	V3C99_015884
M02B7.2	V3C99_015886
R02D3.8	V3C99_015886
M02B7.2	V3C99_015889
R02D3.8	V3C99_015889
NNNNNN	V3C99_015892
NNNNNN	V3C99_015893
NNNNNN	V3C99_015893
NNNNNN	V3C99_015894
NNNNNN	V3C99_015894
NNNNNN	V3C99_015895
mrg-1	V3C99_015896
NNNNNN	V3C99_015897
NNNNNN	V3C99_015898
NNNNNN	V3C99_015899
B0001.4	V3C99_015901
B0001.4	V3C99_015902
nphp-4	V3C99_015907
NNNNNN	V3C99_015908
NNNNNN	V3C99_015909
NNNNNN	V3C99_015910
pkc-1	V3C99_015925
NNNNNN	V3C99_015926
eif-2A	V3C99_015929
NNNNNN	V3C99_015933
NNNNNN	V3C99_015933
mks-3	V3C99_015934
NNNNNN	V3C99_015938
NNNNNN	V3C99_015947
NNNNNN	V3C99_015950
rpt-2	V3C99_015951
jmjc-1	V3C99_015952
NNNNNN	V3C99_015964
T06E6.1	V3C99_015965
picd-1	V3C99_015966
T06E6.1	V3C99_015967
trm-1	V3C99_015968
exc-14	V3C99_015969
NNNNNN	V3C99_015970
NNNNNN	V3C99_015977
F47G9.4	V3C99_015981
tmed-10	V3C99_015991
Y60A3A.19	V3C99_015992
NNNNNN	V3C99_015993
NNNNNN	V3C99_015994
fpn-1.2	V3C99_015995
tbc-7	V3C99_015996
ges-1	V3C99_016000
adss-1	V3C99_016005
hsp-6	V3C99_016007
C37H5.5	V3C99_016008
acr-10	V3C99_016013
bre-4	V3C99_016014
bre-4	V3C99_016015
bre-4	V3C99_016016
NNNNNN	V3C99_016018
aps-2	V3C99_016020
NNNNNN	V3C99_016021
B0024.13	V3C99_016023
NNNNNN	V3C99_016024
cdf-2	V3C99_016027
NNNNNN	V3C99_016028
NNNNNN	V3C99_016029
NNNNNN	V3C99_016030
NNNNNN	V3C99_016036
NNNNNN	V3C99_016038
Y57E12AL.1	V3C99_016042
tmem-258	V3C99_016043
NNNNNN	V3C99_016044
sma-1	V3C99_016045
cosa-1	V3C99_016050
prdx-2	V3C99_016051
algn-2	V3C99_016053
F09E5.3	V3C99_016054
NNNNNN	V3C99_016055
NNNNNN	V3C99_016061
rbx-1	V3C99_016062
NNNNNN	V3C99_016063
NNNNNN	V3C99_016067
abhd-12	V3C99_016068
rcor-1	V3C99_016070
NNNNNN	V3C99_016072
cubn-1	V3C99_016074
NNNNNN	V3C99_016086
NNNNNN	V3C99_016087
sut-2	V3C99_016088
chn-1	V3C99_016089
sos-1	V3C99_016090
unc-23	V3C99_016096
C50B6.7	V3C99_016097
C01G10.7	V3C99_016103
atg-13	V3C99_016104
ahsa-1	V3C99_016107
NNNNNN	V3C99_016108
NNNNNN	V3C99_016110
rhr-1	V3C99_016113
cat-4	V3C99_016117
NNNNNN	V3C99_016119
gpc-1	V3C99_016120
skp-1	V3C99_016122
NNNNNN	V3C99_016124
NNNNNN	V3C99_016125
cand-1	V3C99_016131
ctps-1	V3C99_016132
NNNNNN	V3C99_016164
NNNNNN	V3C99_016166
bus-18	V3C99_016167
sel-11	V3C99_016168
syx-5	V3C99_016169
F55A11.1	V3C99_016170
NNNNNN	V3C99_016172
uvs-1	V3C99_016178
uvs-1	V3C99_016180
mrpl-49	V3C99_016181
R11D1.10	V3C99_016182
NNNNNN	V3C99_016184
NNNNNN	V3C99_016189
NNNNNN	V3C99_016191
NNNNNN	V3C99_016191
NNNNNN	V3C99_016191
NNNNNN	V3C99_016191
umps-1	V3C99_016193
crn-2	V3C99_016194
mrpl-48	V3C99_016195
vps-37	V3C99_016196
NNNNNN	V3C99_016197
trpp-6	V3C99_016199
NNNNNN	V3C99_016200
ceh-22	V3C99_016201
NNNNNN	V3C99_016202
gsp-1	V3C99_016203
NNNNNN	V3C99_016204
mfsd-11	V3C99_016205
reps-1	V3C99_016213
NNNNNN	V3C99_016215
mrps-35	V3C99_016216
NNNNNN	V3C99_016221
NNNNNN	V3C99_016222
NNNNNN	V3C99_016225
ubh-1	V3C99_016227
dpy-11	V3C99_016228
R31.2	V3C99_016230
NNNNNN	V3C99_016231
NNNNNN	V3C99_016232
ZK856.11	V3C99_016233
NNNNNN	V3C99_016236
xpo-1	V3C99_016238
NNNNNN	V3C99_016239
NNNNNN	V3C99_016245
nmr-2	V3C99_016246
spas-1	V3C99_016247
F44A2.5	V3C99_016248
NNNNNN	V3C99_016254
NNNNNN	V3C99_016255
Y38A10A.7	V3C99_016257
Y39B6A.3	V3C99_016258
Y50D4C.3	V3C99_016259
Y50D4C.6	V3C99_016260
sqv-6	V3C99_016261
ccnk-1	V3C99_016262
dgtr-1	V3C99_016263
NNNNNN	V3C99_016264
C44B11.1	V3C99_016265
NNNNNN	V3C99_016266
mdh-1	V3C99_016268
W01A11.1	V3C99_016268
NNNNNN	V3C99_016269
pgph-3	V3C99_016271
pgph-2	V3C99_016271
pgph-1	V3C99_016271
NNNNNN	V3C99_016274
NNNNNN	V3C99_016276
hrg-9	V3C99_016277
hrg-10	V3C99_016277
Y59A8B.8	V3C99_016279
nova-1	V3C99_016281
rbg-1	V3C99_016283
T02H6.11	V3C99_016285
istr-1	V3C99_016286
cdkr-3	V3C99_016288
F32D8.13	V3C99_016290
sec-61.G	V3C99_016291
NNNNNN	V3C99_016292
NNNNNN	V3C99_016293
NNNNNN	V3C99_016294
NNNNNN	V3C99_016294
NNNNNN	V3C99_016294
NNNNNN	V3C99_016294
NNNNNN	V3C99_016295
NNNNNN	V3C99_016295
NNNNNN	V3C99_016295
NNNNNN	V3C99_016295
unc-45	V3C99_016297
drsh-1	V3C99_016300
clp-9	V3C99_016301
clp-10	V3C99_016301
cfz-2	V3C99_016302
zmp-3	V3C99_016308
hex-2	V3C99_016309
mls-1	V3C99_016313
fut-6	V3C99_016314
NNNNNN	V3C99_016315
NNNNNN	V3C99_016316
NNNNNN	V3C99_016347
NNNNNN	V3C99_016349
NNNNNN	V3C99_016354
shw-3	V3C99_016355
moc-1	V3C99_016356
pnn-1	V3C99_016356
NNNNNN	V3C99_016358
shw-3	V3C99_016359
pst-1	V3C99_016366
syf-3	V3C99_016367
unc-76	V3C99_016369
C01G10.10	V3C99_016370
rsp-1	V3C99_016371
NNNNNN	V3C99_016372
NNNNNN	V3C99_016372
NNNNNN	V3C99_016375
C05C8.5	V3C99_016376
NNNNNN	V3C99_016377
NNNNNN	V3C99_016377
NNNNNN	V3C99_016377
NNNNNN	V3C99_016377
NNNNNN	V3C99_016377
NNNNNN	V3C99_016377
NNNNNN	V3C99_016377
NNNNNN	V3C99_016377
NNNNNN	V3C99_016377
NNNNNN	V3C99_016380
NNNNNN	V3C99_016381
NNNNNN	V3C99_016381
NNNNNN	V3C99_016381
NNNNNN	V3C99_016381
NNNNNN	V3C99_016381
NNNNNN	V3C99_016381
NNNNNN	V3C99_016381
NNNNNN	V3C99_016381
NNNNNN	V3C99_016381
NNNNNN	V3C99_016381
NNNNNN	V3C99_016381
NNNNNN	V3C99_016393
sel-1	V3C99_016396
mrps-5	V3C99_016397
rpm-1	V3C99_016398
H14N18.4	V3C99_016402
H14N18.4	V3C99_016403
bbs-8	V3C99_016406
NNNNNN	V3C99_016407
pacs-1	V3C99_016412
F44E7.9	V3C99_016413
ZC250.2	V3C99_016414
ttb-1	V3C99_016416
algn-13	V3C99_016416
NNNNNN	V3C99_016417
set-6	V3C99_016417
NNNNNN	V3C99_016417
NNNNNN	V3C99_016417
pap-1	V3C99_016419
rga-3	V3C99_016421
rga-4	V3C99_016421
cfap-36	V3C99_016422
NNNNNN	V3C99_016423
NNNNNN	V3C99_016425
NNNNNN	V3C99_016426
NNNNNN	V3C99_016427
NNNNNN	V3C99_016428
pcaf-1	V3C99_016430
nid-1	V3C99_016431
NNNNNN	V3C99_016433
NNNNNN	V3C99_016435
NNNNNN	V3C99_016436
egl-2	V3C99_016438
NNNNNN	V3C99_016439
T07F10.3	V3C99_016441
pafo-1	V3C99_016443
mrps-21	V3C99_016444
C25E10.12	V3C99_016446
uvs-1	V3C99_016447
ssu-1	V3C99_016452
NNNNNN	V3C99_016455
fkb-3	V3C99_016456
E02A10.3	V3C99_016457
T07F10.3	V3C99_016459
gpla-1	V3C99_016463
NNNNNN	V3C99_016470
pak-2	V3C99_016477
ccch-1	V3C99_016483
NNNNNN	V3C99_016484
NNNNNN	V3C99_016486
NNNNNN	V3C99_016491
anp-1	V3C99_016500
anp-1	V3C99_016501
anp-1	V3C99_016502
anp-1	V3C99_016503
anp-1	V3C99_016506
algn-14	V3C99_016511
NNNNNN	V3C99_016512
NNNNNN	V3C99_016512
NNNNNN	V3C99_016514
NNNNNN	V3C99_016515
NNNNNN	V3C99_016516
faah-5	V3C99_016519
faah-4	V3C99_016519
got-1.2	V3C99_016521
acy-2	V3C99_016525
NNNNNN	V3C99_016531
mcp-1	V3C99_016532
pcm-1	V3C99_016533
tbcb-1	V3C99_016534
NNNNNN	V3C99_016536
ldp-1	V3C99_016537
NNNNNN	V3C99_016538
NNNNNN	V3C99_016540
NNNNNN	V3C99_016541
F33E11.3	V3C99_016542
gid-2	V3C99_016543
mom-1	V3C99_016544
phf-10	V3C99_016545
F25H9.7	V3C99_016546
phf-14	V3C99_016548
C35A5.8	V3C99_016551
mrpl-4	V3C99_016555
mrps-2	V3C99_016556
natc-1	V3C99_016557
NNNNNN	V3C99_016559
NNNNNN	V3C99_016559
NNNNNN	V3C99_016559
NNNNNN	V3C99_016562
NNNNNN	V3C99_016563
NNNNNN	V3C99_016563
NNNNNN	V3C99_016564
rol-3	V3C99_016566
NNNNNN	V3C99_016582
NNNNNN	V3C99_016585
NNNNNN	V3C99_016585
glp-1	V3C99_016586
lin-12	V3C99_016586
ndc-80	V3C99_016587
cky-1	V3C99_016590
NNNNNN	V3C99_016591
NNNNNN	V3C99_016591
NNNNNN	V3C99_016591
NNNNNN	V3C99_016591
NNNNNN	V3C99_016591
NNNNNN	V3C99_016591
NNNNNN	V3C99_016591
NNNNNN	V3C99_016591
NNNNNN	V3C99_016591
NNNNNN	V3C99_016591
NNNNNN	V3C99_016591
NNNNNN	V3C99_016591
NNNNNN	V3C99_016591
NNNNNN	V3C99_016591
NNNNNN	V3C99_016592
NNNNNN	V3C99_016595
NNNNNN	V3C99_016595
NNNNNN	V3C99_016596
NNNNNN	V3C99_016596
NNNNNN	V3C99_016596
NNNNNN	V3C99_016596
NNNNNN	V3C99_016596
NNNNNN	V3C99_016596
NNNNNN	V3C99_016596
NNNNNN	V3C99_016596
NNNNNN	V3C99_016596
NNNNNN	V3C99_016596
NNNNNN	V3C99_016596
NNNNNN	V3C99_016596
NNNNNN	V3C99_016596
NNNNNN	V3C99_016596
NNNNNN	V3C99_016597
NNNNNN	V3C99_016597
NNNNNN	V3C99_016597
NNNNNN	V3C99_016597
NNNNNN	V3C99_016597
NNNNNN	V3C99_016597
NNNNNN	V3C99_016597
NNNNNN	V3C99_016597
NNNNNN	V3C99_016597
NNNNNN	V3C99_016597
NNNNNN	V3C99_016597
NNNNNN	V3C99_016597
NNNNNN	V3C99_016597
NNNNNN	V3C99_016597
NNNNNN	V3C99_016598
NNNNNN	V3C99_016598
NNNNNN	V3C99_016598
NNNNNN	V3C99_016598
NNNNNN	V3C99_016598
NNNNNN	V3C99_016598
NNNNNN	V3C99_016598
NNNNNN	V3C99_016598
NNNNNN	V3C99_016598
NNNNNN	V3C99_016598
NNNNNN	V3C99_016598
NNNNNN	V3C99_016598
NNNNNN	V3C99_016598
NNNNNN	V3C99_016598
NNNNNN	V3C99_016599
NNNNNN	V3C99_016599
NNNNNN	V3C99_016599
NNNNNN	V3C99_016599
NNNNNN	V3C99_016599
NNNNNN	V3C99_016599
NNNNNN	V3C99_016599
NNNNNN	V3C99_016599
NNNNNN	V3C99_016599
NNNNNN	V3C99_016599
NNNNNN	V3C99_016599
NNNNNN	V3C99_016599
NNNNNN	V3C99_016599
NNNNNN	V3C99_016599
NNNNNN	V3C99_016600
NNNNNN	V3C99_016600
NNNNNN	V3C99_016600
NNNNNN	V3C99_016600
NNNNNN	V3C99_016600
NNNNNN	V3C99_016600
NNNNNN	V3C99_016600
NNNNNN	V3C99_016600
NNNNNN	V3C99_016600
NNNNNN	V3C99_016600
NNNNNN	V3C99_016600
NNNNNN	V3C99_016600
NNNNNN	V3C99_016600
NNNNNN	V3C99_016600
NNNNNN	V3C99_016603
NNNNNN	V3C99_016603
NNNNNN	V3C99_016603
NNNNNN	V3C99_016603
NNNNNN	V3C99_016603
NNNNNN	V3C99_016603
NNNNNN	V3C99_016603
NNNNNN	V3C99_016603
NNNNNN	V3C99_016603
NNNNNN	V3C99_016603
NNNNNN	V3C99_016603
NNNNNN	V3C99_016603
NNNNNN	V3C99_016603
NNNNNN	V3C99_016603
NNNNNN	V3C99_016604
NNNNNN	V3C99_016604
NNNNNN	V3C99_016604
NNNNNN	V3C99_016604
NNNNNN	V3C99_016604
NNNNNN	V3C99_016604
NNNNNN	V3C99_016604
NNNNNN	V3C99_016604
NNNNNN	V3C99_016604
NNNNNN	V3C99_016604
NNNNNN	V3C99_016604
NNNNNN	V3C99_016604
NNNNNN	V3C99_016604
NNNNNN	V3C99_016604
NNNNNN	V3C99_016605
NNNNNN	V3C99_016605
NNNNNN	V3C99_016605
NNNNNN	V3C99_016605
NNNNNN	V3C99_016605
NNNNNN	V3C99_016605
NNNNNN	V3C99_016605
NNNNNN	V3C99_016605
NNNNNN	V3C99_016605
NNNNNN	V3C99_016605
NNNNNN	V3C99_016605
NNNNNN	V3C99_016605
NNNNNN	V3C99_016605
NNNNNN	V3C99_016605
NNNNNN	V3C99_016606
sulp-8	V3C99_016608
mdt-6	V3C99_016614
NNNNNN	V3C99_016615
sipa-1	V3C99_016617
NNNNNN	V3C99_016621
bgal-1	V3C99_016630
NNNNNN	V3C99_016632
F35B12.10	V3C99_016633
F35B12.10	V3C99_016635
Y45G5AM.9	V3C99_016637
hda-11	V3C99_016638
F25D1.3	V3C99_016639
NNNNNN	V3C99_016640
NNNNNN	V3C99_016641
frm-10	V3C99_016642
F25H9.6	V3C99_016644
ppm-1.A	V3C99_016645
NNNNNN	V3C99_016648
T05H4.4	V3C99_016650
hpo-19	V3C99_016650
erfa-1	V3C99_016652
alh-4	V3C99_016653
T05H4.10	V3C99_016657
NNNNNN	V3C99_016665
NNNNNN	V3C99_016666
NNNNNN	V3C99_016666
F23B12.7	V3C99_016667
fntb-1	V3C99_016668
dhcr-7	V3C99_016670
NNNNNN	V3C99_016671
rpl-2	V3C99_016672
NNNNNN	V3C99_016673
NNNNNN	V3C99_016674
par-4	V3C99_016675
ebp-1	V3C99_016677
lsm-5	V3C99_016678
acs-1	V3C99_016684
NNNNNN	V3C99_016685
NNNNNN	V3C99_016686
pfkb-1.1	V3C99_016688
mtm-1	V3C99_016689
unc-42	V3C99_016698
NNNNNN	V3C99_016701
laat-1	V3C99_016715
pak-2	V3C99_016722
NNNNNN	V3C99_016724
gad-1	V3C99_016726
snx-6	V3C99_016727
gck-3	V3C99_016728
ttc-17	V3C99_016730
NNNNNN	V3C99_016731
NNNNNN	V3C99_016733
Y70C5C.1	V3C99_016737
C02G6.2	V3C99_016737
F44E7.4	V3C99_016737
Y70C5C.1	V3C99_016738
C02G6.2	V3C99_016738
F44E7.4	V3C99_016738
NNNNNN	V3C99_016742
NNNNNN	V3C99_016745
NNNNNN	V3C99_016746
NNNNNN	V3C99_016747
NNNNNN	V3C99_016748
npp-14	V3C99_016749
F53E2.2	V3C99_016751
NNNNNN	V3C99_016752
NNNNNN	V3C99_016753
dbl-1	V3C99_016755
NNNNNN	V3C99_016757
NNNNNN	V3C99_016757
NNNNNN	V3C99_016757
NNNNNN	V3C99_016757
NNNNNN	V3C99_016757
NNNNNN	V3C99_016757
NNNNNN	V3C99_016757
NNNNNN	V3C99_016757
NNNNNN	V3C99_016761
tnc-2	V3C99_016762
avr-15	V3C99_016763
F26D11.1	V3C99_016771
natb-1	V3C99_016773
NNNNNN	V3C99_016774
hphd-1	V3C99_016776
NNNNNN	V3C99_016777
F40F8.3	V3C99_016792
nasp-1	V3C99_016793
nasp-2	V3C99_016793
apc-1	V3C99_016794
R12A1.3	V3C99_016798
twk-14	V3C99_016800
D2023.6	V3C99_016803
mtg-1	V3C99_016804
atg-9	V3C99_016805
T22H9.1	V3C99_016806
C17G10.1	V3C99_016807
fce-2	V3C99_016817
F53E4.1	V3C99_016818
twk-46	V3C99_016819
asp-1	V3C99_016820
NNNNNN	V3C99_016820
NNNNNN	V3C99_016825
NNNNNN	V3C99_016827
tnt-4	V3C99_016828
NNNNNN	V3C99_016835
cps-6	V3C99_016836
cope-1	V3C99_016837
NNNNNN	V3C99_016838
ptr-22	V3C99_016839
NNNNNN	V3C99_016841
npr-25	V3C99_016843
NNNNNN	V3C99_016844
NNNNNN	V3C99_016845
NNNNNN	V3C99_016846
NNNNNN	V3C99_016854
dhs-16	V3C99_016856
srp-1	V3C99_016857
srp-2	V3C99_016857
oat-1	V3C99_016859
str-176	V3C99_016859
NNNNNN	V3C99_016859
NNNNNN	V3C99_016859
NNNNNN	V3C99_016860
NNNNNN	V3C99_016860
NNNNNN	V3C99_016861
NNNNNN	V3C99_016862
NNNNNN	V3C99_016862
NNNNNN	V3C99_016862
NNNNNN	V3C99_016862
NNNNNN	V3C99_016862
NNNNNN	V3C99_016862
NNNNNN	V3C99_016862
NNNNNN	V3C99_016862
NNNNNN	V3C99_016862
NNNNNN	V3C99_016862
NNNNNN	V3C99_016862
NNNNNN	V3C99_016862
NNNNNN	V3C99_016863
C24B5.4	V3C99_016866
NNNNNN	V3C99_016867
arx-2	V3C99_016874
crm-1	V3C99_016876
aip-1	V3C99_016878
ddx-17	V3C99_016879
NNNNNN	V3C99_016881
NNNNNN	V3C99_016881
NNNNNN	V3C99_016882
ptr-16	V3C99_016883
NNNNNN	V3C99_016884
NNNNNN	V3C99_016891
NNNNNN	V3C99_016892
fshr-1	V3C99_016894
NNNNNN	V3C99_016896
K08B12.3	V3C99_016899
chk-1	V3C99_016900
vps-33.2	V3C99_016901
dmd-8	V3C99_016902
NNNNNN	V3C99_016903
NNNNNN	V3C99_016903
NNNNNN	V3C99_016903
NNNNNN	V3C99_016903
NNNNNN	V3C99_016903
NNNNNN	V3C99_016903
NNNNNN	V3C99_016903
NNNNNN	V3C99_016903
NNNNNN	V3C99_016903
NNNNNN	V3C99_016903
NNNNNN	V3C99_016903
NNNNNN	V3C99_016903
NNNNNN	V3C99_016903
NNNNNN	V3C99_016908
NNNNNN	V3C99_016909
NNNNNN	V3C99_016915
NNNNNN	V3C99_016917
NNNNNN	V3C99_016920
gck-1	V3C99_016927
NNNNNN	V3C99_016928
R04B5.5	V3C99_016930
R04B5.6	V3C99_016930
NNNNNN	V3C99_016932
NNNNNN	V3C99_016933
NNNNNN	V3C99_016939
ape-1	V3C99_016941
NNNNNN	V3C99_016942
NNNNNN	V3C99_016943
NNNNNN	V3C99_016943
NNNNNN	V3C99_016943
NNNNNN	V3C99_016943
rnp-6	V3C99_016944
hint-3	V3C99_016947
pro-3	V3C99_016948
R04B5.5	V3C99_016950
R04B5.6	V3C99_016950
lbp-9	V3C99_016952
NNNNNN	V3C99_016953
NNNNNN	V3C99_016954
ZK973.11	V3C99_016954
NNNNNN	V3C99_016956
cni-1	V3C99_016956
T20D3.5	V3C99_016958
C04E6.11	V3C99_016959
NNNNNN	V3C99_016960
NNNNNN	V3C99_016961
NNNNNN	V3C99_016964
NNNNNN	V3C99_016964
NNNNNN	V3C99_016964
NNNNNN	V3C99_016966
NNNNNN	V3C99_016966
NNNNNN	V3C99_016966
NNNNNN	V3C99_016969
NNNNNN	V3C99_016970
NNNNNN	V3C99_016972
cmd-1	V3C99_016974
madd-2	V3C99_016975
ttll-5	V3C99_016999
C55A6.10	V3C99_017000
grdn-1	V3C99_017001
NNNNNN	V3C99_017002
R11H6.5	V3C99_017003
NNNNNN	V3C99_017006
atp-5	V3C99_017007
mboa-2	V3C99_017008
nrx-1	V3C99_017010
NNNNNN	V3C99_017019
usp-39	V3C99_017020
NNNNNN	V3C99_017024
NNNNNN	V3C99_017026
rpl-16	V3C99_017029
NNNNNN	V3C99_017030
ubc-19	V3C99_017031
NNNNNN	V3C99_017033
ints-5	V3C99_017034
add-2	V3C99_017035
bus-19	V3C99_017036
mig-6	V3C99_017038
NNNNNN	V3C99_017040
acl-9	V3C99_017043
mcm-7	V3C99_017045
C53A5.17	V3C99_017048
spin-1	V3C99_017051
F10C2.4	V3C99_017062
NNNNNN	V3C99_017077
NNNNNN	V3C99_017079
tmc-1	V3C99_017080
F40B5.2	V3C99_017083
cept-1	V3C99_017086
NNNNNN	V3C99_017088
NNNNNN	V3C99_017099
NNNNNN	V3C99_017106
NNNNNN	V3C99_017107
NNNNNN	V3C99_017111
igcm-2	V3C99_017113
glt-4	V3C99_017115
ada-2	V3C99_017116
NNNNNN	V3C99_017119
NNNNNN	V3C99_017123
pek-1	V3C99_017125
mct-4	V3C99_017126
NNNNNN	V3C99_017133
NNNNNN	V3C99_017134
git-1	V3C99_017138
NNNNNN	V3C99_017139
NNNNNN	V3C99_017140
dsc-1	V3C99_017141
seb-3	V3C99_017142
ergi-2	V3C99_017145
slc-25A18.1	V3C99_017147
sox-3	V3C99_017148
NNNNNN	V3C99_017149
C15H9.4	V3C99_017150
C15H9.5	V3C99_017151
let-413	V3C99_017152
K09A9.6	V3C99_017153
pcyt-2.1	V3C99_017156
NNNNNN	V3C99_017157
pdk-1	V3C99_017160
NNNNNN	V3C99_017162
dop-4	V3C99_017163
NNNNNN	V3C99_017164
NNNNNN	V3C99_017167
mfsd-12	V3C99_017168
NNNNNN	V3C99_017169
ceh-1	V3C99_017170
argn-1	V3C99_017173
F21G4.6	V3C99_017174
NNNNNN	V3C99_017176
NNNNNN	V3C99_017178
NNNNNN	V3C99_017180
NNNNNN	V3C99_017182
ccdc-149	V3C99_017183
NNNNNN	V3C99_017184
ergi-1	V3C99_017186
NNNNNN	V3C99_017188
igcm-4	V3C99_017190
C27C12.4	V3C99_017192
NNNNNN	V3C99_017193
egrh-1	V3C99_017194
egrh-2	V3C99_017194
dpf-2	V3C99_017195
rhi-1	V3C99_017201
C07A12.7	V3C99_017202
pdi-2	V3C99_017203
pfk-1.1	V3C99_017204
math-33	V3C99_017207
NNNNNN	V3C99_017208
NNNNNN	V3C99_017209
NNNNNN	V3C99_017210
NNNNNN	V3C99_017211
apt-9	V3C99_017213
sulp-7	V3C99_017215
W04G3.5	V3C99_017217
NNNNNN	V3C99_017218
NNNNNN	V3C99_017219
nmy-1	V3C99_017221
tsp-6	V3C99_017221
unc-2	V3C99_017222
unc-2	V3C99_017223
unc-2	V3C99_017226
cgef-1	V3C99_017229
lin-23	V3C99_017234
hcp-6	V3C99_017239
gas-1	V3C99_017241
nduf-2.2	V3C99_017241
serp-1.1	V3C99_017242
C50F4.12	V3C99_017245
fpn-1.1	V3C99_017246
NNNNNN	V3C99_017247
josd-1	V3C99_017251
hsp-3	V3C99_017252
hsp-4	V3C99_017252
frm-3	V3C99_017253
unc-45	V3C99_017255
sdn-1	V3C99_017256
NNNNNN	V3C99_017257
NNNNNN	V3C99_017258
NNNNNN	V3C99_017259
suco-1	V3C99_017261
mrp-1	V3C99_017265
mrp-2	V3C99_017265
NNNNNN	V3C99_017266
NNNNNN	V3C99_017267
NNNNNN	V3C99_017268
NNNNNN	V3C99_017270
NNNNNN	V3C99_017271
pha-2	V3C99_017272
lec-8	V3C99_017274
NNNNNN	V3C99_017274
tnt-2	V3C99_017277
slc-25A21	V3C99_017279
C11E4.6	V3C99_017281
NNNNNN	V3C99_017284
C14H10.3	V3C99_017285
kin-20	V3C99_017287
NNNNNN	V3C99_017288
piki-1	V3C99_017290
famk-1	V3C99_017293
unc-58	V3C99_017298
rme-4	V3C99_017301
fbp-1	V3C99_017303
fbp-1	V3C99_017304
emre-1	V3C99_017305
acn-1	V3C99_017307
Y67D8C.22	V3C99_017309
NNNNNN	V3C99_017310
tsp-21	V3C99_017314
vab-3	V3C99_017316
NNNNNN	V3C99_017317
acr-9	V3C99_017318
NNNNNN	V3C99_017319
C15B12.1	V3C99_017320
C15B12.8	V3C99_017320
ssr-2	V3C99_017321
lim-6	V3C99_017323
cah-5	V3C99_017324
erd-2.2	V3C99_017327
flwr-1	V3C99_017329
bet-2	V3C99_017330
nhx-5	V3C99_017331
NNNNNN	V3C99_017333
syg-2	V3C99_017334
NNNNNN	V3C99_017335
NNNNNN	V3C99_017336
NNNNNN	V3C99_017336
NNNNNN	V3C99_017336
NNNNNN	V3C99_017336
NNNNNN	V3C99_017337
NNNNNN	V3C99_017339
NNNNNN	V3C99_017340
sax-1	V3C99_017342
NNNNNN	V3C99_017344
NNNNNN	V3C99_017346
mob-2	V3C99_017348
NNNNNN	V3C99_017349
NNNNNN	V3C99_017349
NNNNNN	V3C99_017349
dgk-2	V3C99_017350
NNNNNN	V3C99_017352
NNNNNN	V3C99_017356
kvs-1	V3C99_017357
bcat-1	V3C99_017359
kynu-1	V3C99_017360
NNNNNN	V3C99_017361
NNNNNN	V3C99_017361
NNNNNN	V3C99_017361
NNNNNN	V3C99_017361
NNNNNN	V3C99_017361
nnt-1	V3C99_017362
NNNNNN	V3C99_017363
NNNNNN	V3C99_017364
tag-275	V3C99_017365
NNNNNN	V3C99_017368
NNNNNN	V3C99_017369
ndx-2	V3C99_017371
ets-5	V3C99_017372
NNNNNN	V3C99_017373
NNNNNN	V3C99_017374
vang-1	V3C99_017383
dhhc-14	V3C99_017384
NNNNNN	V3C99_017385
NNNNNN	V3C99_017388
NNNNNN	V3C99_017390
NNNNNN	V3C99_017391
NNNNNN	V3C99_017392
NNNNNN	V3C99_017393
NNNNNN	V3C99_017394
Y71H10B.1	V3C99_017395
Y42G9A.3	V3C99_017396
NNNNNN	V3C99_017398
T23G5.2	V3C99_017398
NNNNNN	V3C99_017400
NNNNNN	V3C99_017404
NNNNNN	V3C99_017406
fasn-1	V3C99_017408
NNNNNN	V3C99_017409
acl-5	V3C99_017416
R07E3.4	V3C99_017421
NNNNNN	V3C99_017422
unc-84	V3C99_017425
NNNNNN	V3C99_017430
NNNNNN	V3C99_017433
NNNNNN	V3C99_017439
wrt-6	V3C99_017441
egl-15	V3C99_017442
NNNNNN	V3C99_017443
wdr-54	V3C99_017444
F39H12.3	V3C99_017445
NNNNNN	V3C99_017447
NNNNNN	V3C99_017449
NNNNNN	V3C99_017450
T03G6.3	V3C99_017451
NNNNNN	V3C99_017452
mbr-1	V3C99_017453
H18N23.2	V3C99_017456
NNNNNN	V3C99_017458
F17H10.1	V3C99_017460
NNNNNN	V3C99_017461
dyf-19	V3C99_017464
lgl-1	V3C99_017465
atrn-1	V3C99_017466
NNNNNN	V3C99_017467
NNNNNN	V3C99_017468
C05G5.1	V3C99_017469
C05G5.3	V3C99_017472
C05G5.5	V3C99_017474
F09C8.2	V3C99_017486
NNNNNN	V3C99_017487
ZK1073.1	V3C99_017488
pnk-4	V3C99_017492
pmp-5	V3C99_017494
NNNNNN	V3C99_017498
NNNNNN	V3C99_017502
NNNNNN	V3C99_017502
NNNNNN	V3C99_017502
NNNNNN	V3C99_017502
NNNNNN	V3C99_017502
NNNNNN	V3C99_017502
NNNNNN	V3C99_017502
NNNNNN	V3C99_017502
NNNNNN	V3C99_017502
NNNNNN	V3C99_017502
NNNNNN	V3C99_017502
NNNNNN	V3C99_017502
NNNNNN	V3C99_017502
NNNNNN	V3C99_017502
NNNNNN	V3C99_017502
NNNNNN	V3C99_017502
NNNNNN	V3C99_017502
NNNNNN	V3C99_017502
NNNNNN	V3C99_017502
NNNNNN	V3C99_017502
NNNNNN	V3C99_017502
NNNNNN	V3C99_017502
NNNNNN	V3C99_017502
NNNNNN	V3C99_017502
NNNNNN	V3C99_017502
NNNNNN	V3C99_017502
NNNNNN	V3C99_017503
NNNNNN	V3C99_017503
NNNNNN	V3C99_017503
NNNNNN	V3C99_017503
NNNNNN	V3C99_017503
NNNNNN	V3C99_017503
NNNNNN	V3C99_017503
NNNNNN	V3C99_017503
NNNNNN	V3C99_017503
NNNNNN	V3C99_017503
NNNNNN	V3C99_017503
NNNNNN	V3C99_017503
NNNNNN	V3C99_017503
NNNNNN	V3C99_017503
NNNNNN	V3C99_017503
NNNNNN	V3C99_017503
NNNNNN	V3C99_017503
NNNNNN	V3C99_017503
NNNNNN	V3C99_017503
NNNNNN	V3C99_017503
NNNNNN	V3C99_017503
NNNNNN	V3C99_017503
NNNNNN	V3C99_017503
NNNNNN	V3C99_017503
NNNNNN	V3C99_017503
NNNNNN	V3C99_017503
NNNNNN	V3C99_017508
NNNNNN	V3C99_017509
NNNNNN	V3C99_017510
gly-1	V3C99_017512
sng-1	V3C99_017514
npr-24	V3C99_017516
NNNNNN	V3C99_017520
slc-17.1	V3C99_017521
mlc-1	V3C99_017522
mlc-2	V3C99_017522
mlc-1	V3C99_017523
mlc-2	V3C99_017523
C36E6.2	V3C99_017524
NNNNNN	V3C99_017525
NNNNNN	V3C99_017526
hsp-16.41	V3C99_017532
hsp-16.48	V3C99_017532
hsp-16.49	V3C99_017532
NNNNNN	V3C99_017533
NNNNNN	V3C99_017534
C34F6.7	V3C99_017536
hum-4	V3C99_017537
hsp-16.41	V3C99_017540
hsp-16.48	V3C99_017540
hsp-16.49	V3C99_017540
pak-1	V3C99_017543
sym-3	V3C99_017547
NNNNNN	V3C99_017548
NNNNNN	V3C99_017549
NNNNNN	V3C99_017550
NNNNNN	V3C99_017550
NNNNNN	V3C99_017552
NNNNNN	V3C99_017552
NNNNNN	V3C99_017553
NNNNNN	V3C99_017554
NNNNNN	V3C99_017555
NNNNNN	V3C99_017556
W03G11.3	V3C99_017557
NNNNNN	V3C99_017558
NNNNNN	V3C99_017560
C01C4.3	V3C99_017563
NNNNNN	V3C99_017564
NNNNNN	V3C99_017567
NNNNNN	V3C99_017568
ZC8.6	V3C99_017569
lfi-1	V3C99_017570
calu-1	V3C99_017571
NNNNNN	V3C99_017572
hlh-13	V3C99_017573
NNNNNN	V3C99_017585
NNNNNN	V3C99_017586
NNNNNN	V3C99_017587
C46H3.2	V3C99_017589
NNNNNN	V3C99_017590
aakg-3	V3C99_017595
gbb-1	V3C99_017596
F09C8.1	V3C99_017598
NNNNNN	V3C99_017599
mff-2	V3C99_017600
vwa-8	V3C99_017601
NNNNNN	V3C99_017605
twk-20	V3C99_017606
NNNNNN	V3C99_017606
NNNNNN	V3C99_017607
F09B12.3	V3C99_017608
nlg-1	V3C99_017609
NNNNNN	V3C99_017610
NNNNNN	V3C99_017611
gcy-36	V3C99_017612
dyf-6	V3C99_017613
trcs-1	V3C99_017615
T09B9.1	V3C99_017615
rme-6	V3C99_017618
NNNNNN	V3C99_017619
F52D10.2	V3C99_017620
NNNNNN	V3C99_017621
NNNNNN	V3C99_017622
NNNNNN	V3C99_017624
pkn-1	V3C99_017625
NNNNNN	V3C99_017626
NNNNNN	V3C99_017627
NNNNNN	V3C99_017629
NNNNNN	V3C99_017631
NNNNNN	V3C99_017635
taf-3	V3C99_017636
apl-1	V3C99_017637
NNNNNN	V3C99_017638
NNNNNN	V3C99_017640
tbc-1	V3C99_017641
NNNNNN	V3C99_017642
NNNNNN	V3C99_017645
ZC373.5	V3C99_017648
mlck-1	V3C99_017649
octr-1	V3C99_017650
NNNNNN	V3C99_017650
F14D12.1	V3C99_017651
NNNNNN	V3C99_017652
T22B7.3	V3C99_017653
egl-13	V3C99_017655
W01C8.5	V3C99_017656
NNNNNN	V3C99_017657
atg-2	V3C99_017658
C31H5.6	V3C99_017659
K05B2.4	V3C99_017659
W03D8.8	V3C99_017659
Y71H2AM.11	V3C99_017660
fard-1	V3C99_017662
NNNNNN	V3C99_017665
ver-3	V3C99_017666
ver-4	V3C99_017666
NNNNNN	V3C99_017668
NNNNNN	V3C99_017669
act-1	V3C99_017670
act-2	V3C99_017670
act-3	V3C99_017670
act-4	V3C99_017670
NNNNNN	V3C99_017676
NNNNNN	V3C99_017678
acbp-3	V3C99_017680
hda-4	V3C99_017681
gcc-2	V3C99_017688
nkb-1	V3C99_017689
nkb-3	V3C99_017689
NNNNNN	V3C99_017690
pix-1	V3C99_017692
tbck-1	V3C99_017693
NNNNNN	V3C99_017701
prmn-1	V3C99_017703
erd-2.1	V3C99_017706
sec-3	V3C99_017707
skr-1	V3C99_017708
skr-2	V3C99_017708
unc-115	V3C99_017709
F09B9.5	V3C99_017710
rhgf-1	V3C99_017715
NNNNNN	V3C99_017717
tmem-24	V3C99_017718
K08F9.1	V3C99_017719
C35A11.4	V3C99_017719
NNNNNN	V3C99_017720
hpo-8	V3C99_017723
NNNNNN	V3C99_017724
NNNNNN	V3C99_017726
rund-1	V3C99_017729
NNNNNN	V3C99_017731
tmem-135	V3C99_017736
NNNNNN	V3C99_017743
ceh-28	V3C99_017744
NNNNNN	V3C99_017745
NNNNNN	V3C99_017748
NNNNNN	V3C99_017757
NNNNNN	V3C99_017757
NNNNNN	V3C99_017757
NNNNNN	V3C99_017757
NNNNNN	V3C99_017757
cht-1	V3C99_017758
slcf-2	V3C99_017759
ZK563.7	V3C99_017760
cat-1	V3C99_017761
ZK563.2	V3C99_017762
csq-1	V3C99_017764
NNNNNN	V3C99_017765
NNNNNN	V3C99_017768
hosl-1	V3C99_017770
slcr-46.1	V3C99_017773
NNNNNN	V3C99_017774
NNNNNN	V3C99_017775
NNNNNN	V3C99_017776
NNNNNN	V3C99_017777
nas-13	V3C99_017778
coel-1	V3C99_017779
C52B9.4	V3C99_017780
T10H10.2	V3C99_017802
F54G2.1	V3C99_017806
ctbp-1	V3C99_017814
NNNNNN	V3C99_017818
rgs-2	V3C99_017835
NNNNNN	V3C99_017836
NNNNNN	V3C99_017840
ptr-1	V3C99_017849
NNNNNN	V3C99_017852
nck-1	V3C99_017865
uggt-2	V3C99_017871
uggt-1	V3C99_017871
K05B2.2	V3C99_017886
NNNNNN	V3C99_017903
rga-8	V3C99_017904
dct-1	V3C99_017906
sem-5	V3C99_017907
NNNNNN	V3C99_017938
NNNNNN	V3C99_017940
NNNNNN	V3C99_017940
NNNNNN	V3C99_017940
NNNNNN	V3C99_017940
NNNNNN	V3C99_017940
NNNNNN	V3C99_017940
NNNNNN	V3C99_017940
NNNNNN	V3C99_017945
rrc-1	V3C99_017954
NNNNNN	V3C99_017979
gcy-35	V3C99_017982
epn-1	V3C99_018018
F26A10.2	V3C99_018054
NNNNNN	V3C99_018062
NNNNNN	V3C99_018076
tag-241	V3C99_018094
tbh-1	V3C99_018096
hpk-1	V3C99_018104
twk-17	V3C99_018113
twk-17	V3C99_018125
gck-4	V3C99_018151
fkh-2	V3C99_018189
NNNNNN	V3C99_018196
unc-3	V3C99_018197
let-2	V3C99_018199
ace-1	V3C99_018200
ace-1	V3C99_018206
acr-12	V3C99_018209
rsd-3	V3C99_018211
lst-2	V3C99_018222
dpy-23	V3C99_018225
ceh-6	V3C99_018253
cyn-1	V3C99_018260
NNNNNN	V3C99_018291
pod-2	V3C99_018295
NNNNNN	V3C99_018310
NNNNNN	V3C99_018312
NNNNNN	V3C99_018314
svh-5	V3C99_018315
NNNNNN	V3C99_018321
NNNNNN	V3C99_018321
mig-15	V3C99_018334
ztf-16	V3C99_018339
sgca-1	V3C99_018366
sgca-1	V3C99_018420
grk-1	V3C99_018421
his-39	V3C99_018426
NNNNNN	V3C99_018432
NNNNNN	V3C99_018432
NNNNNN	V3C99_018433
eat-17	V3C99_018437
egg-5	V3C99_018448
egg-4	V3C99_018448
F16F9.4	V3C99_018454
vav-1	V3C99_018463
NNNNNN	V3C99_018474
NNNNNN	V3C99_018490
F17E5.2	V3C99_018492
F55A11.4	V3C99_018492
fax-1	V3C99_018493
ipla-3	V3C99_018498
NNNNNN	V3C99_018516
NNNNNN	V3C99_018551
mig-2	V3C99_018552
C34D10.1	V3C99_018553
miga-1	V3C99_018554
mboa-3	V3C99_018559
madd-3	V3C99_018562
F43B10.1	V3C99_018568
dyc-1	V3C99_018580
dpff-1	V3C99_018582
NNNNNN	V3C99_018592
C06G1.1	V3C99_018628
npr-16	V3C99_018635
dnj-25	V3C99_018649
deg-1	V3C99_018662
F43B10.1	V3C99_018667
spc-1	V3C99_018681
hrg-1	V3C99_018684
nprl-2	V3C99_018688
rpc-1	V3C99_018691
lam-2	V3C99_018693
NNNNNN	V3C99_018697
dve-1	V3C99_018708
NNNNNN	V3C99_018716
NNNNNN	V3C99_018722
NNNNNN	V3C99_018722
Y57G11C.3	V3C99_018725
vpat-1	V3C99_018738
rpl-28	V3C99_018740
mec-2	V3C99_018743
NNNNNN	V3C99_018744
ifta-1	V3C99_018745
NNNNNN	V3C99_018747
tomm-70	V3C99_018748
Y53F4B.39	V3C99_018752
kcnl-3	V3C99_018753
NNNNNN	V3C99_018757
F35B3.7	V3C99_018758
NNNNNN	V3C99_018759
NNNNNN	V3C99_018760
aqp-8	V3C99_018763
cab-1	V3C99_018766
ocr-2	V3C99_018769
NNNNNN	V3C99_018771
NNNNNN	V3C99_018773
NNNNNN	V3C99_018774
NNNNNN	V3C99_018777
NNNNNN	V3C99_018778
NNNNNN	V3C99_018779
pcdr-1	V3C99_018784
F35G12.7	V3C99_018785
gmeb-2	V3C99_018786
NNNNNN	V3C99_018788
NNNNNN	V3C99_018795
eral-1	V3C99_018796
C37E2.2	V3C99_018797
C37E2.3	V3C99_018797
hrpl-1	V3C99_018797
mrps-14	V3C99_018799
sym-4	V3C99_018800
idhb-1	V3C99_018801
NNNNNN	V3C99_018802
NNNNNN	V3C99_018804
mdl-1	V3C99_018805
NNNNNN	V3C99_018807
NNNNNN	V3C99_018809
NNNNNN	V3C99_018811
NNNNNN	V3C99_018812
NNNNNN	V3C99_018819
NNNNNN	V3C99_018820
lmn-1	V3C99_018821
NNNNNN	V3C99_018824
gsnl-1	V3C99_018825
gsnl-1	V3C99_018827
gap-2	V3C99_018829
NNNNNN	V3C99_018831
C05C9.1	V3C99_018832
NNNNNN	V3C99_018833
NNNNNN	V3C99_018835
cdh-9	V3C99_018836
ser-1	V3C99_018837
NNNNNN	V3C99_018838
F35H12.1	V3C99_018839
scl-1	V3C99_018840
scl-7	V3C99_018840
scl-8	V3C99_018840
scl-11	V3C99_018840
scl-2	V3C99_018840
scl-3	V3C99_018840
scl-15	V3C99_018840
scl-12	V3C99_018840
scl-13	V3C99_018840
ptr-4	V3C99_018841
F38B2.4	V3C99_018843
NNNNNN	V3C99_018846
NNNNNN	V3C99_018847
K11G12.6	V3C99_018848
eral-1	V3C99_018849
NNNNNN	V3C99_018850
NNNNNN	V3C99_018851
NNNNNN	V3C99_018852
NNNNNN	V3C99_018854
dhhc-1	V3C99_018857
NNNNNN	V3C99_018858
arr-1	V3C99_018863
gst-42	V3C99_018865
gst-43	V3C99_018865
NNNNNN	V3C99_018866
ZK154.4	V3C99_018867
NNNNNN	V3C99_018868
mec-7	V3C99_018869
tbb-4	V3C99_018869
NNNNNN	V3C99_018872
NNNNNN	V3C99_018873
NNNNNN	V3C99_018873
klc-2	V3C99_018875
NNNNNN	V3C99_018877
NNNNNN	V3C99_018878
folt-1	V3C99_018879
folt-1	V3C99_018880
Y82E9BR.18	V3C99_018881
NNNNNN	V3C99_018883
dgk-1	V3C99_018886
NNNNNN	V3C99_018890
NNNNNN	V3C99_018890
NNNNNN	V3C99_018890
NNNNNN	V3C99_018890
NNNNNN	V3C99_018890
NNNNNN	V3C99_018890
NNNNNN	V3C99_018897
pccb-1	V3C99_018898
NNNNNN	V3C99_018899
NNNNNN	V3C99_018900
NNNNNN	V3C99_018901
grd-2	V3C99_018901
grd-11	V3C99_018901
NNNNNN	V3C99_018902
NNNNNN	V3C99_018902
ent-1	V3C99_018903
ent-2	V3C99_018903
rab-14	V3C99_018904
mppa-1	V3C99_018905
alr-1	V3C99_018906
NNNNNN	V3C99_018908
NNNNNN	V3C99_018910
mbl-1	V3C99_018912
atat-2	V3C99_018913
pges-2	V3C99_018914
puf-9	V3C99_018915
NNNNNN	V3C99_018916
NNNNNN	V3C99_018917
NNNNNN	V3C99_018919
T10B10.4	V3C99_018921
sup-12	V3C99_018922
gpcp-1	V3C99_018923
F26A3.7	V3C99_018925
sft-4	V3C99_018927
NNNNNN	V3C99_018935
NNNNNN	V3C99_018937
NNNNNN	V3C99_018938
B0272.3	V3C99_018939
ZC506.1	V3C99_018940
unc-10	V3C99_018942
NNNNNN	V3C99_018943
F22G12.5	V3C99_018944
fis-2	V3C99_018946
lmp-1	V3C99_018947
BE0003N10.1	V3C99_018948
hyl-2	V3C99_018949
irk-3	V3C99_018950
F47E1.20	V3C99_018956
ttll-11	V3C99_018957
nhr-35	V3C99_018958
lron-3	V3C99_018960
F11C1.4	V3C99_018962
F26A3.1	V3C99_018962
ZK470.1	V3C99_018963
alh-10	V3C99_018964
pgk-1	V3C99_018966
pgk-1	V3C99_018967
Y43F8C.7	V3C99_018968
clh-6	V3C99_018970
rpl-5	V3C99_018972
Y71G12B.10	V3C99_018973
rpl-11.1	V3C99_018974
rpl-11.2	V3C99_018974
adm-4	V3C99_018976
NNNNNN	V3C99_018977
mocs-1	V3C99_018978
ndua-2	V3C99_018979
apm-3	V3C99_018980
mrps-18B	V3C99_018981
chil-10	V3C99_018982
ncs-1	V3C99_018983
imb-3	V3C99_018988
hda-1	V3C99_018991
sec-16A.2	V3C99_018993
NNNNNN	V3C99_018994
NNNNNN	V3C99_018995
NNNNNN	V3C99_018996
NNNNNN	V3C99_018996
NNNNNN	V3C99_018996
NNNNNN	V3C99_018996
NNNNNN	V3C99_018996
NNNNNN	V3C99_018997
NNNNNN	V3C99_018998
F53B1.2	V3C99_019000
bus-5	V3C99_019004
swip-10	V3C99_019005
NNNNNN	V3C99_019006
NNNNNN	V3C99_019016
nhr-48	V3C99_019018
NNNNNN	V3C99_019020
T19D2.2	V3C99_019021
C36B7.5	V3C99_019022
F25H2.12	V3C99_019032
rpl-25.1	V3C99_019033
rpl-25.2	V3C99_019033
NNNNNN	V3C99_019034
rgs-7	V3C99_019035
gyg-1	V3C99_019036
ppfr-2	V3C99_019037
C27B7.2	V3C99_019038
ucr-2.2	V3C99_019038
NNNNNN	V3C99_019039
NNNNNN	V3C99_019042
NNNNNN	V3C99_019044
asb-2	V3C99_019045
NNNNNN	V3C99_019046
NNNNNN	V3C99_019046
C26B9.1	V3C99_019049
asm-3	V3C99_019050
C03F11.2	V3C99_019051
ifa-1	V3C99_019052
crb-1	V3C99_019053
NNNNNN	V3C99_019054
NNNNNN	V3C99_019057
NNNNNN	V3C99_019058
NNNNNN	V3C99_019059
tag-123	V3C99_019060
NNNNNN	V3C99_019063
NNNNNN	V3C99_019064
del-1	V3C99_019065
ostd-1	V3C99_019066
mrpl-28	V3C99_019067
acs-21	V3C99_019068
acs-11	V3C99_019068
yap-1	V3C99_019069
NNNNNN	V3C99_019072
klp-4	V3C99_019073
cah-4	V3C99_019075
ncr-1	V3C99_019077
NNNNNN	V3C99_019081
NNNNNN	V3C99_019082
NNNNNN	V3C99_019082
F46H5.3	V3C99_019083
rgl-1	V3C99_019085
NNNNNN	V3C99_019086
sulp-2	V3C99_019087
NNNNNN	V3C99_019091
NNNNNN	V3C99_019092
C34F6.10	V3C99_019094
sulp-3	V3C99_019096
prx-12	V3C99_019097
NNNNNN	V3C99_019098
NNNNNN	V3C99_019100
NNNNNN	V3C99_019100
NNNNNN	V3C99_019100
NNNNNN	V3C99_019100
NNNNNN	V3C99_019100
NNNNNN	V3C99_019100
NNNNNN	V3C99_019100
NNNNNN	V3C99_019101
NNNNNN	V3C99_019102
NNNNNN	V3C99_019103
NNNNNN	V3C99_019104
ima-3	V3C99_019105
elc-1	V3C99_019106
NNNNNN	V3C99_019106
gsnl-1	V3C99_019107
NNNNNN	V3C99_019110
chtl-1	V3C99_019111
npax-2	V3C99_019112
dpy-3	V3C99_019113
glp-4	V3C99_019115
paa-1	V3C99_019116
nuo-1	V3C99_019117
F53B1.8	V3C99_019118
mop-25.1	V3C99_019119
selt-1.1	V3C99_019120
NNNNNN	V3C99_019121
NNNNNN	V3C99_019124
fubl-1	V3C99_019125
NNNNNN	V3C99_019126
ntr-2	V3C99_019127
ceh-6	V3C99_019128
cdc-5L	V3C99_019129
daf-12	V3C99_019133
NNNNNN	V3C99_019134
NNNNNN	V3C99_019136
NNNNNN	V3C99_019137
mtp-18	V3C99_019138
rsef-1	V3C99_019140
NNNNNN	V3C99_019141
NNNNNN	V3C99_019144
R07E4.1	V3C99_019145
kin-2	V3C99_019146
klp-13	V3C99_019147
B0272.4	V3C99_019148
NNNNNN	V3C99_019150
NNNNNN	V3C99_019151
NNNNNN	V3C99_019153
NNNNNN	V3C99_019155
NNNNNN	V3C99_019156
gcy-27	V3C99_019157
odr-1	V3C99_019157
rtel-1	V3C99_019158
NNNNNN	V3C99_019159
NNNNNN	V3C99_019161
NNNNNN	V3C99_019162
tbb-4	V3C99_019163
mrp-5	V3C99_019165
taf-7.2	V3C99_019166
NNNNNN	V3C99_019167
ptrn-1	V3C99_019168
NNNNNN	V3C99_019169
hst-2	V3C99_019170
idh-2	V3C99_019171
NNNNNN	V3C99_019176
C18B12.4	V3C99_019178
NNNNNN	V3C99_019179
nmur-1	V3C99_019181
cest-26	V3C99_019182
NNNNNN	V3C99_019183
sdha-1	V3C99_019186
sdha-2	V3C99_019186
lnp-1	V3C99_019189
NNNNNN	V3C99_019191
gpa-12	V3C99_019193
NNNNNN	V3C99_019194
hlb-1	V3C99_019195
NNNNNN	V3C99_019198
NNNNNN	V3C99_019199
tbc-16	V3C99_019201
NNNNNN	V3C99_019202
aak-2	V3C99_019206
tut-2	V3C99_019207
npr-4	V3C99_019209
utx-1	V3C99_019213
metl-9	V3C99_019214
zchc-1A	V3C99_019215
NNNNNN	V3C99_019216
NNNNNN	V3C99_019219
cpd-2	V3C99_019220
dhs-11	V3C99_019223
dhs-25	V3C99_019223
NNNNNN	V3C99_019226
acs-17	V3C99_019229
NNNNNN	V3C99_019231
NNNNNN	V3C99_019232
NNNNNN	V3C99_019232
NNNNNN	V3C99_019232
NNNNNN	V3C99_019234
