Reaction ID,Reaction name,Subsystem,Present in,"Carbon-normalised yield (Am, reference)",Carbon-normalised yield (Af),"Yield difference (Am - Af, Am as reference)",Higher yield in,Active in pFBA (Af),Active in pFBA (Am),Verdict
MAR04552,melatonin radical synthesis,Serotonin and melatonin biosynthesis,Am only,0.041481110456362,0.0,0.041481110456362,Am,False,True,Only in Am
MAR09386,Exchange of hydroxide,Exchange/demand reactions,Am only,-0.041481110456362,0.0,-0.041481110456362,Af,False,True,Only in Am
MAR06783,3-(4-hydroxyphenyl)lactate hydro-lyase (4-coumarate-forming),"Phenylalanine, tyrosine and tryptophan biosynthesis",Am only,0.041481110456362,0.0,0.041481110456362,Am,False,True,Only in Am
MAR03168,melatonin hydrolase (c) #2,Tryptophan metabolism,Am only,-0.041481110456362,0.0,-0.041481110456362,Af,False,True,Only in Am
MAR09968,Transport of 4-hydroxyphenyllactate (c->e),Transport reactions,Am only,-0.041481110456362,0.0,-0.041481110456362,Af,False,True,Only in Am
MAR10184,Exchange of 4-hydroxyphenyllactate,Exchange/demand reactions,Am only,-0.041481110456362,0.0,-0.041481110456362,Af,False,True,Only in Am
MAR11823,Exchange of 4-coumarate,Exchange/demand reactions,Am only,0.041481110456362,0.0,0.041481110456362,Am,False,True,Only in Am
MAR11756,Transport of 4-coumarate/hydroxide (c->e/e->c),Transport reactions,Am only,0.041481110456362,0.0,0.041481110456362,Am,False,True,Only in Am
MAR11318,Transport reaction #103,Transport reactions,both,-0.0556770999747713,-0.0147213099553098,-0.0409557900194615,Af,True,True,Higher in Am
MAR09058,Exchange of CO2,Exchange/demand reactions,both,0.0,0.0364332828923716,-0.0364332828923716,Af,True,False,Only in Af
MAR08408,Transport of H2O2 (c->e),Transport reactions,both,-0.0168473594961999,-0.0504520938983757,0.0336047344021758,Am,True,True,Higher in Af
MAR09354,Exchange of H2O2,Exchange/demand reactions,both,-0.0168473594961999,-0.0504520938983757,0.0336047344021758,Am,True,True,Higher in Af
MAR04919,Transport reaction #36,Transport reactions,both,0.0030059974665845,0.0364332828923716,-0.0334272854257871,Af,True,True,Higher in Af
MAR09437,Exchange of uracil,Exchange/demand reactions,both,0.0269040447573936,0.0,0.0269040447573936,Am,False,True,Only in Am
MAR04882,Transport of uracil (c->e),Transport reactions,both,0.0269040447573936,0.0,0.0269040447573936,Am,False,True,Only in Am
MAR20164,Transport reaction #119,Transport reactions,Am only,0.0268961518921133,0.0,0.0268961518921133,Am,False,True,Only in Am
MAR04512,ATP:dCMP phosphotransferase (c),Pyrimidine metabolism,Am only,0.0268000329863174,0.0,0.0268000329863174,Am,False,True,Only in Am
MAR08456,dCDP to dCMP (c),Nucleotide metabolism,both,-0.0269040447573936,-0.0001269712545092,-0.0267770735028844,Af,True,True,Higher in Am
MAR04637,ATP:dTMP phosphotransferase,Pyrimidine metabolism,Af only,0.0,0.0266727938394026,-0.0266727938394026,Af,True,False,Only in Af
MAR20161,Transport of dTDP (c->m) #3,Transport reactions,both,-7.210432615748503e-05,-0.0267348667570386,0.0266627624308811,Am,True,True,Higher in Af
MAR20156,Transport reaction #117,Transport reactions,both,7.210432615748503e-05,0.0267348667570386,-0.0266627624308811,Af,True,True,Higher in Af
MAR08274,DTMP Kinase in Mitochondria,Pyrimidine metabolism,both,7.210432615748503e-05,0.0267348667570386,-0.0266627624308811,Af,True,True,Higher in Af
MAR05304,Transport of dTMP (c->m),Transport reactions,both,7.210432615748503e-05,0.0267348667570386,-0.0266627624308811,Af,True,True,Higher in Af
MAR09983,"Transport of 5,6-Dihydrouracil/Na+ (c->e)",Transport reactions,both,0.0,0.0266506825851424,-0.0266506825851424,Af,True,False,Only in Af
MAR10193,"Exchange of 5,6-Dihydrouracil",Exchange/demand reactions,both,0.0,0.0266506825851424,-0.0266506825851424,Af,True,False,Only in Af
MAR04344,"5,6-dihydrouracil:NAD+ oxidoreductase",Nucleotide metabolism,both,0.0,-0.0266506825851424,0.0266506825851424,Am,True,False,Only in Af
MAR20138,Transport reaction #112,Transport reactions,both,0.0,0.0266506329268083,-0.0266506329268083,Af,True,False,Only in Af
MAR07865,UDP reaction (c),Nucleotide metabolism,both,0.0,-0.0265175040388695,0.0265175040388695,Am,True,False,Only in Af
MAR04008,ATP:UMP phosphotransferase (c),Pyrimidine metabolism,both,0.026775115105977,0.053125449199733,-0.026350334093756,Af,True,True,Higher in Af
MAR02351,Transport reaction #11,Transport reactions,both,0.042832760422644,0.0687092069925276,-0.0258764465698835,Af,True,True,Higher in Af
MAR03951,Transport of Na+/sulfite (c->e),Transport reactions,Am only,0.0254321889157255,0.0,0.0254321889157255,Am,False,True,Only in Am
MAR10363,Transport of methylmalonate/sulfite (c->e/e->c),Transport reactions,Am only,0.0254321889157255,0.0,0.0254321889157255,Am,False,True,Only in Am
MAR04922,Transport reaction #37,Transport reactions,both,0.0022390827121744,0.0275707310647981,-0.0253316483526237,Af,True,True,Higher in Af
MAR03956,carbonate hydro-lyase (carbon-dioxide-forming) (m),Arginine and proline metabolism,both,0.0022390827121744,0.0275707310647981,-0.0253316483526237,Af,True,True,Higher in Af
MAR02225,Transport of HCO3 (c->m),Transport reactions,both,-0.0022390827121744,-0.0275707310647981,0.0253316483526237,Am,True,True,Higher in Af
MAR03955,carbonate hydro-lyase (carbon-dioxide-forming) (c),Miscellaneous,both,-0.005245080178759,-0.0275707310647981,0.0223256508860391,Am,True,True,Higher in Af
MAR04848,Transport of hypoxanthine (c->e),Transport reactions,both,0.0040229322953053,-0.0165661893484043,0.0205891216437096,Am,True,True,Different directionality
MAR09358,Exchange of hypoxanthine,Exchange/demand reactions,both,0.0040229322953053,-0.0165661893484043,0.0205891216437096,Am,True,True,Different directionality
MAR04574,inosine:phosphate alpha-D-ribosyltransferase,Purine metabolism,both,0.0040229322953053,-0.0165661893484043,0.0205891216437096,Am,True,True,Different directionality
MAR09862,Exchange of 3-phospho-D-glycerate,Exchange/demand reactions,both,0.0065547451533099,0.0269101047098196,-0.0203553595565097,Af,True,True,Higher in Af
MAR09836,Transport of 3-phospho-D-glycerate (e->c),Transport reactions,both,-0.0065547451533099,-0.0269101047098196,0.0203553595565097,Am,True,True,Higher in Af
MAR04373,D-glyceraldehyde-3-phosphate:NAD+ oxidoreductase (phosphorylating),Glycolysis / Gluconeogenesis,both,-0.0065547451533099,-0.0269101047098196,0.0203553595565097,Am,True,True,Higher in Af
MAR04368,ATP:3-phospho-D-glycerate 1-phosphotransferase,Glycolysis / Gluconeogenesis,both,0.0065547451533099,0.0269101047098196,-0.0203553595565097,Af,True,True,Higher in Af
MAR04002,ATP:AMP phosphotransferase (c),Purine metabolism,both,0.0,-0.018375909963933,0.018375909963933,Am,True,False,Only in Af
MAR04350,ATP:D-ribose 5-phosphotransferase,Pentose phosphate pathway,both,0.0271574922074079,0.0099603474014661,0.0171971448059418,Am,True,True,Higher in Am
MAR04354,"D-Ribose 1,5-phosphomutase",Pentose phosphate pathway,both,0.0271574922074079,0.0099603474014661,0.0171971448059418,Am,True,True,Higher in Am
MAR09406,Exchange of ribose,Exchange/demand reactions,both,0.0271574922074079,0.0099603474014661,0.0171971448059418,Am,True,True,Higher in Am
MAR04958,Transport of ribose (c->e),Transport reactions,both,0.0271574922074079,0.0099603474014661,0.0171971448059418,Am,True,True,Higher in Am
MAR03980,hydrogen-peroxide:hydrogen-peroxide oxidoreductase (c),ROS detoxification,both,0.0084236797480999,0.025269497991533,-0.0168458182434331,Af,True,True,Higher in Af
MAR09362,Exchange of inosine,Exchange/demand reactions,both,0.0,0.0165661893484043,-0.0165661893484043,Af,True,False,Only in Af
MAR05042,Transport of inosine (c->e),Transport reactions,both,0.0,0.0165661893484043,-0.0165661893484043,Af,True,False,Only in Af
MAR10366,Transport of methylmalonate (c->e),Transport reactions,both,-0.0311120225553912,-0.0152433681575144,-0.0158686543978768,Af,True,True,Higher in Am
MAR01616,"Phenylalanine Transaminase, Mitochondrial",Phenylalanine metabolism,Af only,0.0,0.0134761668403182,-0.0134761668403182,Af,True,False,Only in Af
MAR05115,Transport of phenylalanine (c->m),Transport reactions,Af only,0.0,0.0134761668403182,-0.0134761668403182,Af,True,False,Only in Af
MAR11443,Transport of phenylpyruvate (m->c),Transport reactions,Af only,0.0,0.0134761668403182,-0.0134761668403182,Af,True,False,Only in Af
MAR04375,DHAP lyase,Glycolysis / Gluconeogenesis,both,0.0,-0.0134550771840768,0.0134550771840768,Am,True,False,Only in Af
MAR11973,"Transport of fructose-1,6-bisphosphate (c->e)",Transport reactions,both,0.0,-0.0134550771840768,0.0134550771840768,Am,True,False,Only in Af
MAR11974,"Exchange of fructose-1,6-bisphosphate",Exchange/demand reactions,both,0.0,-0.0134550771840768,0.0134550771840768,Am,True,False,Only in Af
MAR04391,D-glyceraldehyde-3-phosphate aldose-ketose-isomerase,Glycolysis / Gluconeogenesis,both,0.0,0.0134550275257427,-0.0134550275257427,Af,True,False,Only in Af
MAR06916,ATP phosphohydrolase (m/i),Oxidative phosphorylation,both,0.0168759308397018,0.0297909512181798,-0.012915020378478,Af,True,True,Higher in Af
MAR05527,Transport of proline/tryptophan (c->e/e->c),Transport reactions,Af only,0.0,-0.0128390326291418,0.0128390326291418,Am,True,False,Only in Af
MAR05531,Transport of homoserine/tryptophan (c->e/e->c),Transport reactions,both,0.0017955635100478,0.0143884297427809,-0.0125928662327331,Af,True,True,Higher in Af
MAR06383,Transport of homoserine/Na+ (e->c) #2,Transport reactions,both,0.0017955635100478,0.0143884297427809,-0.0125928662327331,Af,True,True,Higher in Af
MAR06725,L-Phenylalanine:2-oxoglutarate aminotransferase,"Phenylalanine, tyrosine and tryptophan biosynthesis",both,-0.0014291208533174,-0.0134761668403182,0.0120470459870008,Am,True,True,Higher in Af
MAR11400,Exchange of fumarate,Exchange/demand reactions,both,0.0035544772464916,0.0152433681575144,-0.0116888909110228,Af,True,True,Higher in Af
MAR04855,Transport of fumarate/malate (c->m/m->c),Transport reactions,both,-0.0035544772464916,-0.0152433681575144,0.0116888909110228,Am,True,True,Higher in Af
MAR03789,Transport of methylmalonate (c->m),Transport reactions,both,0.0035544772464916,0.0152433681575144,-0.0116888909110228,Af,True,True,Higher in Af
MAR03763,(S)-Methylmalonyl-CoA hydrolase,"Valine, leucine, and isoleucine metabolism",both,0.0035544772464916,0.0152433681575144,-0.0116888909110228,Af,True,True,Higher in Af
MAR04652,succinate:quinone oxidoreductase,Tricarboxylic acid cycle and glyoxylate/dicarboxylate metabolism,both,-0.0035544772464916,-0.0152433681575144,0.0116888909110228,Am,True,True,Higher in Af
MAR03215,(R)-Methylmalonyl-CoA CoA-carbonylmutase,"Valine, leucine, and isoleucine metabolism",both,0.0035544772464916,0.0152433681575144,-0.0116888909110228,Af,True,True,Higher in Af
MAR04852,Transport of AKG/malate (c->m/m->c),Transport reactions,both,0.0035544772464916,0.0152433681575144,-0.0116888909110228,Af,True,True,Higher in Af
MAR10243,Exchange of methylmalonate,Exchange/demand reactions,both,-0.0035544772464916,-0.0152433681575144,0.0116888909110228,Am,True,True,Higher in Af
MAR09828,Transport of fumarate (e->c),Transport reactions,both,-0.0035544772464916,-0.0152433681575144,0.0116888909110228,Am,True,True,Higher in Af
MAR05126,Transport of proline (m->c),Transport reactions,both,0.0035544772464916,0.0152012012445631,-0.0116467239980715,Af,True,True,Higher in Af
MAR04963,Transport of glutamate/proline (m->c/c->m),Transport reactions,both,0.0035544772464916,0.0152012012445631,-0.0116467239980715,Af,True,True,Higher in Af
MAR06918,Transport of ferricytochrome C,Oxidative phosphorylation,both,0.0090303782942661,0.0196750369565701,-0.010644658662304,Af,True,True,Higher in Af
MAR03977,diphosphate phosphohydrolase (c),Oxidative phosphorylation,both,0.0,0.0104866835426706,-0.0104866835426706,Af,True,False,Only in Af
MAR09041,Exchange of lysine,Exchange/demand reactions,both,-0.0103702776140905,0.0,-0.0103702776140905,Af,False,True,Only in Am
MAR05071,Transport of lysine (e->c),Transport reactions,both,0.0103702776140905,0.0,0.0103702776140905,Am,False,True,Only in Am
MAR06912,diphosphate phosphohydrolase (m),Oxidative phosphorylation,both,0.0003176589108915,0.0103389676799975,-0.010021308769106,Af,True,True,Higher in Af
MAR09072,Exchange of Pi,Exchange/demand reactions,both,0.0739447829780353,0.083952575150042,-0.0100077921720066,Af,True,True,Higher in Af
MAR08987,Transport reaction #94,Transport reactions,both,0.0002534474500142,0.0101306376728294,-0.0098771902228152,Af,True,True,Higher in Af
MAR03599,dopachrome reductase (c) #2,Tyrosine metabolism,Am only,0.0078169812019337,0.0,0.0078169812019337,Am,False,True,Only in Am
MAR04152,Succinate:CoA ligase (ADP-forming),Tricarboxylic acid cycle and glyoxylate/dicarboxylate metabolism,both,0.010337879963303,0.0173202241594316,-0.0069823441961285,Af,True,True,Higher in Af
MAR06328,Transport reaction #50,Transport reactions,both,0.0268882590268331,0.020118954048005,0.006769304978828,Am,True,True,Higher in Am
MAR06367,Transport of deoxyadenosine (c->e),Transport reactions,Am only,-0.0066273562091295,0.0,-0.0066273562091295,Af,False,True,Only in Am
MAR09297,Exchange of deoxyadenosine,Exchange/demand reactions,Am only,-0.0066273562091295,0.0,-0.0066273562091295,Af,False,True,Only in Am
MAR04695,Deoxyadenosine:orthophosphate ribosyltransferase,Purine metabolism,Am only,-0.0065547451533099,0.0,-0.0065547451533099,Af,False,True,Only in Am
MAR04948,Transport of acetaldehyde (c->e),Transport reactions,both,0.0065547451533099,0.0,0.0065547451533099,Am,False,True,Only in Am
MAR04710,"2-deoxy-D-ribose 1-phosphate 1,5-phosphomutase",Pentose phosphate pathway,both,0.0065547451533099,0.0,0.0065547451533099,Am,False,True,Only in Am
MAR09242,Exchange of acetaldehyde,Exchange/demand reactions,both,0.0065547451533099,0.0,0.0065547451533099,Am,False,True,Only in Am
MAR04398,2-deoxy-D-ribose-5-phosphate lyase,Pentose phosphate pathway,both,0.0065547451533099,0.0,0.0065547451533099,Am,False,True,Only in Am
MAR11928,Transport of uroporphyrin I (c->e),Transport reactions,Af only,0.0,-0.0060411773565772,0.0060411773565772,Am,True,False,Only in Af
MAR09076,Exchange of Fe2+,Exchange/demand reactions,both,0.0,-0.0060411773565772,0.0060411773565772,Am,True,False,Only in Af
MAR04769,uroporphyrin I to uroporphyrinogen III,Porphyrin metabolism,Af only,0.0,0.0060411773565772,-0.0060411773565772,Af,True,False,Only in Af
MAR04752,Coproporphyrinogen:oxygen oxidoreductase(decarboxylating),Porphyrin metabolism,both,0.0,0.0060411773565772,-0.0060411773565772,Af,True,False,Only in Af
MAR04750,Uroporphyrinogen-III carboxy-lyase,Porphyrin metabolism,Af only,0.0,0.0060411773565772,-0.0060411773565772,Af,True,False,Only in Af
MAR11929,Exchange of uroporphyrin I,Exchange/demand reactions,Af only,0.0,-0.0060411773565772,0.0060411773565772,Am,True,False,Only in Af
MAR11316,Protoporphyrinogen Oxidase (Aerobic),Porphyrin metabolism,both,0.0,0.0060411773565772,-0.0060411773565772,Af,True,False,Only in Af
MAR05987,Transport of Fe2+ (e->c),Transport reactions,both,0.0,0.0060411773565772,-0.0060411773565772,Af,True,False,Only in Af
MAR11406,"Ferrochelatase, Cytosol",Porphyrin metabolism,both,0.0,0.0059791044389413,-0.0059791044389413,Af,True,False,Only in Af
MAR07735,Transport of heme (c->e),Transport reactions,both,0.0,0.0059791044389413,-0.0059791044389413,Af,True,False,Only in Af
MAR09107,Exchange of heme,Exchange/demand reactions,both,0.0,0.0059791044389413,-0.0059791044389413,Af,True,False,Only in Af
MAR04898,Transport reaction #23,Transport reactions,both,0.004515189147133,0.0099492497300298,-0.0054340605828968,Af,True,True,Higher in Af
MAR06914,ferrocytochrome-c:oxygen oxidoreductase,Oxidative phosphorylation,both,0.004515189147133,0.009837518478285,-0.005322329331152,Af,True,True,Higher in Af
MAR09996,Transport of Acetyl-L-Lysine (c->e),Transport reactions,both,0.0071089544929832,0.0022942985694432,0.00481465592354,Am,True,True,Higher in Am
MAR10197,Exchange of Acetyl-L-Lysine,Exchange/demand reactions,both,0.0071089544929832,0.0022942985694432,0.00481465592354,Am,True,True,Higher in Am
MAR09952,Hydrolysis of Acetyl-Lysine,Lysine metabolism,both,-0.0071089544929832,-0.0022942985694432,-0.00481465592354,Af,True,True,Higher in Am
ASCTm,Acetate:succinate CoA-transferase,Unassigned,both,0.0071089544929832,0.0022942985694432,0.00481465592354,Am,True,True,Higher in Am
MAR00061,Transport of acetate (c->m),Transport reactions,both,-0.0071089544929832,-0.0022942985694432,-0.00481465592354,Af,True,True,Higher in Am
MAR07638,Transport reaction #59,Transport reactions,both,0.0286013096634795,0.0238129512632161,0.0047883584002633,Am,True,True,Higher in Am
MAR05536,Transport of phenylalanine/proline (c->e/e->c),Transport reactions,Af only,0.0,-0.0044745891657533,0.0044745891657533,Am,True,False,Only in Af
MAR09029,Exchange of N-carbamoyl-L-aspartate,Exchange/demand reactions,Af only,0.0,0.0043484308658933,-0.0043484308658933,Af,True,False,Only in Af
MAR09009,Transport of N-carbamoyl-L-aspartate (e->c),Transport reactions,Af only,0.0,-0.0043484308658933,0.0043484308658933,Am,True,False,Only in Af
MAR09940,Formation of Homocitrulline,Lysine metabolism,Af only,0.0,-0.0043484308658933,0.0043484308658933,Am,True,False,Only in Af
MAR04050,carbamoyl-phosphate:L-aspartate carbamoyltransferase,Pyrimidine metabolism,Af only,0.0,-0.0043484308658933,0.0043484308658933,Am,True,False,Only in Af
MAR10249,Exchange of Homocitrulline,Exchange/demand reactions,Af only,0.0,-0.0043484308658933,0.0043484308658933,Am,True,False,Only in Af
MAR10372,Transport of Homocitrulline (c->e),Transport reactions,Af only,0.0,-0.0043484308658933,0.0043484308658933,Am,True,False,Only in Af
MAR04481,Adenosine aminohydrolase (c),Purine metabolism,Am only,0.0040229322953053,0.0,0.0040229322953053,Am,False,True,Only in Am
MAR09070,Exchange of aspartate,Exchange/demand reactions,both,-0.0019421350648089,-0.0059482999804861,0.0040061649156772,Am,True,True,Higher in Af
MAR07811,Transport of aspartate/Na+ (e->c/c->e),Transport reactions,both,0.0019421350648089,0.0059482999804861,-0.0040061649156772,Af,True,True,Higher in Af
MAR08533,"2-COOH-2,3-dihydro-indole to dopachrome",Tyrosine metabolism,Am only,0.0039084906009668,0.0,0.0039084906009668,Am,False,True,Only in Am
MAR08486,adenosine:phosphate alpha-D-ribosyltransferase,Nucleotide metabolism,Am only,-0.003769484845291,0.0,-0.003769484845291,Af,False,True,Only in Am
MAR04413,Artificial reaction of alanine (c/n),Artificial reactions,both,0.005507931109731,0.001896659312076,0.003611271797655,Am,True,True,Higher in Am
MAR11257,Carnitine shuttle of O-butanoylcarnitine (e->c),Transport reactions,Am only,0.0035544772464916,0.0,0.0035544772464916,Am,False,True,Only in Am
MAR00157,Transport of butyryl-CoA (c->m),Transport reactions,Am only,0.0035544772464916,0.0,0.0035544772464916,Am,False,True,Only in Am
MAR00159,Carnitine shuttle of butyryl-CoA (c),Carnitine shuttle (cytosolic),Am only,-0.0035544772464916,0.0,-0.0035544772464916,Af,False,True,Only in Am
MAR04889,Exchange of O-butanoylcarnitine,Exchange/demand reactions,Am only,-0.0035544772464916,0.0,-0.0035544772464916,Af,False,True,Only in Am
MAR10024,Exchange of biomass,Exchange/demand reactions,both,0.005507931109731,0.001958732229712,0.003549198880019,Am,True,True,Higher in Am
MAR10023,Transport of biomass (c->e),Transport reactions,both,0.005507931109731,0.001958732229712,0.003549198880019,Am,True,True,Higher in Am
MAR09025,Exchange of 5-oxoproline,Exchange/demand reactions,Af only,0.0,0.0033798440491306,-0.0033798440491306,Af,True,False,Only in Af
MAR09005,Transport of Na+/5-oxoproline (e->c),Transport reactions,Af only,0.0,-0.0033798440491306,0.0033798440491306,Am,True,False,Only in Af
MAR09338,Exchange of (5-L-glutamyl)-L-amino acid,Exchange/demand reactions,Af only,0.0,-0.0033798440491306,0.0033798440491306,Am,True,False,Only in Af
MAR08770,(5-glutamyl)-amino acid cleavage,Glutathione metabolism,Af only,0.0,0.0033798440491306,-0.0033798440491306,Af,True,False,Only in Af
MAR06911,ubiquinone to ubiquinol (m),Oxidative phosphorylation,both,0.0035544772464916,0.0003980282546053,0.0031564489918863,Am,True,True,Higher in Am
MAR05449,βO butyryl-CoA,Fatty acid oxidation,both,0.0035544772464916,0.0004538938804777,0.0031005833660139,Am,True,True,Higher in Am
MAR04914,Transport reaction #33,Transport reactions,both,-0.0036829001682461,-0.0005850184736884,-0.0030978816945577,Af,True,True,Higher in Am
MAR01525,Transport of chloride/HCO3 (c->e/e->c),Transport reactions,both,0.003078101792742,6.207291763596827e-05,0.003016028875106,Am,True,True,Higher in Am
MAR08676,Carnitine shuttle of L-carnitine (c->e) #2,Transport reactions,both,0.0035544772464916,0.0005407959651681,0.0030136812813235,Am,True,True,Higher in Am
MAR09292,Exchange of L-carnitine,Exchange/demand reactions,both,0.0035544772464916,0.0005407959651681,0.0030136812813235,Am,True,True,Higher in Am
MAR09047,Exchange of H2O,Exchange/demand reactions,Am only,-0.0030059974665845,0.0,-0.0030059974665845,Af,False,True,Only in Am
MAR05407,carbonate hydro-lyase (carbon-dioxide-forming) (e),Miscellaneous,Am only,0.0030059974665845,0.0,0.0030059974665845,Am,False,True,Only in Am
MAR04847,Transport of adenine (c->e),Transport reactions,Am only,0.0027852603080189,0.0,0.0027852603080189,Am,False,True,Only in Am
MAR09253,Exchange of adenine,Exchange/demand reactions,Am only,0.0027852603080189,0.0,0.0027852603080189,Am,False,True,Only in Am
MAR09061,Exchange of alanine,Exchange/demand reactions,both,-0.0027849531752888,0.0,-0.0027849531752888,Af,False,True,Only in Am
MAR05305,Transport of alanine/Na+ (e->c),Transport reactions,both,0.0027849531752888,0.0,0.0027849531752888,Am,False,True,Only in Am
MAR09079,Exchange of H+,Exchange/demand reactions,both,0.0206465314344664,0.0230685623415135,-0.002422030907047,Af,True,True,Higher in Af
MAR09068,Exchange of proline,Exchange/demand reactions,Af only,0.0,-0.0024161434829023,0.0024161434829023,Am,True,False,Only in Af
MAR05131,L-Alanine:tRNA(Ala) ligase (AMP-forming),Aminoacyl-tRNA biosynthesis,both,0.0,0.0023587708701668,-0.0023587708701668,Af,True,False,Only in Af
MAR05141,L-Leucine:tRNA(Leu) ligase (AMP-forming),Aminoacyl-tRNA biosynthesis,both,0.0,0.0022966979525308,-0.0022966979525308,Af,True,False,Only in Af
MAR11403,Exchange of Glycylproline,Exchange/demand reactions,Am only,-0.0022719334558662,0.0,-0.0022719334558662,Af,False,True,Only in Am
MAR11414,Hydrolysis of Prolylglycine,Transport reactions,Am only,0.0022719334558662,0.0,0.0022719334558662,Am,False,True,Only in Am
MAR10486,Transport of Glycylproline (c->e),Transport reactions,Am only,-0.0022719334558662,0.0,-0.0022719334558662,Af,False,True,Only in Am
MAR08997,Transport of ubiquinol (m->c),Transport reactions,both,-0.0019214238012829,-0.0040957134620862,0.0021742896608033,Am,True,True,Higher in Af
MAR08991,Transport of ubiquinol (c->e),Transport reactions,both,-0.0019214238012829,-0.0040957134620862,0.0021742896608033,Am,True,True,Higher in Af
MAR08967,Exchange of ubiquinol,Exchange/demand reactions,both,-0.0019214238012829,-0.0040957134620862,0.0021742896608033,Am,True,True,Higher in Af
MAR05320,Transport of Gly/Na+ (e->c),Transport reactions,both,0.0006962410477877,0.0028222072447871,-0.0021259661969994,Af,True,True,Higher in Af
MAR09067,Exchange of Gly,Exchange/demand reactions,both,-0.0006962410477877,-0.0028222072447871,0.0021259661969994,Am,True,True,Higher in Af
MAR09883,Transport of AKG/folate (c->e/e->c),Transport reactions,Am only,-0.0021253563931741,0.0,-0.0021253563931741,Af,False,True,Only in Am
MAR09884,Transport of folate/sulfate (e->c/c->e),Transport reactions,Am only,0.0021253563931741,0.0,0.0021253563931741,Am,False,True,Only in Am
MAR10364,Transport of methylmalonate/sulfate (c->e/e->c),Transport reactions,Am only,0.0021253563931741,0.0,0.0021253563931741,Am,False,True,Only in Am
MAR08998,Transport of ubiquinone (c->m),Transport reactions,both,-0.0019214238012829,-0.0040336405444503,0.0021122167431673,Am,True,True,Higher in Af
MAR08966,Exchange of ubiquinone,Exchange/demand reactions,both,0.0019214238012829,0.0040336405444503,-0.0021122167431673,Af,True,True,Higher in Af
MAR07819,Transport of ubiquinone (e->c),Transport reactions,both,-0.0019214238012829,-0.0040336405444503,0.0021122167431673,Am,True,True,Higher in Af
MAR05322,Transport of Na+/proline (e->c),Transport reactions,Am only,0.0019421350648089,0.0,0.0019421350648089,Am,False,True,Only in Am
MAR04080,AMP aminohydrolase,Purine metabolism,Af only,0.0,0.001930997005053,-0.001930997005053,Af,True,False,Only in Af
MAR09360,Exchange of IMP,Exchange/demand reactions,Af only,0.0,0.001930997005053,-0.001930997005053,Af,True,False,Only in Af
MAR09838,Transport of IMP (e->c),Transport reactions,Af only,0.0,-0.001930997005053,0.001930997005053,Am,True,False,Only in Af
MAR04874,Transport of NH3 (c->m),Transport reactions,both,0.0035544772464916,0.0017672013171962,0.0017872759292954,Am,True,True,Higher in Am
MAR03802,L-glutamate:NAD+ oxidoreductase (deaminating),"Alanine, aspartate and glutamate metabolism",both,0.0035544772464916,0.0017672013171962,0.0017872759292954,Am,True,True,Higher in Am
MAR12867,uptake of torasemide into hepatocytes via OAT1,Drug metabolism,Af only,0.0,-0.0017672013171962,0.0017672013171962,Am,True,False,Only in Af
MAR05303,Transport reaction #43,Transport reactions,both,-0.0005488267795669,-0.0022923503390161,0.0017435235594492,Am,True,True,Higher in Af
MAR00569,Exchange of ATP,Exchange/demand reactions,both,-0.0005488267795669,-0.0022923503390161,0.0017435235594492,Am,True,True,Higher in Af
MAR05138,glycine:tRNA(Gly) ligase (AMP-forming),Aminoacyl-tRNA biosynthesis,both,0.0,0.0017380416938071,-0.0017380416938071,Af,True,False,Only in Af
MAR05146,L-proline:tRNA(Pro) ligase (AMP-forming),Aminoacyl-tRNA biosynthesis,both,0.0,0.0016138958585352,-0.0016138958585352,Af,True,False,Only in Af
MAR05316,Transport of isoleucine/Na+ (e->c),Transport reactions,Am only,0.0015756979160096,0.0,0.0015756979160096,Am,False,True,Only in Am
MAR05147,L-Serine:tRNA(Ser) ligase (AMP-forming),Aminoacyl-tRNA biosynthesis,both,0.0,0.0015518229408992,-0.0015518229408992,Af,True,False,Only in Af
MAR09872,Transport of asparagine/chloride (e->c) #2,Transport reactions,Am only,0.0015390536503365,0.0,0.0015390536503365,Am,False,True,Only in Am
MAR10440,Exchange of Phenyllactate,Exchange/demand reactions,Am only,-0.0014291208533174,0.0,-0.0014291208533174,Af,False,True,Only in Am
MAR09960,Transport of Phenyllactate (c->e),Transport reactions,Am only,-0.0014291208533174,0.0,-0.0014291208533174,Af,False,True,Only in Am
MAR09936,Formation of Phenyl-Lactate,Phenylalanine metabolism,Am only,0.0014291208533174,0.0,0.0014291208533174,Am,False,True,Only in Am
MAR05132,L-Arginine:tRNA(Arg) ligase (AMP-forming),Aminoacyl-tRNA biosynthesis,both,0.0,0.0014276771056273,-0.0014276771056273,Af,True,False,Only in Af
MAR05150,L-Valine:tRNAVal ligase (AMP-forming),Aminoacyl-tRNA biosynthesis,both,0.0,0.0012414583527194,-0.0012414583527194,Af,True,False,Only in Af
MAR05533,Transport of phenylalanine/tyrosine (c->e/e->c),Transport reactions,Af only,0.0,0.001233935253558,-0.001233935253558,Af,True,False,Only in Af
MAR09043,Exchange of phenylalanine,Exchange/demand reactions,Af only,0.0,-0.0011749206990628,0.0011749206990628,Am,True,False,Only in Af
MAR05324,Transport of methionine/Na+ (e->c),Transport reactions,Af only,0.0,0.0010971709438828,-0.0010971709438828,Af,True,False,Only in Af
MAR12868,Transport of Torasemide (e->c),Drug metabolism,Af only,0.0,0.0010929417767421,-0.0010929417767421,Af,True,False,Only in Af
MAR05541,Transport of isoleucine/phenylalanine (c->e/e->c),Transport reactions,Af only,0.0,-0.0009771029261318,0.0009771029261318,Am,True,False,Only in Af
MAR05137,L-glutamate:tRNA(Glu) ligase (AMP-forming),Aminoacyl-tRNA biosynthesis,both,0.0,0.0009310937645395,-0.0009310937645395,Af,True,False,Only in Af
MAR05537,Transport of asparagine/phenylalanine (c->e/e->c),Transport reactions,Af only,0.0,-0.0009024115340926,0.0009024115340926,Am,True,False,Only in Af
MAR05318,Transport of Na+/tyrosine (e->c),Transport reactions,Am only,0.0008794568682218,0.0,0.0008794568682218,Am,False,True,Only in Am
MAR05143,L-Methionine:tRNAMet ligase (AMP-forming),Aminoacyl-tRNA biosynthesis,both,0.0,0.0008690208469035,-0.0008690208469035,Af,True,False,Only in Af
MAR05130,L-Tyrosine:tRNA(Tyr) ligase (AMP-forming),Aminoacyl-tRNA biosynthesis,both,0.0,0.0008690208469035,-0.0008690208469035,Af,True,False,Only in Af
MAR05142,L-lysine:tRNALys ligase (AMP-forming),Aminoacyl-tRNA biosynthesis,both,0.0,0.0008690208469035,-0.0008690208469035,Af,True,False,Only in Af
MAR05134,L-Aspartate:tRNA(Asp) ligase (AMP-forming),Aminoacyl-tRNA biosynthesis,both,0.0,0.0008690208469035,-0.0008690208469035,Af,True,False,Only in Af
MAR09895,Transport of chloride/methionine (e->c) #2,Transport reactions,Am only,0.0008428126025488,0.0,0.0008428126025488,Am,False,True,Only in Am
MAR05308,Transport of glutamine/Na+ (e->c),Transport reactions,both,0.0017955635100478,0.0011148866901873,0.0006806768198605,Am,True,True,Higher in Am
MAR09063,Exchange of glutamine,Exchange/demand reactions,both,-0.0017955635100478,-0.0011148866901873,-0.0006806768198605,Af,True,True,Higher in Am
MAR12866,Transport of chloride/Torasemide (e->c/c->e),Drug metabolism,Af only,0.0,-0.000674259540454,0.000674259540454,Am,True,False,Only in Af
MAR04655,dihydrofolate:NADP+ oxidoreductase (c),Folate metabolism,Af only,0.0,-0.0006653225913076,0.0006653225913076,Am,True,False,Only in Af
MAR04335,"5,6,7,8-tetrahydrofolate:NADP+ oxidoreductase (m)",Folate metabolism,Af only,0.0,0.0006653225913076,-0.0006653225913076,Af,True,False,Only in Af
MAR04656,dihydrofolate:NADP+ oxidoreductase (m),Folate metabolism,Af only,0.0,0.0006653225913076,-0.0006653225913076,Af,True,False,Only in Af
MAR05006,Transport of folate (c->m),Transport reactions,Af only,0.0,0.0006653225913076,-0.0006653225913076,Af,True,False,Only in Af
MAR03952,Transport of THF (c->m),Transport reactions,Af only,0.0,-0.0006653225913076,0.0006653225913076,Am,True,False,Only in Af
MAR09062,Exchange of asparagine,Exchange/demand reactions,both,-0.0015390536503365,-0.0009024115340926,-0.0006366421162439,Af,True,True,Higher in Am
MAR05145,L-Phenylalanine:tRNA(Ala) ligase (AMP-forming),Aminoacyl-tRNA biosynthesis,both,0.0,0.0006207291763596,-0.0006207291763596,Af,True,False,Only in Af
MAR05139,L-Histidine:tRNA(His) ligase (AMP-forming),Aminoacyl-tRNA biosynthesis,both,0.0,0.0006207291763596,-0.0006207291763596,Af,True,False,Only in Af
MAR05148,L-Threonine:tRNA(Thr) ligase (AMP-forming),Aminoacyl-tRNA biosynthesis,both,0.0,0.0006207291763596,-0.0006207291763596,Af,True,False,Only in Af
MAR04333,"5,6,7,8-tetrahydrofolate:NADP+ oxidoreductase (c)",Folate metabolism,Af only,0.0,-0.0006032496736716,0.0006032496736716,Am,True,False,Only in Af
MAR09039,Exchange of isoleucine,Exchange/demand reactions,both,-0.0015756979160096,-0.0009771029261318,-0.0005985949898778,Af,True,True,Higher in Am
MAR04947,Transport reaction #40,Transport reactions,both,-0.0274134292422837,-0.0268496771403435,-0.0005637521019402,Af,True,True,Higher in Am
MAR09440,Exchange of UTP,Exchange/demand reactions,both,-0.0274134292422837,-0.0268496771403435,-0.0005637521019402,Af,True,True,Higher in Am
MAR00632,Acyl-CoA:1-acyl-sn-glycero-3-phosphocholine O-acyltransferase,Glycerophospholipid metabolism,both,0.0009470832463871,0.0003887974896974,0.0005582857566897,Am,True,True,Higher in Am
MAR00628,Exchange of 2-lysolecithin pool,Exchange/demand reactions,both,-0.0009470832463871,-0.000388834733448,-0.0005582485129391,Af,True,True,Higher in Am
MAR01499,Transport of 2-lysolecithin pool (e->c),Transport reactions,both,0.0009470832463871,0.000388834733448,0.0005582485129391,Am,True,True,Higher in Am
MAR04384,Exchange of ceramide pool,Exchange/demand reactions,both,-0.0011718178515263,-0.0006799889404541,-0.0004918289110721,Af,True,True,Higher in Am
MAR12040,Transport of ceramide pool (e->c),Sphingolipid metabolism,both,0.0011718178515263,0.0006799889404541,0.0004918289110721,Am,True,True,Higher in Am
MAR09641,Transport of sphingosine (c->e),Transport reactions,both,0.0010755061681416,0.0005847262089201,0.0004907799592215,Am,True,True,Higher in Am
MAR00758,acyl-CoA:sphingosine N-acyltransferase (c),Sphingolipid metabolism,both,0.0010755061681416,0.0005847262089201,0.0004907799592215,Am,True,True,Higher in Am
MAR11947,Exchange of sphingosine,Exchange/demand reactions,both,0.0010755061681416,0.0005847262089201,0.0004907799592215,Am,True,True,Higher in Am
MAR06375,Transport of Na+/serine (e->c),Transport reactions,both,0.0024185105185584,0.0028812217992823,-0.0004627112807239,Af,True,True,Higher in Af
MAR09069,Exchange of serine,Exchange/demand reactions,both,-0.0024185105185584,-0.0028812217992823,0.0004627112807239,Am,True,True,Higher in Af
MAR11252,Carnitine shuttle of Decanoyl Carnitine (e->c),Transport reactions,Af only,0.0,0.0004538938804777,-0.0004538938804777,Af,True,False,Only in Af
MAR04859,Exchange of Decanoyl Carnitine,Exchange/demand reactions,Af only,0.0,-0.0004538938804777,0.0004538938804777,Am,True,False,Only in Af
MAR03150,(S)-Hydroxyoctanoyl-CoA hydro-lyase (m),Beta oxidation of even-chain fatty acids (mitochondrial),Af only,0.0,0.0004538938804777,-0.0004538938804777,Af,True,False,Only in Af
MAR03151,(S)-hydroxyoctanoyl-CoA:NAD+ oxidoreductase (m),Beta oxidation of even-chain fatty acids (mitochondrial),Af only,0.0,0.0004538938804777,-0.0004538938804777,Af,True,False,Only in Af
MAR03153,Hexanoyl-CoA:acetyl-CoA C-acyltransferase (m),Beta oxidation of even-chain fatty acids (mitochondrial),Af only,0.0,0.0004538938804777,-0.0004538938804777,Af,True,False,Only in Af
MAR02187,Trans-Dec-2-Enoyl CoA Reductase,Fatty acid oxidation,Af only,0.0,0.0004538938804777,-0.0004538938804777,Af,True,False,Only in Af
MAR04967,βO decenoyl-CoA (m),Fatty acid oxidation,Af only,0.0,0.0004538938804777,-0.0004538938804777,Af,True,False,Only in Af
MAR00182,Transport of decanoyl-CoA (c->m),Transport reactions,Af only,0.0,0.0004538938804777,-0.0004538938804777,Af,True,False,Only in Af
MAR04457,Production of Decanoylcarnitine,Fatty acid oxidation,Af only,0.0,-0.0004538938804777,0.0004538938804777,Am,True,False,Only in Af
MAR02207,Trans-Hex-2-Enoyl CoA Reductase,Fatty acid oxidation,Af only,0.0,-0.0004538938804777,0.0004538938804777,Am,True,False,Only in Af
MAR02148,Trans-Oct-2-Enoyl CoA Reductase,Fatty acid oxidation,Af only,0.0,0.0004538938804777,-0.0004538938804777,Af,True,False,Only in Af
MAR06279,βO hexenoyl-CoA (m),Fatty acid oxidation,Af only,0.0,0.0004538938804777,-0.0004538938804777,Af,True,False,Only in Af
MAR05530,Transport of threonine/tryptophan (c->e/e->c),Transport reactions,both,-0.0017222749787017,-0.0012758684942887,-0.000446406484413,Af,True,True,Higher in Am
MAR09044,Exchange of threonine,Exchange/demand reactions,both,-0.0017222749787017,-0.0012758684942887,-0.000446406484413,Af,True,True,Higher in Am
MAR05136,L-Glutamine:tRNA(Gln) ligase (AMP-forming),Aminoacyl-tRNA biosynthesis,both,0.0,0.0004345104234517,-0.0004345104234517,Af,True,False,Only in Af
MAR05315,Transport of Leu/Na+ (e->c),Transport reactions,both,0.0030048187693271,0.0033934819779141,-0.0003886632085869,Af,True,True,Higher in Af
MAR09040,Exchange of Leu,Exchange/demand reactions,both,-0.0030048187693271,-0.0033934819779141,0.0003886632085869,Am,True,True,Higher in Af
MAR05140,L-Isoleucine:tRNA(Ile) ligase (AMP-forming),Aminoacyl-tRNA biosynthesis,both,0.0,0.0003724375058158,-0.0003724375058158,Af,True,False,Only in Af
MAR05135_Human-GEM,L-Cysteine:tRNA(Cys) ligase (AMP-forming),Aminoacyl-tRNA biosynthesis,both,0.0,0.0003724375058158,-0.0003724375058158,Af,True,False,Only in Af
MAR09259,Exchange of AKG,Exchange/demand reactions,both,-0.0021253563931741,-0.0017672013171962,-0.0003581550759779,Af,True,True,Higher in Am
MAR09064,Exchange of tyrosine,Exchange/demand reactions,both,-0.0008794568682218,-0.001233935253558,0.0003544783853361,Am,True,True,Higher in Af
MAR05133,L-Asparagine:tRNA(Asn) ligase (AMP-forming),Aminoacyl-tRNA biosynthesis,both,0.0,0.0003103645881798,-0.0003103645881798,Af,True,False,Only in Af
MAR04323,"L-serine hydro-lyase (adding hydrogen sulfide, L-cysteine-forming)",Cysteine and methionine metabolism,both,0.0002565098597112,0.0005228397442744,-0.0002663298845632,Af,True,True,Higher in Af
MAR09103,Exchange of H2S,Exchange/demand reactions,both,-0.0002565098597112,-0.0005228397442744,0.0002663298845632,Am,True,True,Higher in Af
MAR04990,Transport of H2S (c->e),Transport reactions,both,-0.0002565098597112,-0.0005228397442744,0.0002663298845632,Am,True,True,Higher in Af
MAR09042,Exchange of methionine,Exchange/demand reactions,both,-0.0008428126025488,-0.0010971709438828,0.000254358341334,Am,True,True,Higher in Af
MAR04010,adenosine 5'-monophosphate phosphohydrolase (c),Purine metabolism,Am only,0.0002534474500142,0.0,0.0002534474500142,Am,False,True,Only in Am
MAR04579,uridine:phosphate alpha-D-ribosyltransferase,Pyrimidine metabolism,both,0.0269040447573936,0.0266506825851424,0.0002533621722512,Am,True,True,Higher in Am
MAR07719,Transport of uridine (c->m),Transport reactions,both,-0.0269040447573936,-0.0266506825851424,-0.0002533621722512,Af,True,True,Higher in Am
MAR07717,uridine 5'-monophosphate phosphohydrolase (m),Nucleotide metabolism,both,0.0269040447573936,0.0266506825851424,0.0002533621722512,Am,True,True,Higher in Am
MAR20148,Transport of UMP (m->c),Transport reactions,both,-0.0269040447573936,-0.0266506825851424,-0.0002533621722512,Af,True,True,Higher in Am
MAR09045,Exchange of tryptophan,Exchange/demand reactions,both,-7.328853134607714e-05,-0.0002735286193503,0.0002002400880042,Am,True,True,Higher in Af
MAR00656,Exchange of PE-LD pool,Exchange/demand reactions,both,-0.0003049961772702,-0.0001115308545151,-0.0001934653227551,Af,True,True,Higher in Am
MAR01601,Transport of PE-LD pool (e->c) #2,Transport reactions,both,0.0003049961772702,0.0001115308545151,0.0001934653227551,Am,True,True,Higher in Am
MAR05068,Transport of arginine (e->c),Transport reactions,both,0.0019787793304819,0.0021711438477197,-0.0001923645172377,Af,True,True,Higher in Af
MAR09066,Exchange of arginine,Exchange/demand reactions,both,-0.0019787793304819,-0.0021711438477197,0.0001923645172377,Am,True,True,Higher in Af
MAR02151,reaction #2,Fatty acid biosynthesis,both,0.0,0.0001862187529079,-0.0001862187529079,Af,True,False,Only in Af
MAR02599,palmitoyl-CoA:L-carnitine O-palmitoyltransferase,Carnitine shuttle (cytosolic),both,0.0,0.0001862187529079,-0.0001862187529079,Af,True,False,Only in Af
MAR05149_Human-GEM,L-Tryptophan -tRNA(Trp) ligase (AMP-forming),Aminoacyl-tRNA biosynthesis,both,0.0,0.0001862187529079,-0.0001862187529079,Af,True,False,Only in Af
MAR09975,Transport of phenylalanine/3-Methylhistidine (c->e/e->c),Transport reactions,Af only,0.0,0.0001862187529079,-0.0001862187529079,Af,True,False,Only in Af
MAR10188,Exchange of 3-Methylhistidine,Exchange/demand reactions,both,0.0,-0.0001862187529079,0.0001862187529079,Am,True,False,Only in Af
MAR11256,Carnitine shuttle of malonyl-carnitine (e->c),Transport reactions,both,0.0,0.0001862187529079,-0.0001862187529079,Af,True,False,Only in Af
MAR05422,Transport reaction #48,Transport reactions,both,0.0,-0.0001862187529079,0.0001862187529079,Am,True,False,Only in Af
MAR04886,Exchange of malonyl-carnitine,Exchange/demand reactions,both,0.0,-0.0001862187529079,0.0001862187529079,Am,True,False,Only in Af
MAR09939,Formation of Methyl-Histidine,Histidine metabolism,both,0.0,-0.0001862187529079,0.0001862187529079,Am,True,False,Only in Af
MAR01692,"3alpha,7alpha-Dihydroxy-5beta-cholestan-26-al:NAD+ oxidoreductase",Bile acid biosynthesis,Am only,-0.0001668848046937,0.0,-0.0001668848046937,Af,False,True,Only in Am
MAR02889,"3α,7α-diOH-5β-cholestan-26-al dehydrogenase (c)",Bile acid biosynthesis,Am only,0.0001668848046937,0.0,0.0001668848046937,Am,False,True,Only in Am
MAR09006,Transport reaction #95,Transport reactions,both,0.0,0.0001241458352719,-0.0001241458352719,Af,True,False,Only in Af
MAR06090,Transport of HCO3/GSH adduct (c->e/e->c) #13,Transport reactions,Af only,0.0,0.0001241458352719,-0.0001241458352719,Af,True,False,Only in Af
MAR07160,Deoxynucleoside triphosphate:DNA deoxynucleotidyltransferase,Nucleotide metabolism,both,0.0,0.0001241458352719,-0.0001241458352719,Af,True,False,Only in Af
MAR08791,nicotinamide ribonucleoside synthesis,Nicotinate and nicotinamide metabolism,both,0.0,0.0001241458352719,-0.0001241458352719,Af,True,False,Only in Af
MAR09298,Exchange of 5-deoxyadenosine,Exchange/demand reactions,both,0.0,0.0001241458352719,-0.0001241458352719,Af,True,False,Only in Af
MAR04146,Exchange of taurolithocholate,Exchange/demand reactions,both,0.0,0.0001241458352719,-0.0001241458352719,Af,True,False,Only in Af
MAR04969,Transport of nicotinamide (c->e),Transport reactions,both,0.0,-0.0001241458352719,0.0001241458352719,Am,True,False,Only in Af
MAR04265,nicotinamide ribonucleoside kinase,Nicotinate and nicotinamide metabolism,both,0.0,0.0001241458352719,-0.0001241458352719,Af,True,False,Only in Af
MAR09026,Exchange of S-Adenosyl-L-Homocysteine,Exchange/demand reactions,both,0.0,-0.0001241458352719,0.0001241458352719,Am,True,False,Only in Af
MAR09637,Transport of 5-deoxyadenosine (c->e),Transport reactions,both,0.0,0.0001241458352719,-0.0001241458352719,Af,True,False,Only in Af
MAR09378,Exchange of nicotinamide,Exchange/demand reactions,both,0.0,-0.0001241458352719,0.0001241458352719,Am,True,False,Only in Af
MAR04181,Exchange of sulfotaurolithocholate,Exchange/demand reactions,both,0.0,-0.0001241458352719,0.0001241458352719,Am,True,False,Only in Af
MAR06072,Transport of HCO3/GSH adduct (c->e/e->c) #5,Transport reactions,Af only,0.0,-0.0001241458352719,0.0001241458352719,Am,True,False,Only in Af
MAR01843,3'-Phosphoadenylylsulfate:taurolithocholate sulfotransferase,Bile acid biosynthesis,both,0.0,-0.0001241458352719,0.0001241458352719,Am,True,False,Only in Af
MAR01542,Nicotinamide-Nucleotide Adenylyltransferase,Nicotinate and nicotinamide metabolism,both,0.0,0.0001241458352719,-0.0001241458352719,Af,True,False,Only in Af
MAR04032,UTP:ammonia ligase (ADP-forming),Pyrimidine metabolism,both,0.0002150075987994,9.265986819699026e-05,0.0001223477306024,Am,True,True,Higher in Am
MAR09860,Exchange of xanthosine-5-phosphate,Exchange/demand reactions,both,-0.0002534474500142,-0.0001332087372957,-0.0001202387127185,Af,True,True,Higher in Am
MAR09834,Transport of xanthosine-5-phosphate (e->c),Transport reactions,both,0.0002534474500142,0.0001332087372957,0.0001202387127185,Am,True,True,Higher in Am
MAR20139,Transport of GMP (m->c),Transport reactions,both,-0.0002534474500142,-0.0001332087372957,-0.0001202387127185,Af,True,True,Higher in Am
MAR04135,ATP:GMP phosphotransferase (m),Purine metabolism,both,-0.0002534474500142,-0.0001332087372957,-0.0001202387127185,Af,True,True,Higher in Am
MAR04453,Xanthosine-5'-phosphate:ammonia ligase (AMP-forming),Purine metabolism,both,0.0002534474500142,0.0001332087372957,0.0001202387127185,Am,True,True,Higher in Am
MAR04883,Transport reaction #14,Transport reactions,both,0.0,-0.0001179385435083,0.0001179385435083,Am,True,False,Only in Af
MAR20137,Transport reaction #111,Transport reactions,both,0.0003255517761717,0.000217442567526,0.0001081092086456,Am,True,True,Higher in Am
MAR04147,Succinate:CoA ligase (GDP-forming),Tricarboxylic acid cycle and glyoxylate/dicarboxylate metabolism,both,-0.0003255517761717,-0.000217442567526,-0.0001081092086456,Af,True,True,Higher in Am
MAR00574,"Exchange of 1,2-diacylglycerol-LD-TAG pool",Exchange/demand reactions,both,0.0,-0.0001011788557466,0.0001011788557466,Am,True,False,Only in Af
MAR00142,"Transport of 1,2-diacylglycerol-LD-TAG pool (e->c)",Transport reactions,both,0.0,0.0001011788557466,-0.0001011788557466,Af,True,False,Only in Af
MAR08463,dCDP to dCMP (c) #2,Nucleotide metabolism,Af only,0.0,8.423383023025963e-05,-8.423383023025963e-05,Af,True,False,Only in Af
MAR00714,Exchange of CE pool,Exchange/demand reactions,both,0.0,-8.31777096321974e-05,8.31777096321974e-05,Am,True,False,Only in Af
MAR04894,Transport reaction #21,Transport reactions,both,0.0,8.069479292675915e-05,-8.069479292675915e-05,Af,True,False,Only in Af
MAR11895,Exchange of 13-cis-retinoate,Exchange/demand reactions,both,0.0,-7.448750116316355e-05,7.448750116316355e-05,Am,True,False,Only in Af
MAR03946,Transport of H2O2 (c->m),Transport reactions,both,0.0,-7.448750116316355e-05,7.448750116316355e-05,Am,True,False,Only in Af
MAR11894,Transport of 13-cis-retinoate (c->e),Transport reactions,both,0.0,-7.448750116316355e-05,7.448750116316355e-05,Am,True,False,Only in Af
MAR04480,ATP:dAMP phosphotransferase,Purine metabolism,Am only,-7.261105581957998e-05,0.0,-7.261105581957998e-05,Af,False,True,Only in Am
MAR04633,ATP:deoxyadenosine 5'-phosphotransferase,Nucleotide metabolism,Am only,7.261105581957998e-05,0.0,7.261105581957998e-05,Am,False,True,Only in Am
MAR07869,dADP to dATP (c),Nucleotide metabolism,Am only,7.261105581957998e-05,0.0,7.261105581957998e-05,Am,False,True,Only in Am
MAR04054,ATP:thymidine 5'-phosphotransferase,Nucleotide metabolism,Am only,7.210432615748503e-05,0.0,7.210432615748503e-05,Am,False,True,Only in Am
MAR09423,Exchange of thymidine,Exchange/demand reactions,both,-7.210432615748503e-05,0.0,-7.210432615748503e-05,Af,False,True,Only in Am
MAR05034,Transport of thymidine (c->e),Transport reactions,both,-7.210432615748503e-05,0.0,-7.210432615748503e-05,Af,False,True,Only in Am
MAR08465,CDP reaction (c) #3,Nucleotide metabolism,Am only,6.421146087724147e-05,0.0,6.421146087724147e-05,Am,False,True,Only in Am
MAR04611,dATP oxidoreductase,Purine metabolism,Af only,0.0,6.224741029267984e-05,-6.224741029267984e-05,Af,True,False,Only in Af
MAR04269,ATP:NAD+ 2'-phosphotransferase (c),Nicotinate and nicotinamide metabolism,both,0.0,6.207291763597229e-05,-6.207291763597229e-05,Af,True,False,Only in Af
MAR09143,Exchange of riboflavin,Exchange/demand reactions,both,0.0,-6.207291763596827e-05,6.207291763596827e-05,Am,True,False,Only in Af
MAR08614,Transport of cob(II)alamin (c->m),Transport reactions,both,0.0,6.207291763596827e-05,-6.207291763596827e-05,Af,True,False,Only in Af
MAR04644,"5,10-Methylenetetrahydrofolate:dUMP C-methyltransferase",Pyrimidine metabolism,Af only,0.0,6.207291763596827e-05,-6.207291763596827e-05,Af,True,False,Only in Af
MAR08616,ATP:cob(I)alamin Co-beta-adenosyltransferase #2,Vitamin B12 metabolism,both,0.0,6.207291763596827e-05,-6.207291763596827e-05,Af,True,False,Only in Af
MAR08615,ATP:cob(I)alamin Co-beta-adenosyltransferase,Vitamin B12 metabolism,both,0.0,6.207291763596827e-05,-6.207291763596827e-05,Af,True,False,Only in Af
MAR02158,D-3-hydroxyhexanoyl lyase,Fatty acid biosynthesis (even-chain),both,0.0,6.207291763596827e-05,-6.207291763596827e-05,Af,True,False,Only in Af
MAR02157,3-oxohexanoyl oxidoreductase,Fatty acid biosynthesis (even-chain),both,0.0,6.207291763596827e-05,-6.207291763596827e-05,Af,True,False,Only in Af
MAR02156,ACP acyltransferase,Fatty acid biosynthesis (even-chain),both,0.0,6.207291763596827e-05,-6.207291763596827e-05,Af,True,False,Only in Af
MAR04507,dCMP aminohydrolase,Nucleotide metabolism,Af only,0.0,6.207291763596827e-05,-6.207291763596827e-05,Af,True,False,Only in Af
MAR02155,butyryl- :NADP+ trans-2-oxidoreductase,Fatty acid biosynthesis (even-chain),both,0.0,6.207291763596827e-05,-6.207291763596827e-05,Af,True,False,Only in Af
MAR05420,Transport of Fe2+ (c->m) #2,Transport reactions,Af only,0.0,6.207291763596827e-05,-6.207291763596827e-05,Af,True,False,Only in Af
MAR08612,Transport of aquacob(III)alamin (e->c),Transport reactions,both,0.0,6.207291763596827e-05,-6.207291763596827e-05,Af,True,False,Only in Af
MAR09109,Exchange of biotin,Exchange/demand reactions,both,0.0,-6.207291763596827e-05,6.207291763596827e-05,Am,True,False,Only in Af
MAR06402,octanoyl- :protein N6-octanoyltransferase,Lipoic acid metabolism,both,0.0,6.207291763596827e-05,-6.207291763596827e-05,Af,True,False,Only in Af
MAR06403,protein Lys sulfurtransferase,Lipoic acid metabolism,both,0.0,6.207291763596827e-05,-6.207291763596827e-05,Af,True,False,Only in Af
MAR09920,Exchange of O-acetylcarnitine,Exchange/demand reactions,both,0.0,-6.207291763596827e-05,6.207291763596827e-05,Am,True,False,Only in Af
MAR06505,Transport of riboflavin (c->e),Transport reactions,both,0.0,-6.207291763596827e-05,6.207291763596827e-05,Am,True,False,Only in Af
MAR02154,3-hydroxybutanoyl lyase,Fatty acid biosynthesis (even-chain),both,0.0,6.207291763596827e-05,-6.207291763596827e-05,Af,True,False,Only in Af
MAR06512,Transport reaction #52,Transport reactions,both,0.0,-6.207291763596827e-05,6.207291763596827e-05,Am,True,False,Only in Af
MAR02153,acetoacetyl oxidoreductase,Fatty acid biosynthesis (even-chain),both,0.0,6.207291763596827e-05,-6.207291763596827e-05,Af,True,False,Only in Af
MAR06675,13-cis-retinal dehydrogenase (c),Retinol metabolism,both,0.0,-6.207291763596827e-05,6.207291763596827e-05,Am,True,False,Only in Af
MAR02152,acetyl acyltransferase,Fatty acid biosynthesis (even-chain),both,0.0,6.207291763596827e-05,-6.207291763596827e-05,Af,True,False,Only in Af
MAR08617,Triphosphate phosphohydrolase (m),Miscellaneous,both,0.0,6.207291763596827e-05,-6.207291763596827e-05,Af,True,False,Only in Af
MAR04719,Production of Hexanoylcarnitine,Fatty acid oxidation,both,0.0,6.207291763596827e-05,-6.207291763596827e-05,Af,True,False,Only in Af
MAR04756,Transport of protoporphyrin (c->m),Transport reactions,both,0.0,6.207291763596827e-05,-6.207291763596827e-05,Af,True,False,Only in Af
MAR04762,Cytochrome c apocytochrome-c-lyase,Porphyrin metabolism,both,0.0,6.207291763596827e-05,-6.207291763596827e-05,Af,True,False,Only in Af
MAR00019,Transport of CE pool (e->l),Transport reactions,both,0.0,6.207291763596827e-05,-6.207291763596827e-05,Af,True,False,Only in Af
MAR09269,Exchange of aquacob(III)alamin,Exchange/demand reactions,both,0.0,-6.207291763596827e-05,6.207291763596827e-05,Am,True,False,Only in Af
MAR07767,Transport reaction #68,Transport reactions,both,0.0,-6.207291763596827e-05,6.207291763596827e-05,Am,True,False,Only in Af
MAR00604,"ATP:1,2-diacylglycerol 3-phosphotransferase",Acylglycerides metabolism,both,0.0,6.207291763596827e-05,-6.207291763596827e-05,Af,True,False,Only in Af
MAR02591,Acetyl-CoA:carnitine O-acetyltransferase (c),Carnitine shuttle (cytosolic),both,0.0,6.207291763596827e-05,-6.207291763596827e-05,Af,True,False,Only in Af
MAR02162,3-hydroxyoctanoyl lyase,Fatty acid biosynthesis (even-chain),both,0.0,6.207291763596827e-05,-6.207291763596827e-05,Af,True,False,Only in Af
MAR09609,Transport of biotin/Na+ (e->c) #3,Transport reactions,both,0.0,6.207291763596827e-05,-6.207291763596827e-05,Af,True,False,Only in Af
MAR02150,reaction,Fatty acid biosynthesis,both,0.0,6.207291763596827e-05,-6.207291763596827e-05,Af,True,False,Only in Af
MAR04899,Exchange of Hexanoyl Carnitine,Exchange/demand reactions,both,0.0,6.207291763596827e-05,-6.207291763596827e-05,Af,True,False,Only in Af
MAR02161,3-oxooctanoyl oxidoreductase,Fatty acid biosynthesis (even-chain),both,0.0,6.207291763596827e-05,-6.207291763596827e-05,Af,True,False,Only in Af
MAR05171,glycytRNA(gly)-tRNA ligase (c) #9,Protein assembly,both,0.0,6.207291763596827e-05,-6.207291763596827e-05,Af,True,False,Only in Af
MAR02160,ACP acyltransferase #2,Fatty acid biosynthesis (even-chain),both,0.0,6.207291763596827e-05,-6.207291763596827e-05,Af,True,False,Only in Af
MAR09728,Transport of glycogen (c->e),Transport reactions,both,0.0,-6.207291763596827e-05,6.207291763596827e-05,Am,True,False,Only in Af
MAR05206,Transport of apoA1 (c->e),Transport reactions,both,0.0,-6.207291763596827e-05,6.207291763596827e-05,Am,True,False,Only in Af
MAR09729,Exchange of glycogen,Exchange/demand reactions,both,0.0,-6.207291763596827e-05,6.207291763596827e-05,Am,True,False,Only in Af
MAR07765,Transport reaction #66,Transport reactions,both,0.0,6.207291763596827e-05,-6.207291763596827e-05,Af,True,False,Only in Af
MAR05227,Transport of apocytochrome-C (c->m),Transport reactions,both,0.0,6.207291763596827e-05,-6.207291763596827e-05,Af,True,False,Only in Af
MAR08641,S-adenosyl-L-methionine:DNA (cytosine-5-)-methyltransferase,Cysteine and methionine metabolism,both,0.0,6.207291763596827e-05,-6.207291763596827e-05,Af,True,False,Only in Af
MAR02159,hexanoyl- :NADP+ trans-2-oxidoreductase,Fatty acid biosynthesis (even-chain),both,0.0,6.207291763596827e-05,-6.207291763596827e-05,Af,True,False,Only in Af
MAR04905,Transport reaction #28,Transport reactions,both,0.0,6.207291763596827e-05,-6.207291763596827e-05,Af,True,False,Only in Af
MAR02163,octanoyl- :NADP+ trans-2-oxidoreductase,Fatty acid biosynthesis (even-chain),both,0.0,6.207291763596827e-05,-6.207291763596827e-05,Af,True,False,Only in Af
MAR01939,Exchange of Flavin Adenine Dinucleotide Oxidized,Exchange/demand reactions,both,0.0,-6.207291763596827e-05,6.207291763596827e-05,Am,True,False,Only in Af
MAR11953,"Exchange of 5,10-methylene-THF",Exchange/demand reactions,both,0.0,-6.207291763596827e-05,6.207291763596827e-05,Am,True,False,Only in Af
MAR10250,Exchange of hexanoyl-CoA,Exchange/demand reactions,both,0.0,-6.207291763596827e-05,6.207291763596827e-05,Am,True,False,Only in Af
MAR01044,"Ferrochelatase, Mitochondrial",Porphyrin metabolism,both,0.0,6.207291763596827e-05,-6.207291763596827e-05,Af,True,False,Only in Af
MAR10489,Transport of pterin (c->e) #3,Transport reactions,both,0.0,-6.207291763596827e-05,6.207291763596827e-05,Am,True,False,Only in Af
MAR10496,Exchange of pterin #3,Exchange/demand reactions,both,0.0,-6.207291763596827e-05,6.207291763596827e-05,Am,True,False,Only in Af
MAR11250,Carnitine shuttle of O-acetylcarnitine (e->c),Transport reactions,both,0.0,6.207291763596827e-05,-6.207291763596827e-05,Af,True,False,Only in Af
MAR03597,Transport of CE pool (l->r),Transport reactions,both,0.0,6.207291763596827e-05,-6.207291763596827e-05,Af,True,False,Only in Af
MAR04004,ATP:AMP phosphotransferase (m),Purine metabolism,Af only,0.0,-6.207291763596827e-05,6.207291763596827e-05,Am,True,False,Only in Af
MAR11261,Carnitine shuttle of Hexanoyl Carnitine (e->c),Transport reactions,both,0.0,-6.207291763596827e-05,6.207291763596827e-05,Am,True,False,Only in Af
MAR11787,"Transport of 5,10-methylene-THF (e->c)",Transport reactions,both,0.0,6.207291763596827e-05,-6.207291763596827e-05,Af,True,False,Only in Af
MAR01095,Transport reaction #5,Transport reactions,both,0.0,-6.207291763596827e-05,6.207291763596827e-05,Am,True,False,Only in Af
MAR10375,Transport of hexanoyl-CoA (c->e),Transport reactions,both,0.0,-6.207291763596827e-05,6.207291763596827e-05,Am,True,False,Only in Af
MAR00031,"Pool reaction of 1,2-diacylglycerol-LD-TAG pool",Pool reactions,both,0.0,6.207291763596827e-05,-6.207291763596827e-05,Af,True,False,Only in Af
MAR04110,Exchange of apoA1,Exchange/demand reactions,both,0.0,-6.207291763596827e-05,6.207291763596827e-05,Am,True,False,Only in Af
MAR13086,Transport of RNA (n->c),Transport reactions,both,0.0,6.207291763596827e-05,-6.207291763596827e-05,Af,True,False,Only in Af
MAR00022,Artificial reaction of protein Lys,Artificial reactions,both,0.0,6.207291763596827e-05,-6.207291763596827e-05,Af,True,False,Only in Af
MAR07161,nucleoside-triphosphate:RNA nucleotidyltransferase (DNA-directed),Nucleotide metabolism,both,0.0,6.207291763596827e-05,-6.207291763596827e-05,Af,True,False,Only in Af
MAR00021,Artificial reaction of alanine (c/r/n),Artificial reactions,both,0.0,6.207291763596827e-05,-6.207291763596827e-05,Af,True,False,Only in Af
MAR07867,GDP reaction (c),Nucleotide metabolism,Am only,5.6318595596997914e-05,0.0,5.6318595596997914e-05,Am,False,True,Only in Am
MAR06513,Transport reaction #53,Transport reactions,both,0.0,-5.5865625872372654e-05,5.5865625872372654e-05,Am,True,False,Only in Af
MAR06672,13-cis-retinal to Retinal (c),Retinol metabolism,both,0.0,5.5865625872372654e-05,-5.5865625872372654e-05,Af,True,False,Only in Af
MAR09824,Transport of dCMP (e->c),Transport reactions,both,5.200588553807602e-05,0.0001048103419149,-5.2804456376823984e-05,Af,True,True,Higher in Af
MAR09847,Exchange of dCMP,Exchange/demand reactions,both,-5.200588553807602e-05,-0.0001048103419149,5.2804456376823984e-05,Am,True,True,Higher in Af
MAR08452,dCDP cleavage (c),Nucleotide metabolism,Am only,5.200588553807602e-05,0.0,5.200588553807602e-05,Am,False,True,Only in Am
MAR03931,NADPH:oxidized-thioredoxin oxidoreductase,Pyrimidine metabolism,both,5.451750212411709e-05,0.0001058497112179,-5.1332209093782906e-05,Af,True,True,Higher in Af
MAR09404,Exchange of retinoate,Exchange/demand reactions,both,0.0,-4.965833410877301e-05,4.965833410877301e-05,Am,True,False,Only in Af
MAR08721,Transport of retinoate (c->e),Transport reactions,both,0.0,-4.965833410877301e-05,4.965833410877301e-05,Am,True,False,Only in Af
MAR07780,Transport reaction #78,Transport reactions,both,0.0,4.758923685424248e-05,-4.758923685424248e-05,Af,True,False,Only in Af
MAR07778,Transport reaction #76,Transport reactions,both,0.0,4.758923685424248e-05,-4.758923685424248e-05,Af,True,False,Only in Af
MAR03967,CDP reaction (c),Nucleotide metabolism,both,-0.0001284229217544,-8.423383023025963e-05,-4.4189091524140365e-05,Af,True,True,Higher in Am
MAR07871,dCDP to dCTP (c),Nucleotide metabolism,Af only,0.0,4.273742427900912e-05,-4.273742427900912e-05,Af,True,False,Only in Af
MAR03818,Transport of L-glutamate 5-semialdehyde (c->m),Transport reactions,Af only,0.0,-4.216691295125559e-05,4.216691295125559e-05,Am,True,False,Only in Af
MAR03806,L-glutamate gamma-semialdehyde:NAD+ oxidoreductase,Arginine and proline metabolism,Af only,0.0,4.216691295125559e-05,-4.216691295125559e-05,Af,True,False,Only in Af
MAR03819,1-pyrroline-5-carboxylate hydrolase (c),Arginine and proline metabolism,Af only,0.0,-4.216691295125559e-05,4.216691295125559e-05,Am,True,False,Only in Af
MAR03835,L-Proline:NAD+ 5-oxidoreductase (c),Arginine and proline metabolism,Af only,0.0,4.216691295125559e-05,-4.216691295125559e-05,Af,True,False,Only in Af
MAR09038,Exchange of histidine,Exchange/demand reactions,both,-0.0006962355398566,-0.00073633245809,4.0096918233400005e-05,Am,True,True,Higher in Af
MAR09593,Transport of chloride/histidine (e->c),Transport reactions,both,0.0006962355398566,0.00073633245809,-4.0096918233400005e-05,Af,True,True,Higher in Af
MAR00578,Transport of acyl-CoA pool (c->m),Transport reactions,both,0.0001284229217544,0.0001683683437923,-3.9945422037900014e-05,Af,True,True,Higher in Af
MAR09921,Exchange of O-propanoylcarnitine,Exchange/demand reactions,both,0.0,3.7243750581581774e-05,-3.7243750581581774e-05,Af,True,False,Only in Af
MAR09913,Carnitine shuttle of Na+/O-propanoylcarnitine (c->e),Transport reactions,both,0.0,3.7243750581581774e-05,-3.7243750581581774e-05,Af,True,False,Only in Af
MAR05361,Transport of propanoyl-CoA (c->m),Transport reactions,Af only,0.0,-3.7243750581581774e-05,3.7243750581581774e-05,Am,True,False,Only in Af
MAR02594,propanoylcarnitine transferase (c),Carnitine shuttle (cytosolic),both,0.0,-3.7243750581581774e-05,3.7243750581581774e-05,Am,True,False,Only in Af
MAR08722,Transport of retinoate (c->r),Transport reactions,both,0.0,3.7243750581581774e-05,-3.7243750581581774e-05,Af,True,False,Only in Af
MAR02897,Carnitine shuttle of C22:4-CoA #6,Carnitine shuttle (endoplasmic reticular),Af only,0.0,-3.310555607251668e-05,3.310555607251668e-05,Am,True,False,Only in Af
MAR02730,Carnitine shuttle of C22:6-CoA (c),Carnitine shuttle (cytosolic),Af only,0.0,-3.310555607251668e-05,3.310555607251668e-05,Am,True,False,Only in Af
MAR02896,Carnitine shuttle of ocosatetraenoyl (r->c),Carnitine shuttle (endoplasmic reticular),Af only,0.0,-3.310555607251668e-05,3.310555607251668e-05,Am,True,False,Only in Af
MAR02870,Carnitine shuttle of C22:6-CoA (r),Carnitine shuttle (endoplasmic reticular),Af only,0.0,3.310555607251668e-05,-3.310555607251668e-05,Af,True,False,Only in Af
MAR03437,docosahexaenoyCoA β-oxidation (c),Fatty acid oxidation,Af only,0.0,3.310555607251668e-05,-3.310555607251668e-05,Af,True,False,Only in Af
MAR02869,Carnitine shuttle of docosahexaenoyl (r->c),Carnitine shuttle (endoplasmic reticular),Af only,0.0,3.310555607251668e-05,-3.310555607251668e-05,Af,True,False,Only in Af
MAR03438,docosahexaenoyCoA β-oxidation (r),Fatty acid oxidation,Af only,0.0,-3.310555607251668e-05,3.310555607251668e-05,Am,True,False,Only in Af
MAR02759,Carnitine shuttle of C22:4-CoA #3,Carnitine shuttle (cytosolic),Af only,0.0,3.310555607251668e-05,-3.310555607251668e-05,Af,True,False,Only in Af
MAR06651,all-trans-Retinal 11-cis-trans-isomerase,Retinol metabolism,both,0.0,3.103645881798212e-05,-3.103645881798212e-05,Af,True,False,Only in Af
MAR08613,aquacob(III)alamin reductase,Vitamin B12 metabolism,both,0.0,3.103645881798212e-05,-3.103645881798212e-05,Af,True,False,Only in Af
MAR09046,Exchange of valine,Exchange/demand reactions,both,-0.0019421350648089,-0.0019723066204085,3.0171555599599808e-05,Am,True,True,Higher in Af
MAR05314,Transport of Na+/valine (e->c),Transport reactions,both,0.0019421350648089,0.0019723066204085,-3.0171555599599808e-05,Af,True,True,Higher in Af
MAR00605,"acyl-CoA:1,2-diacyl-sn-glycerol O-acyltransferase",Acylglycerides metabolism,both,0.0,2.731208375982475e-05,-2.731208375982475e-05,Af,True,False,Only in Af
MAR08010,Transport of calcidiol (c->e),Transport reactions,both,0.0,-2.4829167054386504e-05,2.4829167054386504e-05,Am,True,False,Only in Af
MAR09215,Exchange of calcidiol,Exchange/demand reactions,both,0.0,-2.4829167054386504e-05,2.4829167054386504e-05,Am,True,False,Only in Af
MAR06638,11-cis-retinol:NAD+ oxidoreductase,Retinol metabolism,both,0.0,2.4829167054386504e-05,-2.4829167054386504e-05,Af,True,False,Only in Af
MAR11583,Transport of PI pool (c->e),Transport reactions,both,-0.0001284174138233,-0.0001063928461652,-2.2024567658100014e-05,Af,True,True,Higher in Am
MAR12127,Exchange of PI pool,Exchange/demand reactions,both,-0.0001284174138233,-0.0001063928461652,-2.2024567658100014e-05,Af,True,True,Higher in Am
MAR01827,Transport of CE pool (e->c),Transport reactions,both,0.0,2.1104791996229134e-05,-2.1104791996229134e-05,Af,True,False,Only in Af
MAR07792,Transport reaction #85,Transport reactions,both,0.0,2.1104791996229134e-05,-2.1104791996229134e-05,Af,True,False,Only in Af
MAR01669,Transport of PS-LD pool (e->c) #2,Transport reactions,both,3.210573043862073e-05,1.1068041713614857e-05,2.1037688725005875e-05,Am,True,True,Higher in Am
MAR00661,Exchange of PS-LD pool,Exchange/demand reactions,both,-3.210573043862073e-05,-1.1068041713614857e-05,-2.1037688725005875e-05,Af,True,True,Higher in Am
MAR00580,acyl-CoA:1-acyl-sn-glycerol-3-phosphate 2-O-acyltransferase,Glycerophospholipid metabolism,both,6.421146087724147e-05,8.418417189615246e-05,-1.997271101891099e-05,Af,True,True,Higher in Af
MAR10049,Transport of CDP-diacylglycerol-CL pool (c->m),Transport reactions,both,-6.421146087724147e-05,-8.418417189615246e-05,1.997271101891099e-05,Am,True,True,Higher in Af
MAR09839,Transport of sn-glycerol-3-phosphate (e->c),Transport reactions,both,6.421146087724147e-05,8.418417189615246e-05,-1.997271101891099e-05,Af,True,True,Higher in Af
MAR09868,Exchange of sn-glycerol-3-phosphate,Exchange/demand reactions,both,-6.421146087724147e-05,-8.418417189615246e-05,1.997271101891099e-05,Am,True,True,Higher in Af
MAR00129,Cardiolipin Synthase (Homo Sapiens),Glycerophospholipid metabolism,both,6.421146087724147e-05,8.418417189615246e-05,-1.997271101891099e-05,Af,True,True,Higher in Af
MAR00581,Pool reaction of phosphatidate-CL pool,Glycerophospholipid metabolism,both,6.421146087724147e-05,8.418417189615246e-05,-1.997271101891099e-05,Af,True,True,Higher in Af
MAR08891,Transport of sn-glycerol-3-phosphate (c->m) #2,Transport reactions,both,6.421146087724147e-05,8.418417189615246e-05,-1.997271101891099e-05,Af,True,True,Higher in Af
MAR00579,acyl-CoA:sn-glycerol-3-phosphate 1-O-acyltransferase,Glycerophospholipid metabolism,both,6.421146087724147e-05,8.418417189615246e-05,-1.997271101891099e-05,Af,True,True,Higher in Af
MAR07776,Transport reaction #74,Transport reactions,both,0.0,1.8621875290790887e-05,-1.8621875290790887e-05,Af,True,False,Only in Af
MAR05423,Transport reaction #49,Transport reactions,both,0.0,1.8621875290790887e-05,-1.8621875290790887e-05,Af,True,False,Only in Af
MAR08711,all-trans-Retinol 11-cis-trans-isomerase,Retinol metabolism,both,0.0,1.8621875290790887e-05,-1.8621875290790887e-05,Af,True,False,Only in Af
MAR07772,Transport reaction #71,Transport reactions,both,0.0,1.8621875290790887e-05,-1.8621875290790887e-05,Af,True,False,Only in Af
MAR06660,9-cis-retinoate to Retinoate (r),Retinol metabolism,both,0.0,-1.2414583527191238e-05,1.2414583527191238e-05,Am,True,False,Only in Af
MAR08702,9-cis-retinal to Retinal,Retinol metabolism,both,0.0,-1.2414583527191238e-05,1.2414583527191238e-05,Am,True,False,Only in Af
MAR06674,13-cis-retinal dehydrogenase (r),Retinol metabolism,both,0.0,-1.2414583527191238e-05,1.2414583527191238e-05,Am,True,False,Only in Af
MAR08009,Transport of calcidiol (c->m),Transport reactions,both,0.0,1.2414583527191238e-05,-1.2414583527191238e-05,Af,True,False,Only in Af
MAR01565,cholesterol:NADP+ delta7-oxidoreductase,Cholesterol biosynthesis 2,both,0.0001123673025696,0.0001010770288498,1.1290273719799997e-05,Am,True,True,Higher in Am
MAR09989,Transport of provitamin D3 (c->e) #2,Transport reactions,both,-0.0001123673025696,-0.0001010770288498,-1.1290273719799997e-05,Af,True,True,Higher in Am
MAR10195,Exchange of provitamin D3,Exchange/demand reactions,both,-0.0001123673025696,-0.0001010770288498,-1.1290273719799997e-05,Af,True,True,Higher in Am
MAR07796,Transport reaction #87,Transport reactions,both,0.0,1.1173125174472114e-05,-1.1173125174472114e-05,Af,True,False,Only in Af
MAR07786,Transport reaction #81,Transport reactions,both,0.0,1.1173125174472114e-05,-1.1173125174472114e-05,Af,True,False,Only in Af
MAR07862,Transport of dGTP (c->n),Transport reactions,both,5.451750212411709e-05,4.360230092531472e-05,1.0915201198802376e-05,Am,True,True,Higher in Am
MAR04614,dGTP oxidoreductase,Purine metabolism,both,5.451750212411709e-05,4.360230092531472e-05,1.0915201198802376e-05,Am,True,True,Higher in Am
MAR07861,Transport of dATP (c->n),Transport reactions,both,7.261105581957998e-05,6.224741029267984e-05,1.0363645526900145e-05,Am,True,True,Higher in Am
MAR09112,Transport of HCO3/PEP (e->c/c->e),Transport reactions,both,-7.210432615748503e-05,-6.207291763596827e-05,-1.0031408521516758e-05,Af,True,True,Higher in Am
MAR06627,dTDP reaction,Pyrimidine metabolism,both,7.210432615748503e-05,6.207291763596827e-05,1.0031408521516758e-05,Am,True,True,Higher in Am
MAR09133,Exchange of pyruvate,Exchange/demand reactions,both,7.210432615748503e-05,6.207291763596827e-05,1.0031408521516758e-05,Am,True,True,Higher in Am
MAR07857,Transport of dTTP (c->n),Transport reactions,both,7.210432615748503e-05,6.207291763596827e-05,1.0031408521516758e-05,Am,True,True,Higher in Am
MAR09858,Exchange of PEP,Exchange/demand reactions,both,-7.210432615748503e-05,-6.207291763596827e-05,-1.0031408521516758e-05,Af,True,True,Higher in Am
MAR09902,Transport of Na+/pyruvate (e->c),Transport reactions,both,-7.210432615748503e-05,-6.207291763596827e-05,-1.0031408521516758e-05,Af,True,True,Higher in Am
MAR01607,Transport of PG-CL pool (e->c),Transport reactions,both,8.026157213099606e-05,8.971103713153897e-05,-9.44946500054291e-06,Af,True,True,Higher in Af
MAR00658,Exchange of PG-CL pool,Exchange/demand reactions,both,-8.026157213099606e-05,-8.971103713153897e-05,9.44946500054291e-06,Am,True,True,Higher in Af
MAR07860,Transport of dCTP (c->n),Transport reactions,both,5.200588553807602e-05,4.273742427900912e-05,9.268461259066898e-06,Am,True,True,Higher in Am
MAR06484,11-carboxy-α-chromanol CoA ligase,Vitamin E metabolism,both,0.0,6.207291763595619e-06,-6.207291763595619e-06,Af,True,False,Only in Af
MAR06478,13-hydroxy-α-tocopherol hydroxylase,Vitamin E metabolism,both,0.0,6.207291763595619e-06,-6.207291763595619e-06,Af,True,False,Only in Af
MAR06474,Transport of alpha-tocopherol (c->e),Transport reactions,both,0.0,-6.207291763595619e-06,6.207291763595619e-06,Am,True,False,Only in Af
MAR06482,13-carboxy-α-tocopherol CoA ligase,Vitamin E metabolism,both,0.0,6.207291763595619e-06,-6.207291763595619e-06,Af,True,False,Only in Af
MAR06473,7-carboxy-γ-chromanol CoA ligase,Vitamin E metabolism,both,0.0,6.207291763595619e-06,-6.207291763595619e-06,Af,True,False,Only in Af
MAR06476,α-tocopherol hydroxylase,Vitamin E metabolism,both,0.0,6.207291763595619e-06,-6.207291763595619e-06,Af,True,False,Only in Af
MAR06471,11-carboxy-γ-chromanol CoA ligase,Vitamin E metabolism,both,0.0,6.207291763595619e-06,-6.207291763595619e-06,Af,True,False,Only in Af
MAR06481,Transport of 13-carboxy-alpha-tocopherol (c->m),Transport reactions,both,0.0,6.207291763595619e-06,-6.207291763595619e-06,Af,True,False,Only in Af
MAR06472,9-carboxy-γ-chromanol CoA ligase,Vitamin E metabolism,both,0.0,6.207291763595619e-06,-6.207291763595619e-06,Af,True,False,Only in Af
MAR06468,Transport of 13-carboxy-gamma-tocopherol (c->r),Transport reactions,both,0.0,-6.207291763595619e-06,6.207291763595619e-06,Am,True,False,Only in Af
MAR06469,Transport of 13-carboxy-gamma-tocopherol (c->m),Transport reactions,both,0.0,6.207291763595619e-06,-6.207291763595619e-06,Af,True,False,Only in Af
MAR06470,13-carboxy-γ-tocopherol CoA ligase,Vitamin E metabolism,both,0.0,6.207291763595619e-06,-6.207291763595619e-06,Af,True,False,Only in Af
MAR06486,9-carboxy-α-chromanol CoA ligase,Vitamin E metabolism,both,0.0,6.207291763595619e-06,-6.207291763595619e-06,Af,True,False,Only in Af
MAR06642,Retinol hydroxylase (r),Retinol metabolism,both,0.0,6.207291763595619e-06,-6.207291763595619e-06,Af,True,False,Only in Af
MAR06488,7-carboxy-α-chromanol CoA ligase,Vitamin E metabolism,both,0.0,6.207291763595619e-06,-6.207291763595619e-06,Af,True,False,Only in Af
MAR06690,APE hydrolase,Retinol metabolism,both,0.0,-6.207291763595619e-06,6.207291763595619e-06,Am,True,False,Only in Af
MAR06673,13-cis-retinal to Retinal (r),Retinol metabolism,both,0.0,6.207291763595619e-06,-6.207291763595619e-06,Af,True,False,Only in Af
MAR02143,calcitetrol hydroxylase (m),Vitamin D metabolism,both,0.0,6.207291763595619e-06,-6.207291763595619e-06,Af,True,False,Only in Af
MAR06677,13-cis-retinal hydroxylase (c),Retinol metabolism,both,0.0,6.207291763595619e-06,-6.207291763595619e-06,Af,True,False,Only in Af
MAR06678,13-cis-retinal hydroxylase (r),Retinol metabolism,both,0.0,6.207291763595619e-06,-6.207291763595619e-06,Af,True,False,Only in Af
MAR06682,13-cis-retinoate hydroxylase (r),Retinol metabolism,both,0.0,6.207291763595619e-06,-6.207291763595619e-06,Af,True,False,Only in Af
MAR06687,13-cis-retinoate hydroxylase (c),Retinol metabolism,both,0.0,6.207291763595619e-06,-6.207291763595619e-06,Af,True,False,Only in Af
MAR06691,A2PE-H2 hydrolase,Retinol metabolism,both,0.0,-6.207291763595619e-06,6.207291763595619e-06,Am,True,False,Only in Af
MAR06492,γ-CEHC-glucuronide hydrolase,Vitamin E metabolism,both,0.0,-6.207291763595619e-06,6.207291763595619e-06,Am,True,False,Only in Af
MAR06692,A2PE-H2 dehydrogenase,Retinol metabolism,both,0.0,6.207291763595619e-06,-6.207291763595619e-06,Af,True,False,Only in Af
MAR06693,A2PE hydrolase,Retinol metabolism,both,0.0,6.207291763595619e-06,-6.207291763595619e-06,Af,True,False,Only in Af
MAR06700,Retinoate hydroxylase (c) #3,Retinol metabolism,both,0.0,6.207291763595619e-06,-6.207291763595619e-06,Af,True,False,Only in Af
MAR06701,Retinoate hydroxylase (r) #2,Retinol metabolism,both,0.0,6.207291763595619e-06,-6.207291763595619e-06,Af,True,False,Only in Af
MAR06702,4-hydroxy-altrans-retinoate hydroxylase (c),Retinol metabolism,both,0.0,6.207291763595619e-06,-6.207291763595619e-06,Af,True,False,Only in Af
MAR06703,4-hydroxy-altrans-retinoate hydroxylase (r),Retinol metabolism,both,0.0,6.207291763595619e-06,-6.207291763595619e-06,Af,True,False,Only in Af
MAR06669,4-oxo-9-cis-retinoate glucuronidation (r),Retinol metabolism,both,0.0,6.207291763595619e-06,-6.207291763595619e-06,Af,True,False,Only in Af
MAR06668,4-oxo-9-cis-retinoate glucuronidation (c),Retinol metabolism,both,0.0,6.207291763595619e-06,-6.207291763595619e-06,Af,True,False,Only in Af
MAR06665,9-cis-retinoate hydroxylase (r),Retinol metabolism,both,0.0,6.207291763595619e-06,-6.207291763595619e-06,Af,True,False,Only in Af
MAR06664,9-cis-retinoate hydroxylase (c),Retinol metabolism,both,0.0,6.207291763595619e-06,-6.207291763595619e-06,Af,True,False,Only in Af
MAR06658,Retinoate hydroxylase (r),Retinol metabolism,both,0.0,6.207291763595619e-06,-6.207291763595619e-06,Af,True,False,Only in Af
MAR06657,Retinoate hydroxylase (c),Retinol metabolism,both,0.0,6.207291763595619e-06,-6.207291763595619e-06,Af,True,False,Only in Af
MAR06656,4-OH-9-cis-retinal hydroxylase (r),Retinol metabolism,both,0.0,6.207291763595619e-06,-6.207291763595619e-06,Af,True,False,Only in Af
MAR06655,4-OH-9-cis-retinal hydroxylase (c),Retinol metabolism,both,0.0,6.207291763595619e-06,-6.207291763595619e-06,Af,True,False,Only in Af
MAR06654,9-cis-retinal hydroxylase (r),Retinol metabolism,both,0.0,6.207291763595619e-06,-6.207291763595619e-06,Af,True,False,Only in Af
MAR06652,9-cis-retinal dehydrogenase,Retinol metabolism,both,0.0,-6.207291763595619e-06,6.207291763595619e-06,Am,True,False,Only in Af
MAR06649,Retinal hydroxylase (r),Retinol metabolism,both,0.0,6.207291763595619e-06,-6.207291763595619e-06,Af,True,False,Only in Af
MAR06644,9-cis-retinol:NAD+ oxidoreductase,Retinol metabolism,both,0.0,6.207291763595619e-06,-6.207291763595619e-06,Af,True,False,Only in Af
MAR06465,γ-tocopherol hydroxylase,Vitamin E metabolism,both,0.0,6.207291763595619e-06,-6.207291763595619e-06,Af,True,False,Only in Af
MAR06641,Retinol hydroxylase (c) #2,Retinol metabolism,both,0.0,6.207291763595619e-06,-6.207291763595619e-06,Af,True,False,Only in Af
MAR06634,Retinol hydroxylase (c),Retinol metabolism,both,0.0,6.207291763595619e-06,-6.207291763595619e-06,Af,True,False,Only in Af
MAR06629,Transport of retinol (c->r),Transport reactions,both,0.0,6.207291763595619e-06,-6.207291763595619e-06,Af,True,False,Only in Af
MAR00023,Artificial reaction of 11-cis-retinol (c/r),Artificial reactions,both,0.0,6.207291763595619e-06,-6.207291763595619e-06,Af,True,False,Only in Af
MAR06467,13-hydroxy-γ-tocopherol hydroxylase,Vitamin E metabolism,both,0.0,6.207291763595619e-06,-6.207291763595619e-06,Af,True,False,Only in Af
MAR09864,Exchange of UDP-GlcA,Exchange/demand reactions,both,0.0,-6.207291763595619e-06,6.207291763595619e-06,Am,True,False,Only in Af
MAR06463,Transport of gamma-tocopherol (c->r),Transport reactions,both,0.0,6.207291763595619e-06,-6.207291763595619e-06,Af,True,False,Only in Af
MAR02132,"23s,25-dihydroxyvitamin D3 hydroxylase (m)",Vitamin D metabolism,both,0.0,6.207291763595619e-06,-6.207291763595619e-06,Af,True,False,Only in Af
MAR06462,Transport of gamma-tocopherol (c->e),Transport reactions,both,0.0,-6.207291763595619e-06,6.207291763595619e-06,Am,True,False,Only in Af
MAR09153,Exchange of gamma-tocopherol,Exchange/demand reactions,both,0.0,-6.207291763595619e-06,6.207291763595619e-06,Am,True,False,Only in Af
MAR02139,"24,25-dihydroxycalciol hydroxylase (c)",Vitamin D metabolism,both,0.0,6.207291763595619e-06,-6.207291763595619e-06,Af,True,False,Only in Af
MAR02130,"23s,25-dihydroxyvitamin D3 dehydrogenase",Vitamin D metabolism,both,0.0,-6.207291763595619e-06,6.207291763595619e-06,Am,True,False,Only in Af
MAR09271,Exchange of bilirubin-bisglucuronoside,Exchange/demand reactions,both,0.0,-6.207291763595619e-06,6.207291763595619e-06,Am,True,False,Only in Af
MAR09272,Exchange of bilirubin-monoglucuronoside,Exchange/demand reactions,both,0.0,6.207291763595619e-06,-6.207291763595619e-06,Af,True,False,Only in Af
MAR00598,"1,2-diacyl-sn-glycerol 3-phosphate phosphohydrolase #3",Glycerophospholipid metabolism,both,0.0,6.207291763595619e-06,-6.207291763595619e-06,Af,True,False,Only in Af
MAR00675,ATP:acylglycerol 3-phosphotransferase #3,Glycerolipid metabolism,both,0.0,6.207291763595619e-06,-6.207291763595619e-06,Af,True,False,Only in Af
MAR02131,"23s,25-dihydroxyvitamin D3 hydroxylase (c)",Vitamin D metabolism,both,0.0,6.207291763595619e-06,-6.207291763595619e-06,Af,True,False,Only in Af
MAR01514,Transport of 1-acylglycerol-3P pool (e->c),Transport reactions,both,0.0,-6.207291763595619e-06,6.207291763595619e-06,Am,True,False,Only in Af
MAR00670,"1,2-diacyl-sn-glycerol acylhydrolase #5",Acylglycerides metabolism,both,0.0,6.207291763595619e-06,-6.207291763595619e-06,Af,True,False,Only in Af
MAR02993,9-cis-retinal hydroxylase (c),Vitamin A metabolism,both,0.0,6.207291763595619e-06,-6.207291763595619e-06,Af,True,False,Only in Af
MAR02138,calcidiol hydroxylase (m),Vitamin D metabolism,both,0.0,6.207291763595619e-06,-6.207291763595619e-06,Af,True,False,Only in Af
MAR02137,calcidiol hydroxylase (c) #2,Vitamin D metabolism,both,0.0,6.207291763595619e-06,-6.207291763595619e-06,Af,True,False,Only in Af
MAR09830,Transport of glucuronate (e->c),Transport reactions,both,0.0,6.207291763595619e-06,-6.207291763595619e-06,Af,True,False,Only in Af
MAR02133,"23S,25,26-triOHvitamin D3 conversion (c)",Vitamin D metabolism,both,0.0,6.207291763595619e-06,-6.207291763595619e-06,Af,True,False,Only in Af
MAR00631,Exchange of 1-acylglycerol-3P pool,Exchange/demand reactions,both,0.0,6.207291763595619e-06,-6.207291763595619e-06,Af,True,False,Only in Af
MAR09837,Transport of UDP-GlcA (e->c),Transport reactions,both,0.0,6.207291763595619e-06,-6.207291763595619e-06,Af,True,False,Only in Af
MAR02134,"23S,25,26-triOHvitamin D3 conversion (m)",Vitamin D metabolism,both,0.0,6.207291763595619e-06,-6.207291763595619e-06,Af,True,False,Only in Af
MAR04767,bilirubin glucuronidation #3,ROS detoxification,both,0.0,6.207291763595619e-06,-6.207291763595619e-06,Af,True,False,Only in Af
MAR02136,"25-OHvitamin D3-26,23-lactol conversion (m)",Vitamin D metabolism,both,0.0,6.207291763595619e-06,-6.207291763595619e-06,Af,True,False,Only in Af
MAR02135,"25-OHvitamin D3-26,23-lactol conversion (c)",Vitamin D metabolism,both,0.0,6.207291763595619e-06,-6.207291763595619e-06,Af,True,False,Only in Af
MAR02129,calcidiol hydroxylase (c),Vitamin D metabolism,both,0.0,6.207291763595619e-06,-6.207291763595619e-06,Af,True,False,Only in Af
MAR09151,Exchange of alpha-tocopherol,Exchange/demand reactions,both,0.0,-6.207291763595619e-06,6.207291763595619e-06,Am,True,False,Only in Af
MAR02960,11-cis-retinal hydroxylase,Vitamin A metabolism,both,0.0,6.207291763595619e-06,-6.207291763595619e-06,Af,True,False,Only in Af
MAR02142,calcitetrol hydroxylase (c),Vitamin D metabolism,both,0.0,6.207291763595619e-06,-6.207291763595619e-06,Af,True,False,Only in Af
MAR06454,Transport of N-glycan (m->c),Transport reactions,both,0.0,6.207291763595619e-06,-6.207291763595619e-06,Af,True,False,Only in Af
MAR06453,5-carboxy-γ-chromanol CoA ligase,Vitamin E metabolism,both,0.0,6.207291763595619e-06,-6.207291763595619e-06,Af,True,False,Only in Af
MAR06438,Transport of 3-carboxy-alpha-chromanol (c->m),Transport reactions,both,0.0,-6.207291763595619e-06,6.207291763595619e-06,Am,True,False,Only in Af
MAR06436,5-carboxy-α-chromanol CoA ligase,Vitamin E metabolism,both,0.0,6.207291763595619e-06,-6.207291763595619e-06,Af,True,False,Only in Af
MAR01820,bilirubin glucuronidation,Steroid metabolism,both,0.0,-6.207291763595619e-06,6.207291763595619e-06,Am,True,False,Only in Af
MAR06258,Transport of bilirubin-monoglucuronoside (c->e),Transport reactions,both,0.0,6.207291763595619e-06,-6.207291763595619e-06,Af,True,False,Only in Af
MAR06250,Transport of bilirubin-bisglucuronoside (c->e) #2,Transport reactions,both,0.0,-6.207291763595619e-06,6.207291763595619e-06,Am,True,False,Only in Af
MAR08006,"24,25-dihydroxycalciol hydroxylase (m) #2",Vitamin D metabolism,both,0.0,6.207291763595619e-06,-6.207291763595619e-06,Af,True,False,Only in Af
MAR00033,"Artificial reaction of 24-oxo-1alpha,23,25-trihydroxyvi",Artificial reactions,both,0.0,6.207291763595619e-06,-6.207291763595619e-06,Af,True,False,Only in Af
MAR00034,Artificial reaction of 3-carboxy-alpha-chromanol,Artificial reactions,both,0.0,6.207291763595619e-06,-6.207291763595619e-06,Af,True,False,Only in Af
MAR11896,Transport of 9-cis-retinoate (c->e),Transport reactions,both,0.0,-6.207291763595619e-06,6.207291763595619e-06,Am,True,False,Only in Af
MAR11897,Exchange of 9-cis-retinoate,Exchange/demand reactions,both,0.0,-6.207291763595619e-06,6.207291763595619e-06,Am,True,False,Only in Af
MAR02144,"24-oxo-1α,25-diOHvitamin D3 hydroxylase (c)",Vitamin D metabolism,both,0.0,6.207291763595619e-06,-6.207291763595619e-06,Af,True,False,Only in Af
MAR11424,Exchange of glucuronate,Exchange/demand reactions,both,0.0,-6.207291763595619e-06,6.207291763595619e-06,Am,True,False,Only in Af
MAR00090,Transport of bilirubin-monoglucuronoside (c->r),Transport reactions,both,0.0,-6.207291763595619e-06,6.207291763595619e-06,Am,True,False,Only in Af
MAR00089,Transport of bilirubin-bisglucuronoside (c->r),Transport reactions,both,0.0,6.207291763595619e-06,-6.207291763595619e-06,Af,True,False,Only in Af
MAR08716,Transport of 13-cis-retinoate (c->r),Transport reactions,both,0.0,6.207291763595619e-06,-6.207291763595619e-06,Af,True,False,Only in Af
MAR02145,"24-oxo-1α,25-diOHvitamin D3 hydroxylase (m)",Vitamin D metabolism,both,0.0,6.207291763595619e-06,-6.207291763595619e-06,Af,True,False,Only in Af
MAR08720,Transport of FA pool (c->e),Transport reactions,both,0.0,5.983829260105372e-06,-5.983829260105372e-06,Af,True,False,Only in Af
MAR09209,Exchange of FA pool,Exchange/demand reactions,both,0.0,5.983829260105372e-06,-5.983829260105372e-06,Af,True,False,Only in Af
MAR00736,ceramide:phosphatidylcholine cholinephosphotransferase (c),Sphingolipid metabolism,both,9.631168338475688e-05,9.526273153398309e-05,1.0489518507737994e-06,Am,True,True,Higher in Am
MAR10046,"Transport of 1,2-diacylglycerol-LD-PC pool (c->e)",Transport reactions,both,9.631168338475688e-05,9.526273153398309e-05,1.0489518507737994e-06,Am,True,True,Higher in Am
MAR10047,"Exchange of 1,2-diacylglycerol-LD-PC pool",Exchange/demand reactions,both,9.631168338475688e-05,9.526273153398309e-05,1.0489518507737994e-06,Am,True,True,Higher in Am
MAR09172,Exchange of 1-organyl-2-lyso-sn-glycero-3-ph,Exchange/demand reactions,both,0.0,-1.4897500232632845e-07,1.4897500232632845e-07,Am,False,False,Only in Af
MAR07614,Acyl-CoA:1-alkyl-sn-glycero-3-phosphocholine O-acyltransferase,Ether lipid metabolism,both,0.0,1.4897500232632845e-07,-1.4897500232632845e-07,Af,False,False,Only in Af
MAR07609,Transport of 1-organyl-2-lyso-sn-glycero-3-ph (c->e),Transport reactions,both,0.0,-1.4897500232632845e-07,1.4897500232632845e-07,Am,False,False,Only in Af
MAR07777,Transport reaction #75,Transport reactions,both,0.0,9.931666821755233e-08,-9.931666821755233e-08,Af,False,False,Only in Af
MAR07779,Transport reaction #77,Transport reactions,both,0.0,9.931666821755233e-08,-9.931666821755233e-08,Af,False,False,Only in Af
MAR00643,phosphatidylethanolamine 2-acylhydrolase,Glycerophospholipid metabolism,both,0.0,8.69020846903583e-08,-8.69020846903583e-08,Af,False,False,Only in Af
MAR07601,1-alkyl-2-acylGPE oxidoreductase,Glycerophospholipid metabolism,both,0.0,4.9658334108776184e-08,-4.9658334108776184e-08,Af,False,False,Only in Af
MAR07599,CDPethanolamine:1-alkyl-2-acylglycerol ethanolaminephosphotransferase,Glycerolipid metabolism,both,0.0,4.9658334108776184e-08,-4.9658334108776184e-08,Af,False,False,Only in Af
MAR07590,Transport of acylglycerone-phosphate (c->x),Transport reactions,both,0.0,4.9658334108776184e-08,-4.9658334108776184e-08,Af,False,False,Only in Af
MAR02626,palmitoyl-CoA:L-carnitine O-palmitoyltransferase #3,Carnitine shuttle (cytosolic),Af only,0.0,-4.9658334108776184e-08,4.9658334108776184e-08,Am,False,False,Only in Af
MAR07597,alkyglycerone-3-P reductase,Glycerophospholipid metabolism,both,0.0,4.9658334108776184e-08,-4.9658334108776184e-08,Af,False,False,Only in Af
MAR02278,Transport of L-carnitine/acylcarnitine(16:0) (c->x/x->c),Transport reactions,Af only,0.0,-4.9658334108776184e-08,4.9658334108776184e-08,Am,False,False,Only in Af
MAR09827,Transport of ethanolamine-phosphate (e->c),Transport reactions,both,0.0,4.9658334108776184e-08,-4.9658334108776184e-08,Af,False,False,Only in Af
MAR09849,Exchange of ethanolamine-phosphate,Exchange/demand reactions,both,0.0,-4.9658334108776184e-08,4.9658334108776184e-08,Am,False,False,Only in Af
MAR10039,Transport of FA pool (c->x),Transport reactions,both,0.0,-4.9658334108776184e-08,4.9658334108776184e-08,Am,False,False,Only in Af
MAR10040,Transport of acyl-CoA pool (c->x),Transport reactions,both,0.0,4.9658334108776184e-08,-4.9658334108776184e-08,Af,False,False,Only in Af
MAR10061,fatty acyl-CoA reduction,Ether lipid metabolism,both,0.0,4.9658334108776184e-08,-4.9658334108776184e-08,Af,False,False,Only in Af
MAR02121,Palmitoyl CoA:L-Carnitine O-Palmitoyltransferase,Fatty acid oxidation,Af only,0.0,-4.9658334108776184e-08,4.9658334108776184e-08,Am,False,False,Only in Af
MAR07598,1-Alkyl-2-acyl-sn-glycero-3-phosphate phosphohydrolase,Ether lipid metabolism,both,0.0,4.9658334108776184e-08,-4.9658334108776184e-08,Af,False,False,Only in Af
MAR01633,Transport of C16:0-CoA (c->x),Transport reactions,Af only,0.0,-4.9658334108776184e-08,4.9658334108776184e-08,Am,False,False,Only in Af
MAR07596,Transport of alkyl-glycerone-3-phosphate (c->x),Transport reactions,both,0.0,-4.9658334108776184e-08,4.9658334108776184e-08,Am,False,False,Only in Af
MAR01462,Transport reaction #8,Transport reactions,both,0.0,4.9658334108776184e-08,-4.9658334108776184e-08,Af,False,False,Only in Af
MAR00651,CTP:ethanolamine-phosphate cytidylyltransferase,Glycerophospholipid metabolism,both,0.0,4.9658334108776184e-08,-4.9658334108776184e-08,Af,False,False,Only in Af
MAR07594,acylglycerone-phosphate reaction,Glycerophospholipid metabolism,both,0.0,4.9658334108776184e-08,-4.9658334108776184e-08,Af,False,False,Only in Af
MAR07588,Acyl-CoA:glycerone-phosphate O-acyltransferase,Acylglycerides metabolism,both,0.0,4.9658334108776184e-08,-4.9658334108776184e-08,Af,False,False,Only in Af
MAR03239,3-cis-Dodecenoyl-CoA delta3-cis-delta2-trans-isomerase,Beta oxidation of unsaturated fatty acids (n-9) (mitochondrial),Af only,0.0,0.0,0.0,equal,False,False,No flux in either
MAR00193,Tridecanoyl-CoA hydrolase,Acyl-CoA hydrolysis,Af only,0.0,0.0,0.0,equal,False,False,No flux in either
MAR00745,C18:4-CoA elongation,Fatty acid biosynthesis,Af only,0.0,0.0,0.0,equal,False,False,No flux in either
MAR09957,Carnitine shuttle of acylcarnitine(18:1)/Na+ (c->e),Transport reactions,Af only,0.0,0.0,0.0,equal,False,False,No flux in either
MAR00194,Transport of tridecylic acid (c->e),Transport reactions,Af only,0.0,0.0,0.0,equal,False,False,No flux in either
MAR09948,"Acylcoa hydrolase, Cis, Cis-11, 14-Eicosadienoyl CoA",Fatty acid oxidation,Af only,0.0,0.0,0.0,equal,False,False,No flux in either
MAR00743,C18:3-CoA elongation,Fatty acid biosynthesis,Af only,0.0,0.0,0.0,equal,False,False,No flux in either
MAR00700,Exchange of TTA,Exchange/demand reactions,Af only,0.0,0.0,0.0,equal,False,False,No flux in either
MAR03220,3(S)-OH-13-cis-docosenoyCoA dehydrogenase (m),Beta oxidation of unsaturated fatty acids (n-9) (mitochondrial),Af only,0.0,0.0,0.0,equal,False,False,No flux in either
MAR09925,Exchange of acylcarnitine(16:0) #3,Exchange/demand reactions,Af only,0.0,0.0,0.0,equal,False,False,No flux in either
MAR09924,Exchange of acylcarnitine(18:0) #2,Exchange/demand reactions,Af only,0.0,0.0,0.0,equal,False,False,No flux in either
MAR09923,Exchange of acylcarnitine(18:1) #2,Exchange/demand reactions,Af only,0.0,0.0,0.0,equal,False,False,No flux in either
MAR09922,Exchange of acylcarnitine(18:2) #2,Exchange/demand reactions,Af only,0.0,0.0,0.0,equal,False,False,No flux in either
MAR00699,Exchange of TPA #2,Exchange/demand reactions,Af only,0.0,0.0,0.0,equal,False,False,No flux in either
MAR00698,Exchange of TPA,Exchange/demand reactions,Af only,0.0,0.0,0.0,equal,False,False,No flux in either
MAR09917,Carnitine shuttle of acylcarnitine(16:0)/Na+ (c->e),Transport reactions,Af only,0.0,0.0,0.0,equal,False,False,No flux in either
MAR09961,Carnitine shuttle of Na+/tetradecenoylcarnitine(5) (c->e),Transport reactions,Af only,0.0,0.0,0.0,equal,False,False,No flux in either
MAR09973,Transport of Na+/3-Methylhistidine (c->e),Transport reactions,Am only,0.0,0.0,0.0,equal,False,False,No flux in either
MAR09915,Carnitine shuttle of Na+/acylcarnitine(18:1) (c->e),Transport reactions,Af only,0.0,0.0,0.0,equal,False,False,No flux in either
MAR02149,Trans-Dodec-2-Enoyl CoA Reductase,Fatty acid oxidation,Af only,0.0,0.0,0.0,equal,False,False,No flux in either
MAR00186,Fatty Acyl CoA Desaturase (N-C20:4CoA -> N-C20:5CoA),Fatty acid biosynthesis,Af only,0.0,0.0,0.0,equal,False,False,No flux in either
MAR00747,C20:4-CoA elongation,Fatty acid biosynthesis,Af only,0.0,0.0,0.0,equal,False,False,No flux in either
MAR03221,3-oxo-13cis-docosenoyl-CoA thiolase (m),Beta oxidation of unsaturated fatty acids (n-9) (mitochondrial),Af only,0.0,0.0,0.0,equal,False,False,No flux in either
MAR03222,(11Z)-eicosenoyl-CoA dehydrogenase (m),Beta oxidation of unsaturated fatty acids (n-9) (mitochondrial),Af only,0.0,0.0,0.0,equal,False,False,No flux in either
MAR03223,"trans,cis-2,11-eicosadienoyl-CoA hydratase (m)",Beta oxidation of unsaturated fatty acids (n-9) (mitochondrial),Af only,0.0,0.0,0.0,equal,False,False,No flux in either
MAR10036,Pool reaction of acyl-CoA pool #2,Pool reactions,Af only,0.0,0.0,0.0,equal,False,False,No flux in either
MAR03224,3(S)-OH-11-cis-eicosenoyCoA dehydrogenase (m),Beta oxidation of unsaturated fatty acids (n-9) (mitochondrial),Af only,0.0,0.0,0.0,equal,False,False,No flux in either
MAR03225,3-oxo-11-cis-eicosenoyl-CoA thiolase (m),Beta oxidation of unsaturated fatty acids (n-9) (mitochondrial),Af only,0.0,0.0,0.0,equal,False,False,No flux in either
MAR00749,C20:5-CoA elongation,Fatty acid biosynthesis,Af only,0.0,0.0,0.0,equal,False,False,No flux in either
MAR03226,oleoyl-CoA dehydrogenase (m),Beta oxidation of unsaturated fatty acids (n-9) (mitochondrial),Af only,0.0,0.0,0.0,equal,False,False,No flux in either
MAR03227,"trans,cis-octadeca-2,9-dienoyCoA hydratase (m)",Beta oxidation of unsaturated fatty acids (n-9) (mitochondrial),Af only,0.0,0.0,0.0,equal,False,False,No flux in either
MAR03228,(S)-3-hydroxyoleyleoyl-CoA dehydrogenase (m),Beta oxidation of unsaturated fatty acids (n-9) (mitochondrial),Af only,0.0,0.0,0.0,equal,False,False,No flux in either
MAR10167,Transport of FA(20:2) (c->e) #4,Transport reactions,Af only,0.0,0.0,0.0,equal,False,False,No flux in either
MAR09916,Carnitine shuttle of Na+/acylcarnitine(18:0) (c->e),Transport reactions,Af only,0.0,0.0,0.0,equal,False,False,No flux in either
MAR09914,Carnitine shuttle of acylcarnitine(18:2)/Na+ (c->e),Transport reactions,Af only,0.0,0.0,0.0,equal,False,False,No flux in either
MAR04024,ATP:CMP phosphotransferase (c),Nucleotide metabolism,Af only,0.0,0.0,0.0,equal,False,False,No flux in either
MAR09702,Exchange of coproporphyrin III,Exchange/demand reactions,both,0.0,0.0,0.0,equal,False,False,No flux in either
MAR03125,myristoyl-CoA:acetylCoA C-myristoyltransferase (m),Beta oxidation of even-chain fatty acids (mitochondrial),Af only,0.0,0.0,0.0,equal,False,False,No flux in either
MAR00238,Heptadecanoyl-CoA hydrolase,Acyl-CoA hydrolysis,Af only,0.0,0.0,0.0,equal,False,False,No flux in either
MAR03123,(S)-3-Hydroxyhexadecanoyl-CoA:NAD+ oxidoreductase (m),Beta oxidation of even-chain fatty acids (mitochondrial),Af only,0.0,0.0,0.0,equal,False,False,No flux in either
MAR04875,Transport of orotate (c->e),Transport reactions,Am only,0.0,0.0,0.0,equal,False,False,No flux in either
MAR00621,Exchange of lignocerate,Exchange/demand reactions,Af only,0.0,0.0,0.0,equal,False,False,No flux in either
MAR03122,(S)-3-Hydroxyhexadecanoyl-CoA hydro-lyase (m),Beta oxidation of even-chain fatty acids (mitochondrial),Af only,0.0,0.0,0.0,equal,False,False,No flux in either
MAR09650,Transport of coproporphyrin III (c->e),Transport reactions,both,0.0,0.0,0.0,equal,False,False,No flux in either
MAR00215,Transport of pentadecylic acid (c->e),Transport reactions,Af only,0.0,0.0,0.0,equal,False,False,No flux in either
MAR03118,3-oxooctadecanoyl-CoA thiolase (m),Beta oxidation of even-chain fatty acids (mitochondrial),Af only,0.0,0.0,0.0,equal,False,False,No flux in either
MAR00620,Exchange of margaric acid,Exchange/demand reactions,Af only,0.0,0.0,0.0,equal,False,False,No flux in either
MAR03117,3-hydroxyoctadecanoyl-CoA dehydrogenase (m),Beta oxidation of even-chain fatty acids (mitochondrial),Af only,0.0,0.0,0.0,equal,False,False,No flux in either
MAR00618,Exchange of cerotic acid,Exchange/demand reactions,Af only,0.0,0.0,0.0,equal,False,False,No flux in either
MAR04923,Exchange of dodecanoylcarnitine,Exchange/demand reactions,Af only,0.0,0.0,0.0,equal,False,False,No flux in either
MAR09439,Exchange of uridine,Exchange/demand reactions,Af only,0.0,0.0,0.0,equal,False,False,No flux in either
MAR03129,(S)-3-Hydroxytetradecanoyl-CoA hydro-lyase (m),Beta oxidation of even-chain fatty acids (mitochondrial),Af only,0.0,0.0,0.0,equal,False,False,No flux in either
MAR03130,(S)-3-Hydroxytetradecanoyl-CoA:NAD+ oxidoreductase (m),Beta oxidation of even-chain fatty acids (mitochondrial),Af only,0.0,0.0,0.0,equal,False,False,No flux in either
MAR03219,"trans,cis-2,13-docosadienoyl-CoA hydratase (m)",Beta oxidation of unsaturated fatty acids (n-9) (mitochondrial),Af only,0.0,0.0,0.0,equal,False,False,No flux in either
MAR00662,Exchange of pentadecylic acid,Exchange/demand reactions,Af only,0.0,0.0,0.0,equal,False,False,No flux in either
MAR09904,Transport of chloride/Na+ (e->c) #15,Transport reactions,Am only,0.0,0.0,0.0,equal,False,False,No flux in either
MAR03218,(13Z)-docosenoyl-CoA dehydrogenase (m),Beta oxidation of unsaturated fatty acids (n-9) (mitochondrial),Af only,0.0,0.0,0.0,equal,False,False,No flux in either
MAR04485,thymidine:phosphate deoxy-alpha-D-ribosyltransferase,Pyrimidine metabolism,Af only,0.0,0.0,0.0,equal,False,False,No flux in either
MAR00697,Exchange of THA,Exchange/demand reactions,Af only,0.0,0.0,0.0,equal,False,False,No flux in either
MAR04584,creatine kinase,"Glycine, serine and threonine metabolism",both,0.0,0.0,0.0,equal,False,False,No flux in either
MAR04603,Deoxyguanosine:orthophosphate ribosyltransferase,Purine metabolism,Am only,0.0,0.0,0.0,equal,False,False,No flux in either
MAR03139,Decanoyl-CoA:acetyl-CoA C-acyltransferase (m),Beta oxidation of even-chain fatty acids (mitochondrial),Af only,0.0,0.0,0.0,equal,False,False,No flux in either
MAR03132,Lauroyl-CoA:acetyl-CoA C-acyltransferase (m),Beta oxidation of even-chain fatty acids (mitochondrial),Af only,0.0,0.0,0.0,equal,False,False,No flux in either
MAR00214,Pentadecanoyl-CoA hydrolase,Acyl-CoA hydrolysis,Af only,0.0,0.0,0.0,equal,False,False,No flux in either
MAR03137,(S)-3-hydroxydodecanoyl-CoA:NAD+ oxidoreductase (m),Beta oxidation of even-chain fatty acids (mitochondrial),Af only,0.0,0.0,0.0,equal,False,False,No flux in either
MAR03136,(S)-3-Hydroxydodecanoyl-CoA hydro-lyase (m),Beta oxidation of even-chain fatty acids (mitochondrial),Af only,0.0,0.0,0.0,equal,False,False,No flux in either
MAR03237,3-oxomyrist-5-enoyl-CoA thiolase (m),Beta oxidation of unsaturated fatty acids (n-9) (mitochondrial),Af only,0.0,0.0,0.0,equal,False,False,No flux in either
MAR00637,Exchange of nervonic acid,Exchange/demand reactions,Af only,0.0,0.0,0.0,equal,False,False,No flux in either
MAR04770,coproporphyrin III to coproporphyrinogen III,Porphyrin metabolism,both,0.0,0.0,0.0,equal,False,False,No flux in either
MAR00181,Fatty Acyl CoA Desaturase (N-C20:3CoA -> N-C20:4CoA),Fatty acid biosynthesis,Af only,0.0,0.0,0.0,equal,False,False,No flux in either
MAR03229,3-oxooleoyl-CoA thiolase (m),Beta oxidation of unsaturated fatty acids (n-9) (mitochondrial),Af only,0.0,0.0,0.0,equal,False,False,No flux in either
MAR01788,Transport of thiamin-P (c->m),Transport reactions,Af only,0.0,0.0,0.0,equal,False,False,No flux in either
MAR11949,Exchange of acylcarnitine(16:1) #2,Exchange/demand reactions,Af only,0.0,0.0,0.0,equal,False,False,No flux in either
MAR03246,(S)-3-OH-11-cis-octadecenoyCoA dehydrogenase (m),Beta oxidation of unsaturated fatty acids (n-7) (mitochondrial),Af only,0.0,0.0,0.0,equal,False,False,No flux in either
MAR03247,3-oxo-11-cis-octadecenoyl-CoA thiolase (m),Beta oxidation of unsaturated fatty acids (n-7) (mitochondrial),Af only,0.0,0.0,0.0,equal,False,False,No flux in either
MAR01871,Exchange of DHP triphosphate,Exchange/demand reactions,Am only,0.0,0.0,0.0,equal,False,False,No flux in either
MAR03250,palmitoleoyl-CoA dehydrogenase (m),Beta oxidation of unsaturated fatty acids (n-7) (mitochondrial),Af only,0.0,0.0,0.0,equal,False,False,No flux in either
MAR03252,"trans,cis-hexadeca-2,9-dienoyCoA hydratase (m)",Beta oxidation of unsaturated fatty acids (n-7) (mitochondrial),Af only,0.0,0.0,0.0,equal,False,False,No flux in either
MAR03254,(S)-3-hydroxypalmitoleoyl-CoA dehydrogenase (m),Beta oxidation of unsaturated fatty acids (n-7) (mitochondrial),Af only,0.0,0.0,0.0,equal,False,False,No flux in either
MAR11948,Transport of acylcarnitine(16:1) (c->e),Transport reactions,Af only,0.0,0.0,0.0,equal,False,False,No flux in either
MAR02028,Trans-Hexadec-2-Enoyl CoA Reductase,Fatty acid oxidation,Af only,0.0,0.0,0.0,equal,False,False,No flux in either
MAR03256,3-oxopalmitoleoyl-CoA thiolase (m),Beta oxidation of unsaturated fatty acids (n-7) (mitochondrial),Af only,0.0,0.0,0.0,equal,False,False,No flux in either
MAR03258,(7Z)-tetradecenoyl-CoA dehydrogenase (m),Beta oxidation of unsaturated fatty acids (n-7) (mitochondrial),Af only,0.0,0.0,0.0,equal,False,False,No flux in either
MAR00040,3- (4-Hydroxyphenyl-)Lactate Formation,Ubiquinone synthesis,Am only,0.0,0.0,0.0,equal,False,False,No flux in either
MAR03260,"trans,cis-myristo-2,7-dienoyCoA hydratase (m)",Beta oxidation of unsaturated fatty acids (n-7) (mitochondrial),Af only,0.0,0.0,0.0,equal,False,False,No flux in either
MAR03262,cis-OHtetradec-7-enoyCoA dehydrogenase (m),Beta oxidation of unsaturated fatty acids (n-7) (mitochondrial),Af only,0.0,0.0,0.0,equal,False,False,No flux in either
MAR03264,3-oxomyrist-7-enoyl-CoA thiolase (m),Beta oxidation of unsaturated fatty acids (n-7) (mitochondrial),Af only,0.0,0.0,0.0,equal,False,False,No flux in either
MAR03245,"trans,cis-octadeca-2,11-dienoyCo hydratase (m)",Beta oxidation of unsaturated fatty acids (n-7) (mitochondrial),Af only,0.0,0.0,0.0,equal,False,False,No flux in either
MAR03244,cis-vaccenoyl-CoA dehydrogenase (m),Beta oxidation of unsaturated fatty acids (n-7) (mitochondrial),Af only,0.0,0.0,0.0,equal,False,False,No flux in either
MAR13027,Transport of hydroxide/chloride (c->m/m->c),Transport reactions,Af only,0.0,0.0,0.0,equal,False,False,No flux in either
MAR13040,Exchange of heptadecenoic acid,Exchange/demand reactions,Af only,0.0,0.0,0.0,equal,False,False,No flux in either
MAR13046,Exchange of FA(18:1) #2,Exchange/demand reactions,Af only,0.0,0.0,0.0,equal,False,False,No flux in either
MAR13050,Exchange of FA(24:x),Exchange/demand reactions,Af only,0.0,0.0,0.0,equal,False,False,No flux in either
MAR13055,Exchange of 9-heptadecylenic acid,Exchange/demand reactions,Af only,0.0,0.0,0.0,equal,False,False,No flux in either
MAR13057,Exchange of heneicosanoic acid,Exchange/demand reactions,Af only,0.0,0.0,0.0,equal,False,False,No flux in either
MAR13059,Exchange of nonadecylic acid,Exchange/demand reactions,Af only,0.0,0.0,0.0,equal,False,False,No flux in either
MAR13061,Exchange of tricosanoic acid,Exchange/demand reactions,Af only,0.0,0.0,0.0,equal,False,False,No flux in either
MAR13062,Exchange of tridecylic acid,Exchange/demand reactions,Af only,0.0,0.0,0.0,equal,False,False,No flux in either
MAR13063,Exchange of ximenic acid,Exchange/demand reactions,Af only,0.0,0.0,0.0,equal,False,False,No flux in either
MAR13077,Transport of chloride (c->m),Transport reactions,Af only,0.0,0.0,0.0,equal,False,False,No flux in either
MAR03243,3-oxo-13-cis-eicosenoyl-CoA thiolase (m),Beta oxidation of unsaturated fatty acids (n-7) (mitochondrial),Af only,0.0,0.0,0.0,equal,False,False,No flux in either
MAR03242,3(S)-OH-13-cis-eicosenoyCoA dehydrogenase (m),Beta oxidation of unsaturated fatty acids (n-7) (mitochondrial),Af only,0.0,0.0,0.0,equal,False,False,No flux in either
MAR03241,"trans,cis-2,13-eicosadienoyl-CoA hydratase (m)",Beta oxidation of unsaturated fatty acids (n-7) (mitochondrial),Af only,0.0,0.0,0.0,equal,False,False,No flux in either
MAR03240,(13Z)-eicosenoyl-CoA dehydrogenase (m),Beta oxidation of unsaturated fatty acids (n-7) (mitochondrial),Af only,0.0,0.0,0.0,equal,False,False,No flux in either
MAR03272,3-cis-Dodecenoyl-CoA delta3-cis-delta2-trans-isomerase #2,Beta oxidation of unsaturated fatty acids (n-7) (mitochondrial),Af only,0.0,0.0,0.0,equal,False,False,No flux in either
MAR03411,9-eicosenoyl-CoA dehydrogenase,Beta oxidation of even-chain fatty acids (mitochondrial),Af only,0.0,0.0,0.0,equal,False,False,No flux in either
MAR03230,7-hexadecenoyl-CoA dehydrogenase (m),Beta oxidation of unsaturated fatty acids (n-9) (mitochondrial),Af only,0.0,0.0,0.0,equal,False,False,No flux in either
MAR00152,Fatty Acyl CoA Desaturase (N-C18:2CoA -> N-C18:3CoA) #2,Fatty acid biosynthesis,Af only,0.0,0.0,0.0,equal,False,False,No flux in either
MAR03845,"5,10-Methylenetetrahydrofolate:glycine hydroxymethyltransferase (c)","Glycine, serine and threonine metabolism",Am only,0.0,0.0,0.0,equal,False,False,No flux in either
MAR03231,"trans,cis-hexadeca-2,7-dienoyCoA hydratase (m)",Beta oxidation of unsaturated fatty acids (n-9) (mitochondrial),Af only,0.0,0.0,0.0,equal,False,False,No flux in either
MAR01461,Transport reaction #7,Transport reactions,Am only,0.0,0.0,0.0,equal,False,False,No flux in either
MAR03959,Transport of O2 (c->e),Transport reactions,both,0.0,0.0,0.0,equal,False,False,No flux in either
MAR00145,Fatty Acyl CoA Desaturase (N-C18:2CoA -> N-C18:3CoA),Fatty acid biosynthesis,Af only,0.0,0.0,0.0,equal,False,False,No flux in either
MAR03970,uridine 5'-monophosphate phosphohydrolase (c),Pyrimidine metabolism,Am only,0.0,0.0,0.0,equal,False,False,No flux in either
MAR10345,Exchange of tetradecenoylcarnitine(5),Exchange/demand reactions,Af only,0.0,0.0,0.0,equal,False,False,No flux in either
MAR03413,"(8Z,11Z)-eicosadienoyl-CoA dehydrogenase",Beta oxidation of even-chain fatty acids (mitochondrial),Af only,0.0,0.0,0.0,equal,False,False,No flux in either
MAR01046,Transport of Fe2+ (c->m),Transport reactions,Am only,0.0,0.0,0.0,equal,False,False,No flux in either
MAR03996,L-cysteine:NAD+ oxidoreductase,Cysteine and methionine metabolism,both,0.0,0.0,0.0,equal,False,False,No flux in either
MAR01031,FA-acyl CoA Synthase (N-C16:0CoA),Fatty acid biosynthesis,Af only,0.0,0.0,0.0,equal,False,False,No flux in either
MAR10241,Exchange of acylcarnitine(18:1) #4,Exchange/demand reactions,Af only,0.0,0.0,0.0,equal,False,False,No flux in either
MAR10228,Exchange of FA(20:2),Exchange/demand reactions,Af only,0.0,0.0,0.0,equal,False,False,No flux in either
MAR00239,Transport of margaric acid (c->e),Transport reactions,Af only,0.0,0.0,0.0,equal,False,False,No flux in either
MAR03804,L-glutamate:NADP+ oxidoreductase (deaminating),"Alanine, aspartate and glutamate metabolism",Am only,0.0,0.0,0.0,equal,False,False,No flux in either
MAR03232,(S)-3-hydroxy-7-hexadecenoyl-CoA dehydrogenase (m),Beta oxidation of unsaturated fatty acids (n-9) (mitochondrial),Af only,0.0,0.0,0.0,equal,False,False,No flux in either
MAR03233,3-oxo-7-hexadecenoyl-CoA thiolase (m),Beta oxidation of unsaturated fatty acids (n-9) (mitochondrial),Af only,0.0,0.0,0.0,equal,False,False,No flux in either
MAR03234,5-tetradecenoyl-CoA dehydrogenase (m),Beta oxidation of unsaturated fatty acids (n-9) (mitochondrial),Af only,0.0,0.0,0.0,equal,False,False,No flux in either
MAR03433,"10,13,16,19-docosatetraenoyl-CoA dehydrogenase",Beta oxidation of even-chain fatty acids (mitochondrial),Af only,0.0,0.0,0.0,equal,False,False,No flux in either
MAR03432,"13,16,19-docosatrienoyl-CoA dehydrogenase",Beta oxidation of even-chain fatty acids (mitochondrial),Af only,0.0,0.0,0.0,equal,False,False,No flux in either
MAR11266,Carnitine shuttle of dodecanoylcarnitine (e->c),Transport reactions,Af only,0.0,0.0,0.0,equal,False,False,No flux in either
MAR03431,"(11Z,14Z,17Z)-eicosatrienoyl-CoA dehydrogenase",Beta oxidation of even-chain fatty acids (mitochondrial),Af only,0.0,0.0,0.0,equal,False,False,No flux in either
MAR03430,docosahexaenoyCoA dehydrogenase,Beta oxidation of even-chain fatty acids (mitochondrial),Af only,0.0,0.0,0.0,equal,False,False,No flux in either
MAR11357,Transport of 4-hydroxyphenyllactate (c->m),Transport reactions,Am only,0.0,0.0,0.0,equal,False,False,No flux in either
MAR00112,Transport of acylcarnitine(22:6) (c->m),Fatty acid oxidation,Af only,0.0,0.0,0.0,equal,False,False,No flux in either
MAR03425,"10,13,16-docosatrienoyl-CoA dehydrogenase",Beta oxidation of even-chain fatty acids (mitochondrial),Af only,0.0,0.0,0.0,equal,False,False,No flux in either
MAR00108,Transport of L-carnitine,Fatty acid oxidation,Af only,0.0,0.0,0.0,equal,False,False,No flux in either
MAR03424,"(13Z,16Z)-docosadienoyl-CoA dehydrogenase",Beta oxidation of even-chain fatty acids (mitochondrial),Af only,0.0,0.0,0.0,equal,False,False,No flux in either
MAR03422,docosapentaenoyCoA dehydrogenase (m),Beta oxidation of even-chain fatty acids (mitochondrial),Af only,0.0,0.0,0.0,equal,False,False,No flux in either
MAR03416,(11Z)-docosenoyl-CoA dehydrogenase,Beta oxidation of even-chain fatty acids (mitochondrial),Af only,0.0,0.0,0.0,equal,False,False,No flux in either
MAR03414,"(5Z,8Z,11Z)-eicosatrienoyl-CoA dehydrogenase",Beta oxidation of even-chain fatty acids (mitochondrial),Af only,0.0,0.0,0.0,equal,False,False,No flux in either
MAR00158,Transport of butyryl-CoA/L-carnitine (m->c/c->m),Transport reactions,Am only,0.0,0.0,0.0,equal,False,False,No flux in either
MAR09422,Exchange of thymine,Exchange/demand reactions,Af only,0.0,0.0,0.0,equal,False,False,No flux in either
MAR03116,(2E)-octadecenoyl-CoA hydratase (m),Beta oxidation of even-chain fatty acids (mitochondrial),Af only,0.0,0.0,0.0,equal,False,False,No flux in either
MAR02690,Carnitine shuttle of C20:2-CoA,Carnitine shuttle (cytosolic),Af only,0.0,0.0,0.0,equal,False,False,No flux in either
MAR02737,"Carnitine shuttle of 13,16,19-docosatrienoylcarni (c->m)",Carnitine shuttle (mitochondrial),Af only,0.0,0.0,0.0,equal,False,False,No flux in either
MAR02736,"Carnitine shuttle of 13,16,19-docosatrienoyl-CoA (c)",Carnitine shuttle (cytosolic),Af only,0.0,0.0,0.0,equal,False,False,No flux in either
MAR02735,Carnitine shuttle of C20:3-CoA #4,Carnitine shuttle (mitochondrial),Af only,0.0,0.0,0.0,equal,False,False,No flux in either
MAR02734,Carnitine shuttle of eicosatrienoyl (c->m) #2,Carnitine shuttle (mitochondrial),Af only,0.0,0.0,0.0,equal,False,False,No flux in either
MAR02733,Carnitine shuttle of C20:3-CoA #3,Carnitine shuttle (cytosolic),Af only,0.0,0.0,0.0,equal,False,False,No flux in either
MAR00423,Transport of TPA (c->e) #2,Transport reactions,Af only,0.0,0.0,0.0,equal,False,False,No flux in either
MAR02691,Carnitine shuttle of eicosadienoyl (c->m),Carnitine shuttle (mitochondrial),Af only,0.0,0.0,0.0,equal,False,False,No flux in either
MAR08620,glutathione:dehydroascorbate oxidoreductase,Ascorbate and aldarate metabolism,both,0.0,0.0,0.0,equal,False,False,No flux in either
MAR05529,Transport of tryptophan/valine (c->e/e->c),Transport reactions,Af only,0.0,0.0,0.0,equal,False,False,No flux in either
MAR02732,Carnitine shuttle of C22:6-CoA (m),Carnitine shuttle (mitochondrial),Af only,0.0,0.0,0.0,equal,False,False,No flux in either
MAR00335,Transport of lignocerate (c->e),Transport reactions,Af only,0.0,0.0,0.0,equal,False,False,No flux in either
MAR00422,"(6Z,9Z,12Z,15Z,18Z)-tetracosapentaenoyl-CoA hydrolase",Acyl-CoA hydrolysis,Af only,0.0,0.0,0.0,equal,False,False,No flux in either
MAR08430,Transport of creatine-phosphate (m->c),Transport reactions,both,0.0,0.0,0.0,equal,False,False,No flux in either
MAR08428,Transport of creatine (c->m),Transport reactions,both,0.0,0.0,0.0,equal,False,False,No flux in either
MAR08619,dehydroascorbic acid synthesis (c) #2,Ascorbate and aldarate metabolism,both,0.0,0.0,0.0,equal,False,False,No flux in either
MAR02738,"Carnitine shuttle of 13,16,19-docosatrienoyl-CoA (m)",Carnitine shuttle (mitochondrial),Af only,0.0,0.0,0.0,equal,False,False,No flux in either
MAR00338,(15Z)-tetracosenoyl-CoA hydrolase,Acyl-CoA hydrolysis,Af only,0.0,0.0,0.0,equal,False,False,No flux in either
MAR02764,Carnitine shuttle of docosapentaenoyl (c->m) #2,Carnitine shuttle (mitochondrial),Af only,0.0,0.0,0.0,equal,False,False,No flux in either
MAR02686,Carnitine shuttle of C20:1-CoA #4,Carnitine shuttle (mitochondrial),Af only,0.0,0.0,0.0,equal,False,False,No flux in either
MAR02771,Carnitine shuttle of docosadienoyl-CoA (c),Carnitine shuttle (cytosolic),Af only,0.0,0.0,0.0,equal,False,False,No flux in either
MAR02687,Carnitine shuttle of C20:1-CoA #5,Carnitine shuttle (cytosolic),Af only,0.0,0.0,0.0,equal,False,False,No flux in either
MAR02688,Carnitine shuttle of eicosenoylcarnitine(11) (m->c),Carnitine shuttle (mitochondrial),Af only,0.0,0.0,0.0,equal,False,False,No flux in either
MAR08745,Transport of hydroxide/thiamin-P (c->m/m->c),Transport reactions,Af only,0.0,0.0,0.0,equal,False,False,No flux in either
MAR02766,Carnitine shuttle of C22:5-CoA #4,Carnitine shuttle (mitochondrial),Af only,0.0,0.0,0.0,equal,False,False,No flux in either
MAR02762,Carnitine shuttle of C22:5-CoA #3,Carnitine shuttle (cytosolic),Af only,0.0,0.0,0.0,equal,False,False,No flux in either
MAR08667,mesaconyl-CoA phosphorylase,C5-branched dibasic acid metabolism,Af only,0.0,0.0,0.0,equal,False,False,No flux in either
MAR02741,Carnitine shuttle of C22:4-CoA #2,Carnitine shuttle (mitochondrial),Af only,0.0,0.0,0.0,equal,False,False,No flux in either
MAR02740,"Carnitine shuttle of 10,13,16,19-docosatetraenoyl (c->m)",Carnitine shuttle (mitochondrial),Af only,0.0,0.0,0.0,equal,False,False,No flux in either
MAR02739,Carnitine shuttle of C22:4-CoA,Carnitine shuttle (cytosolic),Af only,0.0,0.0,0.0,equal,False,False,No flux in either
MAR08682,cystine GSH transferase,Cysteine and methionine metabolism,both,0.0,0.0,0.0,equal,False,False,No flux in either
MAR02689,Carnitine shuttle of C20:1-CoA #6,Carnitine shuttle (mitochondrial),Af only,0.0,0.0,0.0,equal,False,False,No flux in either
MAR08668,mesaconate to mesaconyl-CoA,C5-branched dibasic acid metabolism,Af only,0.0,0.0,0.0,equal,False,False,No flux in either
MAR08427,creatine-P to creatine,Arginine and proline metabolism,both,0.0,0.0,0.0,equal,False,False,No flux in either
MAR00339,Transport of nervonic acid (c->e),Transport reactions,Af only,0.0,0.0,0.0,equal,False,False,No flux in either
MAR00332,Tetracosenoyl-CoA hydrolase,Acyl-CoA hydrolysis,Af only,0.0,0.0,0.0,equal,False,False,No flux in either
MAR00347,Transport of ximenic acid (c->e),Transport reactions,Af only,0.0,0.0,0.0,equal,False,False,No flux in either
MAR06781,Transport of 4-hydroxyphenylpyruvate (c->m),Transport reactions,Am only,0.0,0.0,0.0,equal,False,False,No flux in either
MAR00374,"(6Z,9Z,12Z,15Z,18Z,21Z)-tetracosahexaenoyl-CoA hydrolase",Acyl-CoA hydrolysis,Af only,0.0,0.0,0.0,equal,False,False,No flux in either
MAR06893,Transport of folate (e->c) #2,Transport reactions,Af only,0.0,0.0,0.0,equal,False,False,No flux in either
MAR02704,docosanoylcarnitine transferase (m),Carnitine shuttle (mitochondrial),Af only,0.0,0.0,0.0,equal,False,False,No flux in either
MAR00371,Transport of TPA (c->e),Transport reactions,Af only,0.0,0.0,0.0,equal,False,False,No flux in either
MAR00370,"(9Z,12Z,15Z,18Z,21Z)-tetracosapentaenoyl-CoA hydrolase",Acyl-CoA hydrolysis,Af only,0.0,0.0,0.0,equal,False,False,No flux in either
MAR00343,Transport of cerotic acid (c->e),Transport reactions,Af only,0.0,0.0,0.0,equal,False,False,No flux in either
MAR07781,Transport reaction #79,Transport reactions,both,0.0,0.0,0.0,equal,False,False,No flux in either
MAR02695,Carnitine shuttle of eicosatrienoyl (c->m),Carnitine shuttle (mitochondrial),Af only,0.0,0.0,0.0,equal,False,False,No flux in either
MAR02697,Carnitine shuttle of C20:3-CoA #2,Carnitine shuttle (mitochondrial),Af only,0.0,0.0,0.0,equal,False,False,No flux in either
MAR02702,docosanoylcarnitine transferase (c),Carnitine shuttle (cytosolic),Af only,0.0,0.0,0.0,equal,False,False,No flux in either
MAR00346,Hexacosenoyl-CoA hydrolase,Acyl-CoA hydrolysis,Af only,0.0,0.0,0.0,equal,False,False,No flux in either
MAR02703,Carnitine shuttle of docosanoyl (m->c),Carnitine shuttle (mitochondrial),Af only,0.0,0.0,0.0,equal,False,False,No flux in either
MAR03236,cis-OHtetradec-5-enoyCoA dehydrogenase (m),Beta oxidation of unsaturated fatty acids (n-9) (mitochondrial),Af only,0.0,0.0,0.0,equal,False,False,No flux in either
MAR00375,Transport of THA (c->e),Transport reactions,Af only,0.0,0.0,0.0,equal,False,False,No flux in either
MAR00394,"12,15,18,21-tetracosatetraenoyl-CoA hydrolase",Acyl-CoA hydrolysis,Af only,0.0,0.0,0.0,equal,False,False,No flux in either
MAR02710,Carnitine shuttle of docosenoyl-CoA #4,Carnitine shuttle (mitochondrial),Af only,0.0,0.0,0.0,equal,False,False,No flux in either
MAR02707,Carnitine shuttle of docosenoyl-CoA #2,Carnitine shuttle (mitochondrial),Af only,0.0,0.0,0.0,equal,False,False,No flux in either
MAR02709,Carnitine shuttle of docosenoylcarnitine(11) (m->c),Carnitine shuttle (mitochondrial),Af only,0.0,0.0,0.0,equal,False,False,No flux in either
MAR02708,Carnitine shuttle of docosenoyl-CoA #3,Carnitine shuttle (cytosolic),Af only,0.0,0.0,0.0,equal,False,False,No flux in either
MAR00419,Transport of TTA (c->e),Transport reactions,Af only,0.0,0.0,0.0,equal,False,False,No flux in either
MAR06061,Transport of GSH/HCO3 (c->e/e->c) #5,Transport reactions,Am only,0.0,0.0,0.0,equal,False,False,No flux in either
MAR06067,Transport of GSH/HCO3 (c->e/e->c) #9,Transport reactions,Am only,0.0,0.0,0.0,equal,False,False,No flux in either
MAR00342,Hexacosanoyl-CoA hydrolase,Acyl-CoA hydrolysis,Af only,0.0,0.0,0.0,equal,False,False,No flux in either
MAR02706,Carnitine shuttle of docosenoyl (m->c),Carnitine shuttle (mitochondrial),Af only,0.0,0.0,0.0,equal,False,False,No flux in either
MAR02705,Carnitine shuttle of docosenoyl-CoA,Carnitine shuttle (cytosolic),Af only,0.0,0.0,0.0,equal,False,False,No flux in either
MAR00418,"(9Z,12Z,15Z,18Z)-tetracosatetraenoyl-CoA hydrolase",Acyl-CoA hydrolysis,Af only,0.0,0.0,0.0,equal,False,False,No flux in either
MAR06366,Transport of deoxyguanosine (c->e),Transport reactions,Am only,0.0,0.0,0.0,equal,False,False,No flux in either
MAR02692,Carnitine shuttle of C20:2-CoA #2,Carnitine shuttle (mitochondrial),Af only,0.0,0.0,0.0,equal,False,False,No flux in either
MAR02693,Carnitine shuttle of C20:3-CoA,Carnitine shuttle (cytosolic),Af only,0.0,0.0,0.0,equal,False,False,No flux in either
MAR07801,ADP reaction,Nucleotide metabolism,Am only,0.0,0.0,0.0,equal,False,False,No flux in either
MAR00395,Transport of FA(24:x) (c->e),Transport reactions,Af only,0.0,0.0,0.0,equal,False,False,No flux in either
MAR02685,Carnitine shuttle of eicosenoylcarnitine(9) (m->c),Carnitine shuttle (mitochondrial),Af only,0.0,0.0,0.0,equal,False,False,No flux in either
MAR02684,Carnitine shuttle of C20:1-CoA #3,Carnitine shuttle (cytosolic),Af only,0.0,0.0,0.0,equal,False,False,No flux in either
MAR00242,(10Z)-heptadecenoyl-CoA hydrolase,Acyl-CoA hydrolysis,Af only,0.0,0.0,0.0,equal,False,False,No flux in either
MAR03109,3-hydroxydocosanoyl-CoA dehydrogenase (m),Beta oxidation of even-chain fatty acids (mitochondrial),Af only,0.0,0.0,0.0,equal,False,False,No flux in either
MAR09255,Exchange of ADP,Exchange/demand reactions,both,0.0,0.0,0.0,equal,False,False,No flux in either
MAR02379,Transport of C18:1-CoA (c->m) #2,Transport reactions,Af only,0.0,0.0,0.0,equal,False,False,No flux in either
MAR00280,Nonadecanoyl-CoA hydrolase,Acyl-CoA hydrolysis,Af only,0.0,0.0,0.0,equal,False,False,No flux in either
MAR05043,Transport reaction #41,Transport reactions,Af only,0.0,0.0,0.0,equal,False,False,No flux in either
MAR03111,eicosanoyl-CoA dehydrogenase (m),Beta oxidation of even-chain fatty acids (mitochondrial),Af only,0.0,0.0,0.0,equal,False,False,No flux in either
MAR03110,3-oxodocosanoyl-CoA thiolase (m),Beta oxidation of even-chain fatty acids (mitochondrial),Af only,0.0,0.0,0.0,equal,False,False,No flux in either
MAR03108,(2E)-docosenoyl-CoA hydratase (m),Beta oxidation of even-chain fatty acids (mitochondrial),Af only,0.0,0.0,0.0,equal,False,False,No flux in either
MAR05035,Transport of uridine (c->e),Transport reactions,Af only,0.0,0.0,0.0,equal,False,False,No flux in either
MAR09146,Exchange of folate,Exchange/demand reactions,Af only,0.0,0.0,0.0,equal,False,False,No flux in either
MAR03107,docosanoyl-CoA dehydrogenase (m),Beta oxidation of even-chain fatty acids (mitochondrial),Af only,0.0,0.0,0.0,equal,False,False,No flux in either
MAR03106,Transport of acetyl-CoA (c->x),Transport reactions,Am only,0.0,0.0,0.0,equal,False,False,No flux in either
MAR03030,Acetyl-CoA:carnitine O-acetyltransferase (x),Carnitine shuttle (peroxisomal),Am only,0.0,0.0,0.0,equal,False,False,No flux in either
MAR03029,Carnitine shuttle of Ac (x->c),Carnitine shuttle (peroxisomal),Am only,0.0,0.0,0.0,equal,False,False,No flux in either
MAR09108,Exchange of pterin,Exchange/demand reactions,Am only,0.0,0.0,0.0,equal,False,False,No flux in either
MAR02340,Transport of L-carnitine/propanoyl-CoA (m->c/c->m),Fatty acid oxidation,both,0.0,0.0,0.0,equal,False,False,No flux in either
MAR03112,(2E)-eicosenoyl-CoA hydratase (m),Beta oxidation of even-chain fatty acids (mitochondrial),Af only,0.0,0.0,0.0,equal,False,False,No flux in either
MAR02495,docosapentaenoyCoA hydroxylase,Omega-3 fatty acid metabolism,Af only,0.0,0.0,0.0,equal,False,False,No flux in either
MAR00247,Transport of 9-heptadecylenic acid (c->e),Transport reactions,Af only,0.0,0.0,0.0,equal,False,False,No flux in either
MAR03115,stearoyl-CoA dehydrogenase (m),Beta oxidation of even-chain fatty acids (mitochondrial),Af only,0.0,0.0,0.0,equal,False,False,No flux in either
MAR00243,Transport of heptadecenoic acid (c->e),Transport reactions,Af only,0.0,0.0,0.0,equal,False,False,No flux in either
MAR09383,Exchange of O2 #2,Exchange/demand reactions,both,0.0,0.0,0.0,equal,False,False,No flux in either
MAR03114,3-oxoeicosanoyl-CoA thiolase (m),Beta oxidation of even-chain fatty acids (mitochondrial),Af only,0.0,0.0,0.0,equal,False,False,No flux in either
MAR00246,9-heptadecenoyl-CoA hydrolase,Acyl-CoA hydrolysis,Af only,0.0,0.0,0.0,equal,False,False,No flux in either
MAR02183,Trans-Tetradec-2-Enoyl CoA Reductase,Fatty acid oxidation,Af only,0.0,0.0,0.0,equal,False,False,No flux in either
MAR00272,(7Z)-octadecenoyl-CoA hydrolase,Acyl-CoA hydrolysis,Af only,0.0,0.0,0.0,equal,False,False,No flux in either
MAR03113,3-hydroxyeicosanoyl-CoA dehydrogenase (m),Beta oxidation of even-chain fatty acids (mitochondrial),Af only,0.0,0.0,0.0,equal,False,False,No flux in either
MAR09353,Exchange of guanine,Exchange/demand reactions,Am only,0.0,0.0,0.0,equal,False,False,No flux in either
MAR02186,DHP triphosphate hydrolase (e),Miscellaneous,Am only,0.0,0.0,0.0,equal,False,False,No flux in either
MAR09300,Exchange of deoxyguanosine,Exchange/demand reactions,Am only,0.0,0.0,0.0,equal,False,False,No flux in either
MAR04980,Transport of thymine (c->e),Transport reactions,Af only,0.0,0.0,0.0,equal,False,False,No flux in either
MAR00273,Transport of FA(18:1) (c->e) #2,Transport reactions,Af only,0.0,0.0,0.0,equal,False,False,No flux in either
MAR04985,Transport of guanine (c->e),Transport reactions,Am only,0.0,0.0,0.0,equal,False,False,No flux in either
MAR00281,Transport of nonadecylic acid (c->e),Transport reactions,Af only,0.0,0.0,0.0,equal,False,False,No flux in either
MAR02776,"Carnitine shuttle of 10,13,16-docosatrienoyl-CoA (m)",Carnitine shuttle (mitochondrial),Af only,0.0,0.0,0.0,equal,False,False,No flux in either
MAR02683,Carnitine shuttle of C20:1-CoA #2,Carnitine shuttle (mitochondrial),Af only,0.0,0.0,0.0,equal,False,False,No flux in either
MAR02672,Carnitine shuttle of C18:2-CoA (c),Carnitine shuttle (cytosolic),Af only,0.0,0.0,0.0,equal,False,False,No flux in either
MAR00329,Transport of tricosanoic acid (c->e),Transport reactions,Af only,0.0,0.0,0.0,equal,False,False,No flux in either
MAR02661,Carnitine shuttle of octadecenoylcarnitine(7) (m->c),Carnitine shuttle (mitochondrial),Af only,0.0,0.0,0.0,equal,False,False,No flux in either
MAR02662,octadecenoylcarnitine(7) transferase (m),Carnitine shuttle (mitochondrial),Af only,0.0,0.0,0.0,equal,False,False,No flux in either
MAR02772,Carnitine shuttle of docosadienoyl (c->m),Carnitine shuttle (mitochondrial),Af only,0.0,0.0,0.0,equal,False,False,No flux in either
MAR09031,Transport of glutamate/orotate (c->e/e->c),Transport reactions,Am only,0.0,0.0,0.0,equal,False,False,No flux in either
MAR02666,Carnitine shuttle of C18:1-CoA #3,Carnitine shuttle (cytosolic),Af only,0.0,0.0,0.0,equal,False,False,No flux in either
MAR02678,eicosanoylcarnitine transferase (c),Carnitine shuttle (cytosolic),Af only,0.0,0.0,0.0,equal,False,False,No flux in either
MAR02657,Carnitine shuttle of C18:1-CoA,Carnitine shuttle (cytosolic),Af only,0.0,0.0,0.0,equal,False,False,No flux in either
MAR09010,Exchange of 4-hydroxyphenylpyruvate,Exchange/demand reactions,Am only,0.0,0.0,0.0,equal,False,False,No flux in either
MAR02679,Carnitine shuttle of eicosanoyl (m->c),Carnitine shuttle (mitochondrial),Af only,0.0,0.0,0.0,equal,False,False,No flux in either
MAR02680,eicosanoylcarnitine transferase (m),Carnitine shuttle (mitochondrial),Af only,0.0,0.0,0.0,equal,False,False,No flux in either
MAR02681,Carnitine shuttle of C20:1-CoA,Carnitine shuttle (cytosolic),Af only,0.0,0.0,0.0,equal,False,False,No flux in either
MAR08999,Transport of 4-hydroxyphenylpyruvate (e->c),Transport reactions,Am only,0.0,0.0,0.0,equal,False,False,No flux in either
MAR02682,Carnitine shuttle of eicosenoylcarnitine(7) (m->c),Carnitine shuttle (mitochondrial),Af only,0.0,0.0,0.0,equal,False,False,No flux in either
MAR02660,octadecenoylcarnitine(7) transferase (c),Carnitine shuttle (cytosolic),Af only,0.0,0.0,0.0,equal,False,False,No flux in either
MAR02654,stearoylcarnitine transferase (c),Carnitine shuttle (cytosolic),Af only,0.0,0.0,0.0,equal,False,False,No flux in either
MAR00310,Heneicosanoyl-CoA hydrolase,Acyl-CoA hydrolysis,Af only,0.0,0.0,0.0,equal,False,False,No flux in either
MAR02616,Carnitine shuttle of tetradecenoylcarnitine(7) (m->c),Carnitine shuttle (mitochondrial),Af only,0.0,0.0,0.0,equal,False,False,No flux in either
MAR00311,Transport of heneicosanoic acid (c->e),Transport reactions,Af only,0.0,0.0,0.0,equal,False,False,No flux in either
MAR09071,Exchange of glutamate,Exchange/demand reactions,Am only,0.0,0.0,0.0,equal,False,False,No flux in either
MAR02775,"Carnitine shuttle of 10,13,16-docosatrienoylcarni (c->m)",Carnitine shuttle (mitochondrial),Af only,0.0,0.0,0.0,equal,False,False,No flux in either
MAR02602,dodecanoylcarnitine transferase (c),Carnitine shuttle (cytosolic),Af only,0.0,0.0,0.0,equal,False,False,No flux in either
MAR02611,Carnitine shuttle of tetradecenoyl-CoA,Carnitine shuttle (cytosolic),Af only,0.0,0.0,0.0,equal,False,False,No flux in either
MAR02614,Carnitine shuttle of tetradecenoyl-CoA #3,Carnitine shuttle (cytosolic),Af only,0.0,0.0,0.0,equal,False,False,No flux in either
MAR02618,Carnitine shuttle of tetradecenoyl-CoA #4,Carnitine shuttle (mitochondrial),Af only,0.0,0.0,0.0,equal,False,False,No flux in either
MAR02633,Carnitine shuttle of C16:1-CoA (c),Carnitine shuttle (cytosolic),Af only,0.0,0.0,0.0,equal,False,False,No flux in either
MAR02620,Carnitine shuttle of 5-tetradecenoyl-CoA (c),Carnitine shuttle (cytosolic),Af only,0.0,0.0,0.0,equal,False,False,No flux in either
MAR02621,Carnitine shuttle of tetradecenoylcarnitine(9) (m->c),Carnitine shuttle (mitochondrial),Af only,0.0,0.0,0.0,equal,False,False,No flux in either
MAR02622,Carnitine shuttle of 5-tetradecenoyl-CoA (m),Carnitine shuttle (mitochondrial),Af only,0.0,0.0,0.0,equal,False,False,No flux in either
MAR00328,Tricosanoyl-CoA hydrolase,Acyl-CoA hydrolysis,Af only,0.0,0.0,0.0,equal,False,False,No flux in either
MAR02774,"Carnitine shuttle of 10,13,16-docosatrienoyl-CoA (c)",Carnitine shuttle (cytosolic),Af only,0.0,0.0,0.0,equal,False,False,No flux in either
MAR02773,Carnitine shuttle of docosadienoyl-CoA (m),Carnitine shuttle (mitochondrial),Af only,0.0,0.0,0.0,equal,False,False,No flux in either
MAR03235,"trans,cis-myristo-2,5-dienoyCoA hydratase (m)",Beta oxidation of unsaturated fatty acids (n-9) (mitochondrial),Af only,0.0,0.0,0.0,equal,False,False,No flux in either
