Comparison,Group 1,Group 2,Reaction ID,Reaction name,Subsystem,D,p-value,q-value (BH),Median Egg,Median L1,Delta median,Pooled range,Relative delta,Rank D,Rank relative delta,Combined score,Higher median in,Shown in Fig. 5,Equation,Median L2,Median L3,Median L4,Median L4f,Median Af,Median L4m,Median Am
Egg vs L1,Egg,L1,MAR03804,L-glutamate:NADP+ oxidoreductase (deaminating),"Alanine, aspartate and glutamate metabolism",1.0,0.0,0.0,-0.116006,0.46589,0.581896,0.749431,0.7765,1,1,2,L1,yes,AKG[m] + 2 H+[m] + NADPH[m] + NH3[m] <=> glutamate[m] + H2O[m] + NADP+[m],,,,,,,
Egg vs L1,Egg,L1,MAR06911,Complex II reaction for respiratory chain,Oxidative phosphorylation,1.0,0.0,0.0,0.05262,2.121523,2.068903,2.713746,0.7624,1,2,3,L1,yes,FADH2[m] + ubiquinone[m] <=> FAD[m] + ubiquinol[m],,,,,,,
Egg vs L1,Egg,L1,MAR02148,Trans-Oct-2-Enoyl Coenzyme A Reductase,Fatty acid oxidation,1.0,0.0,0.0,0.012268,0.301449,0.289181,0.380345,0.7603,1,3,4,L1,yes,NADP+[m] + octanoyl-CoA[m] <=> (2E)-octenoyl-CoA[m] + H+[m] + NADPH[m],,,,,,,
Egg vs L1,Egg,L1,MAR03150,(S)-Hydroxyoctanoyl-CoA hydro-lyase,Beta oxidation of even-chain fatty acids (mitochondrial),1.0,0.0,0.0,0.012268,0.301449,0.289181,0.380345,0.7603,1,4,5,L1,,(2E)-octenoyl-CoA[m] + H2O[m] => (S)-hydroxyoctanoyl-CoA[m],,,,,,,
Egg vs L1,Egg,L1,MAR03151,(S)-hydroxyoctanoyl-CoA:NAD+ oxidoreductase,Beta oxidation of even-chain fatty acids (mitochondrial),1.0,0.0,0.0,0.012268,0.301449,0.289181,0.380345,0.7603,1,5,6,L1,,(S)-hydroxyoctanoyl-CoA[m] + NAD+[m] => 3-oxooctanoyl-CoA[m] + H+[m] + NADH[m],,,,,,,
Egg vs L1,Egg,L1,MAR03153,Hexanoyl-CoA:acetyl-CoA C-acyltransferase,Beta oxidation of even-chain fatty acids (mitochondrial),1.0,0.0,0.0,0.012268,0.301449,0.289181,0.380345,0.7603,1,6,7,L1,,3-oxooctanoyl-CoA[m] + CoA[m] => acetyl-CoA[m] + hexanoyl-CoA[m],,,,,,,
Egg vs L1,Egg,L1,MAR06279,"Fatty Acid Beta Oxidation (C6:1->C4:0), Mitochondrial",Fatty acid oxidation,1.0,0.0,0.0,0.012268,0.301449,0.289181,0.380345,0.7603,1,7,8,L1,,(2E)-hexenoyl-CoA[m] + CoA[m] + H2O[m] + NAD+[m] => acetyl-CoA[m] + butyryl-CoA[m] + H+[m] + NADH[m],,,,,,,
Egg vs L1,Egg,L1,MAR05449,"Fatty Acid Beta Oxidation (C4->C2), Mitochondrial",Fatty acid oxidation,1.0,0.0,0.0,0.012268,0.301449,0.289181,0.380345,0.7603,1,8,9,L1,,butyryl-CoA[m] + CoA[m] + FAD[m] + H2O[m] + NAD+[m] => 2 acetyl-CoA[m] + FADH2[m] + H+[m] + NADH[m],,,,,,,
Egg vs L1,Egg,L1,MAR04967,"Fatty Acid Beta Oxidation (C10:1->C8), Mitochondrial",Fatty acid oxidation,1.0,0.0,0.0,0.012268,0.301449,0.289181,0.380345,0.7603,1,9,10,L1,,(2E)-decenoyl-CoA[m] + CoA[m] + H2O[m] + NAD+[m] => acetyl-CoA[m] + H+[m] + NADH[m] + octanoyl-CoA[m],,,,,,,
Egg vs L1,Egg,L1,MAR02207,Trans-Hex-2-Enoyl Coenzyme A Reductase,Fatty acid oxidation,1.0,0.0,0.0,-0.012268,-0.301449,-0.289181,0.380345,0.7603,1,10,11,Egg,,(2E)-hexenoyl-CoA[m] + H+[m] + NADPH[m] <=> hexanoyl-CoA[m] + NADP+[m],,,,,,,
Egg vs L1,Egg,L1,MAR09641,Transport of sphingosine (c to e),Extracellular transport,1.0,0.0,0.0,0.016433,0.473153,0.45672,0.642023,0.7114,1,11,12,L1,yes,sphingosine[c] <=> sphingosine[e],,,,,,,
Egg vs L1,Egg,L1,MAR11947,Exchange of Sphingosine,Exchange/demand reactions,1.0,0.0,0.0,0.016433,0.473153,0.45672,0.642023,0.7114,1,12,13,L1,,sphingosine[e] <=> ,,,,,,,
Egg vs L1,Egg,L1,MAR00758,acyl-CoA:sphingosine N-acyltransferase,Sphingolipid metabolism,1.0,0.0,0.0,0.016433,0.473153,0.45672,0.642023,0.7114,1,13,14,L1,,ceramide pool[c] + CoA[c] + H+[c] => sphingosine[c] + acyl-CoA pool[c],,,,,,,
Egg vs L1,Egg,L1,MAR03136,(S)-3-Hydroxydodecanoyl-CoA hydro-lyase,Beta oxidation of even-chain fatty acids (mitochondrial),1.0,0.0,0.0,0.012268,0.088503,0.076235,0.10806,0.7055,1,14,15,L1,yes,(2E)-dodecenoyl-CoA[m] + H2O[m] => (S)-3-hydroxydodecanoyl-CoA[m],,,,,,,
Egg vs L1,Egg,L1,MAR03137,(S)-3-hydroxydodecanoyl-CoA:NAD+ oxidoreductase,Beta oxidation of even-chain fatty acids (mitochondrial),1.0,0.0,0.0,0.012268,0.088503,0.076235,0.10806,0.7055,1,15,16,L1,,(S)-3-hydroxydodecanoyl-CoA[m] + NAD+[m] => 3-oxododecanoyl-CoA[m] + H+[m] + NADH[m],,,,,,,
Egg vs L1,Egg,L1,MAR03139,Decanoyl-CoA:acetyl-CoA C-acyltransferase,Beta oxidation of even-chain fatty acids (mitochondrial),1.0,0.0,0.0,0.012268,0.088503,0.076235,0.10806,0.7055,1,16,17,L1,,3-oxododecanoyl-CoA[m] + CoA[m] => acetyl-CoA[m] + decanoyl-CoA[m],,,,,,,
Egg vs L1,Egg,L1,MAR02187,Trans-Dec-2-Enoyl Coenzyme A Reductase,Fatty acid oxidation,1.0,0.0,0.0,0.012268,0.088503,0.076235,0.10806,0.7055,1,17,18,L1,,decanoyl-CoA[m] + NADP+[m] <=> (2E)-decenoyl-CoA[m] + H+[m] + NADPH[m],,,,,,,
Egg vs L1,Egg,L1,MAR03802,L-glutamate:NAD+ oxidoreductase (deaminating),"Alanine, aspartate and glutamate metabolism",1.0,0.0,0.0,0.123897,-0.381332,-0.505229,0.726202,0.6957,1,18,19,Egg,,AKG[m] + 2 H+[m] + NADH[m] + NH3[m] <=> glutamate[m] + H2O[m] + NAD+[m],,,,,,,
Egg vs L1,Egg,L1,MAR04914,CoA transporter  mitochondrial   irreversible,Mitochondrial transport,1.0,0.0,0.0,-0.01343,-0.079713,-0.066283,0.098465,0.6732,1,23,24,Egg,,CoA[c] <=> CoA[m],,,,,,,
Egg vs L1,Egg,L1,MAR04652,succinate:quinone oxidoreductase,Tricarboxylic acid cycle and glyoxylate/dicarboxylate metabolism,1.0,0.0,0.0,-0.049799,-5.818523,-5.768723,9.78905,0.5893,1,24,25,Egg,,fumarate[m] + ubiquinol[m] <=> succinate[m] + ubiquinone[m],,,,,,,
Egg vs L1,Egg,L1,MAR09058,CO2 exchange,Exchange/demand reactions,1.0,0.0,0.0,0.501635,12.658194,12.15656,22.24167,0.5466,1,25,26,L1,,CO2[e] <=> ,,,,,,,
Egg vs L1,Egg,L1,MAR04919,CO2 transporter via diffusion,Extracellular transport,1.0,0.0,0.0,0.501635,12.658194,12.15656,22.24167,0.5466,1,26,27,L1,,CO2[c] <=> CO2[e],,,,,,,
Egg vs L1,Egg,L1,MAR04898,O2 transport  diffusion ,Mitochondrial transport,1.0,0.0,0.0,0.056721,10.161865,10.105143,19.214737,0.5259,1,29,30,L1,,O2[c] <=> O2[m],,,,,,,
Egg vs L1,Egg,L1,MAR06914,ferrocytochrome-c:oxygen oxidoreductase,Oxidative phosphorylation,1.0,0.0,0.0,0.055631,9.580297,9.524665,18.393392,0.5178,1,31,32,L1,,4 ferrocytochrome C[m] + 8 H+[m] + O2[m] => 4 ferricytochrome C[m] + 2 H2O[m] + 4 H+[i],,,,,,,
Egg vs L1,Egg,L1,MAR06918,ubiquinol:ferricytochrome-c oxidoreductase,Oxidative phosphorylation,1.0,0.0,0.0,0.111263,19.160593,19.04933,36.786784,0.5178,1,32,33,L1,,2 ferricytochrome C[m] + 2 H+[m] + ubiquinol[m] => 2 ferrocytochrome C[m] + ubiquinone[m] + 4 H+[i],,,,,,,
Egg vs L1,Egg,L1,MAR09047,H2O exchange,Exchange/demand reactions,1.0,0.0,0.0,0.025402,517.850721,517.825319,1000.11518,0.5178,1,33,34,L1,,H2O[e] <=> ,,,,,,,
Egg vs L1,Egg,L1,MAR03980,hydrogen-peroxide:hydrogen-peroxide oxidoreductase,ROS detoxification,1.0,0.0,0.0,0.296396,256.541846,256.245449,496.404153,0.5162,1,34,35,L1,,2 H2O2[c] => 2 H2O[c] + O2[c],,,,,,,
Egg vs L1,Egg,L1,MAR09884,Folate Transport by Oats,Extracellular transport,1.0,0.0,0.0,0.004918,-501.625494,-501.630411,999.173054,0.502,1,35,36,Egg,,folate[e] + sulfate[c] <=> folate[c] + sulfate[e],,,,,,,
Egg vs L1,Egg,L1,MAR10364,"Transport of Methylmalonate, Antiport with Sulphate",Extracellular transport,1.0,0.0,0.0,0.004918,-501.625494,-501.630411,999.173054,0.502,1,36,37,Egg,,methylmalonate[c] + sulfate[e] <=> sulfate[c] + methylmalonate[e],,,,,,,
Egg vs L1,Egg,L1,MAR09883,Folate Transport by Oat1,Extracellular transport,1.0,0.0,0.0,-0.004918,501.625226,501.630144,999.172787,0.502,1,37,38,L1,,AKG[c] + folate[e] + Na+[e] <=> AKG[e] + folate[c] + Na+[c],,,,,,,
Egg vs L1,Egg,L1,MAR09383,Octadecanoate (n-C18:0) exchange,Exchange/demand reactions,1.0,0.0,0.0,-0.165709,-468.755249,-468.589539,989.583152,0.4735,1,39,40,Egg,,O2-[e] <=> ,,,,,,,
Egg vs L1,Egg,L1,MAR03959,Superoxide anion transport via diffusion (extracellular),Extracellular transport,1.0,0.0,0.0,-0.165709,-468.755249,-468.589539,989.583152,0.4735,1,40,41,Egg,,O2-[c] <=> O2-[e],,,,,,,
Egg vs L1,Egg,L1,MAR06916,ATP phosphohydrolase,Oxidative phosphorylation,1.0,0.0,0.0,0.032173,35.741468,35.709295,77.533073,0.4606,1,41,42,L1,,ADP[m] + Pi[m] + 3 H+[i] => ATP[m] + 2 H+[m] + H2O[m],,,,,,,
Egg vs L1,Egg,L1,MAR00632,Acyl-CoA:1-acyl-sn-glycero-3-phosphocholine O-acyltransferase,Glycerophospholipid metabolism,1.0,0.0,0.0,0.004688,0.089316,0.084628,0.202798,0.4173,1,44,45,L1,,2-lysolecithin pool[c] + acyl-CoA pool[c] => CoA[c] + PC-LD pool[c],,,,,,,
Egg vs L1,Egg,L1,MAR00628,Exchange of Lysophosphatidylcholine,Exchange/demand reactions,1.0,0.0,0.0,-0.004689,-0.089316,-0.084627,0.202798,0.4173,1,45,46,Egg,,2-lysolecithin pool[e] <=> ,,,,,,,
Egg vs L1,Egg,L1,MAR01499,Lysophosphatidylcholine Transport,Extracellular transport,1.0,0.0,0.0,0.004689,0.089316,0.084627,0.202798,0.4173,1,46,47,L1,,2-lysolecithin pool[e] <=> 2-lysolecithin pool[c],,,,,,,
Egg vs L1,Egg,L1,MAR05043,Phosphate transporter  mitochondrial,Mitochondrial transport,1.0,0.0,0.0,0.030901,23.145876,23.114976,60.79354,0.3802,1,50,51,L1,,Pi[c] + H+[i] => H+[m] + Pi[m],,,,,,,
Egg vs L1,Egg,L1,MAR09069,L-Serine exchange,Exchange/demand reactions,1.0,0.0,0.0,-0.062736,0.019596,0.082332,0.242328,0.3398,1,51,52,L1,,serine[e] <=> ,,,,,,,
Egg vs L1,Egg,L1,MAR03763,(S)-Methylmalonyl-CoA hydrolase,"Valine, leucine, and isoleucine metabolism",0.966,0.0,0.0,0.049799,1.085267,1.035468,1.499739,0.6904,49,19,68,L1,,CoA[m] + H+[m] + methylmalonate[m] => (R)-methylmalonyl-CoA[m] + H2O[m],,,,,,,
Egg vs L1,Egg,L1,MAR03215,(R)-Methylmalonyl-CoA CoA-carbonylmutase,"Valine, leucine, and isoleucine metabolism",0.966,0.0,0.0,0.049799,1.085267,1.035468,1.499739,0.6904,49,20,69,L1,,(R)-methylmalonyl-CoA[m] <=> succinyl-CoA[m],,,,,,,
Egg vs L1,Egg,L1,MAR04852,"Dicarboxylate/tricarboxylate carrier (mal:akg), mitochondrial",Mitochondrial transport,0.995,0.0,0.0,0.049799,5.34308,5.29328,10.090376,0.5246,40,30,70,L1,,AKG[c] + malate[m] <=> AKG[m] + malate[c],,,,,,,
Egg vs L1,Egg,L1,MAR03789,"Transport of Methylmalonate, Mitochondrial",Mitochondrial transport,0.966,0.0,0.0,0.049799,1.085267,1.035468,1.499739,0.6904,49,21,70,L1,,methylmalonate[c] <=> methylmalonate[m],,,,,,,
Egg vs L1,Egg,L1,MAR10243,Exchange of Methylmalonate,Exchange/demand reactions,0.966,0.0,0.0,-0.049799,-1.085267,-1.035468,1.499739,0.6904,49,22,71,Egg,,methylmalonate[e] <=> ,,,,,,,
Egg vs L1,Egg,L1,MAR09079,H+ exchange,Exchange/demand reactions,0.999,0.0,0.0,-0.225976,-483.050679,-482.824703,1002.875331,0.4814,39,38,77,Egg,,H+[e] <=> ,,,,,,,
Egg vs L1,Egg,L1,MAR08676,L-carnitine outward transport (H+ antiport),Extracellular transport,0.954,0.0,0.0,0.012983,0.176987,0.164004,0.310369,0.5284,56,27,83,L1,,L-carnitine[c] <=> L-carnitine[e],,,,,,,
Egg vs L1,Egg,L1,MAR09292,NC22:6 exchange,Exchange/demand reactions,0.954,0.0,0.0,0.012983,0.176987,0.164004,0.310369,0.5284,56,28,84,L1,,L-carnitine[e] <=> ,,,,,,,
Egg vs L1,Egg,L1,MAR12040,Ceramide Diffusion,Sphingolipid metabolism,0.985,0.0,0.0,0.017485,0.181971,0.164486,0.396877,0.4145,43,47,90,L1,,ceramide pool[e] <=> ceramide pool[c],,,,,,,
Egg vs L1,Egg,L1,MAR04384,Exchange of N-Acylsphingosine,Exchange/demand reactions,0.985,0.0,0.0,-0.017485,-0.181971,-0.164486,0.396877,0.4145,43,48,91,Egg,,ceramide pool[e] <=> ,,,,,,,
Egg vs L1,Egg,L1,MAR03977,diphosphate phosphohydrolase,Oxidative phosphorylation,0.985,0.0,0.0,0.143371,5.948224,5.804853,20.217112,0.2871,43,54,97,L1,,H2O[c] + PPi[c] => H+[c] + 2 Pi[c],,,,,,,
Egg vs L1,Egg,L1,MAR04139,(S)-malate:NAD+ oxidoreductase,Tricarboxylic acid cycle and glyoxylate/dicarboxylate metabolism,0.982,0.0,0.0,-0.049821,-4.429902,-4.380082,14.051909,0.3117,46,52,98,Egg,,H+[c] + NADH[c] + OAA[c] <=> malate[c] + NAD+[c],,,,,,,
Egg vs L1,Egg,L1,MAR04947,,Extracellular transport,0.792,2.378637707353e-312,4.220163674335e-312,-0.075752,-0.35296,-0.277208,0.66012,0.4199,62,42,104,Egg,,UTP[c] <=> UTP[e],,,,,,,
Egg vs L1,Egg,L1,MAR09440,L-Valine exchange,Exchange/demand reactions,0.792,2.378637707353e-312,4.15317694935e-312,-0.075752,-0.35296,-0.277208,0.66012,0.4199,62,43,105,Egg,,UTP[e] <=> ,,,,,,,
Egg vs L1,Egg,L1,MAR04874,Transport of NH3 (c to m),Mitochondrial transport,0.795,3.65394511e-315,6.58908135e-315,0.005684,0.080425,0.074741,0.182979,0.4085,61,49,110,L1,,NH3[c] <=> NH3[m],,,,,,,
Egg vs L1,Egg,L1,MAR09061,L-Alanine exchange,Exchange/demand reactions,0.799,6.0023e-319,1.100423e-318,-0.036196,0.017483,0.053679,0.177657,0.3022,60,53,113,L1,,alanine[e] <=> ,,,,,,,
Egg vs L1,Egg,L1,MAR08987,"Diphopshate Transporter, Mitochondrial",Mitochondrial transport,0.979,0.0,0.0,0.06984,5.621585,5.551745,24.974391,0.2223,47,71,118,L1,,PPi[c] <=> PPi[m],,,,,,,
Egg vs L1,Egg,L1,MAR06912,diphosphate phosphohydrolase,Oxidative phosphorylation,0.979,0.0,0.0,0.072062,5.623607,5.551546,24.974214,0.2223,47,72,119,L1,,H2O[m] + PPi[m] => H+[m] + 2 Pi[m],,,,,,,
Egg vs L1,Egg,L1,MAR04948,Acetaldehyde reversible transport,Extracellular transport,0.663,1.8690680016581808e-208,2.855520558088887e-208,0.453918,-0.319394,-0.773312,3.231468,0.2393,69,60,129,Egg,,acetaldehyde[c] <=> acetaldehyde[e],,,,,,,
Egg vs L1,Egg,L1,MAR00656,Exchange of Phosphatidylethanolamine,Exchange/demand reactions,0.987,0.0,0.0,-0.001368,-0.040235,-0.038867,0.266177,0.146,41,89,130,Egg,,PE-LD pool[e] <=> ,,,,,,,
Egg vs L1,Egg,L1,MAR09242,Type IIIAb exchange,Exchange/demand reactions,0.663,1.8690680016581808e-208,2.855520558088887e-208,0.453918,-0.319394,-0.773312,3.231468,0.2393,69,61,130,Egg,,acetaldehyde[e] <=> ,,,,,,,
Egg vs L1,Egg,L1,MAR04398,2-deoxy-D-ribose-5-phosphate acetaldehyde-lyase (D-glyceraldehyde-3-phosphate-forming),Pentose phosphate pathway,0.663,1.8690680016581808e-208,2.855520558088887e-208,0.453918,-0.319394,-0.773312,3.231468,0.2393,69,62,131,Egg,,2-deoxy-D-ribose-5-phosphate[c] <=> acetaldehyde[c] + D-glyceraldehyde 3-phosphate[c],,,,,,,
Egg vs L1,Egg,L1,MAR01601,Phosphatidylethanolamine Transport,Extracellular transport,0.987,0.0,0.0,0.001368,0.040235,0.038867,0.266177,0.146,41,90,131,L1,,PE-LD pool[e] <=> PE-LD pool[c],,,,,,,
Egg vs L1,Egg,L1,MAR04710,"2-deoxy-D-ribose 1-phosphate 1,5-phosphomutase",Pentose phosphate pathway,0.663,1.8690680016581808e-208,2.855520558088887e-208,0.453918,-0.319394,-0.773312,3.231468,0.2393,69,63,132,Egg,,2-deoxy-D-ribose-1-phosphate[c] <=> 2-deoxy-D-ribose-5-phosphate[c],,,,,,,
Egg vs L1,Egg,L1,ASCTm,Acetate:succinate CoA-transferase,,0.623,6.025699096823711e-182,8.183048156180349e-182,0.140126,0.097528,-0.042598,0.163986,0.2598,77,55,132,Egg,,succinate[m] + acetyl-CoA[m] => succinyl-CoA[m] + acetate[m],,,,,,,
Egg vs L1,Egg,L1,MAR10197,Exchange of Acetyl-Lysine,Exchange/demand reactions,0.623,6.025699096823711e-182,8.183048156180349e-182,0.140126,0.097528,-0.042598,0.163986,0.2598,77,56,133,Egg,,Acetyl-L-Lysine[e] <=> ,,,,,,,
Egg vs L1,Egg,L1,MAR00061,Acetate Mitochondrial Transport via Proton Symport,Mitochondrial transport,0.623,6.025699096823711e-182,8.183048156180349e-182,-0.140126,-0.097528,0.042598,0.163986,0.2598,77,57,134,L1,,acetate[c] + H+[c] <=> acetate[m] + H+[m],,,,,,,
Egg vs L1,Egg,L1,MAR07638,Uncoupling protein,Mitochondrial transport,0.964,0.0,0.0,0.174244,5.769789,5.595545,34.595307,0.1617,53,81,134,L1,,H+[c] => H+[m],,,,,,,
Egg vs L1,Egg,L1,MAR09996,"Transport of Acetyl-Lysine, Extracellular",Extracellular transport,0.623,6.025699096823711e-182,8.183048156180349e-182,0.140126,0.097528,-0.042598,0.163986,0.2598,77,58,135,Egg,,Acetyl-L-Lysine[c] <=> Acetyl-L-Lysine[e],,,,,,,
Egg vs L1,Egg,L1,MAR09952,Hydrolysis of Acetyl-Lysine,Lysine metabolism,0.623,6.025699096823711e-182,8.183048156180349e-182,-0.140126,-0.097528,0.042598,0.163986,0.2598,77,59,136,L1,,H2O[c] + Acetyl-L-Lysine[c] <=> acetate[c] + lysine[c],,,,,,,
Egg vs L1,Egg,L1,MAR04373,D-glyceraldehyde-3-phosphate:NAD+ oxidoreductase (phosphorylating),Glycolysis / Gluconeogenesis,0.652,6.295263685525849e-201,9.357824397403287e-201,-0.453918,0.300653,0.75457,3.199157,0.2359,73,66,139,L1,,"1,3-bisphospho-D-glycerate[c] + H+[c] + NADH[c] <=> D-glyceraldehyde 3-phosphate[c] + NAD+[c] + Pi[c]",,,,,,,
Egg vs L1,Egg,L1,MAR13080,Htmi,Mitochondrial transport,0.964,0.0,0.0,0.431668,19.89994,19.468272,126.701886,0.1537,53,87,140,L1,,H+[i] => H+[m],,,,,,,
Egg vs L1,Egg,L1,MAR09862,Exchange of 3-Phospho-D-Glycerate,Exchange/demand reactions,0.652,6.295263685525849e-201,9.111565860629518e-201,0.453918,-0.300653,-0.75457,3.199157,0.2359,73,67,140,Egg,,3-phospho-D-glycerate[e] <=> ,,,,,,,
Egg vs L1,Egg,L1,MAR09836,Transport of 3-Phospho-D-Glycerate,Extracellular transport,0.652,6.295263685525849e-201,9.111565860629518e-201,-0.453918,0.300653,0.75457,3.199157,0.2359,73,68,141,L1,,3-phospho-D-glycerate[e] <=> 3-phospho-D-glycerate[c],,,,,,,
Egg vs L1,Egg,L1,MAR09259,L-Alanine exchange,Exchange/demand reactions,0.961,0.0,0.0,-0.004918,0.428144,0.433062,2.738744,0.1581,55,86,141,L1,,AKG[e] <=> ,,,,,,,
Egg vs L1,Egg,L1,MAR09354,EX hco3 LPAREN e RPAREN ,Exchange/demand reactions,0.773,5.249252134161708e-295,8.88334976550443e-295,-0.292255,-262.547004,-262.254749,1439.100242,0.1822,65,77,142,Egg,,H2O2[e] <=> ,,,,,,,
Egg vs L1,Egg,L1,MAR04368,ATP:3-phospho-D-glycerate 1-phosphotransferase,Glycolysis / Gluconeogenesis,0.652,6.295263685525849e-201,9.486013772710183e-201,0.453918,-0.300653,-0.75457,3.199157,0.2359,73,69,142,Egg,,"1,3-bisphospho-D-glycerate[c] + ADP[c] <=> 3-phospho-D-glycerate[c] + ATP[c]",,,,,,,
Egg vs L1,Egg,L1,MAR08408,Hydrogen peroxide transport via diffusion,Extracellular transport,0.774,6.716912257354609e-296,1.1544692942328237e-295,-0.470443,-262.547004,-262.076561,1439.100242,0.1821,64,78,142,Egg,,H2O2[c] <=> H2O2[e],,,,,,,
Egg vs L1,Egg,L1,MAR05079,Transport of serine (e to c),Extracellular transport,0.668,6.144061936918964e-212,9.93892372148656e-212,0.074667,0.042271,-0.032396,0.178189,0.1818,66,79,145,Egg,,serine[e] => serine[c],,,,,,,
Egg vs L1,Egg,L1,MAR04847,Adenine transport via diffusion,Extracellular transport,0.668,6.144061936918964e-212,9.93892372148656e-212,0.102808,-0.323626,-0.426434,2.657925,0.1604,66,82,148,Egg,,adenine[c] <=> adenine[e],,,,,,,
Egg vs L1,Egg,L1,MAR08619,Ascorbic acid oxidase,Ascorbate and aldarate metabolism,0.927,0.0,0.0,0.082853,2.396125,2.313272,19.771453,0.117,58,91,149,L1,,ascorbate[c] + 2 H+[c] + 2 O2-[c] => dehydroascorbic acid[c] + 2 H2O2[c],,,,,,,
Egg vs L1,Egg,L1,MAR09253,ADPribose 2'-phosphate exchange,Exchange/demand reactions,0.668,6.144061936918964e-212,9.93892372148656e-212,0.102808,-0.323626,-0.426434,2.657925,0.1604,66,83,149,Egg,,adenine[e] <=> ,,,,,,,
Egg vs L1,Egg,L1,MAR06396,Dehydroascorbate reductase,Ascorbate and aldarate metabolism,0.927,0.0,0.0,0.082853,2.396125,2.313272,19.771453,0.117,58,92,150,L1,,dehydroascorbic acid[c] + H+[c] + NADPH[c] => ascorbate[c] + NADP+[c],,,,,,,
Egg vs L1,Egg,L1,MAR09072,Phosphate exchange,Exchange/demand reactions,0.504,6.683182560861084e-116,8.548256763892082e-116,0.341266,2.303629,1.962363,8.529822,0.2301,86,70,156,L1,,Pi[e] <=> ,,,,,,,
Egg vs L1,Egg,L1,MAR02351,Facilitated diffusion of phosphate (c to e),Extracellular transport,0.444,4.699807624055577e-89,5.558912243506597e-89,264.325418,501.713932,237.388514,999.030395,0.2376,93,64,157,L1,,Pi[c] => Pi[e],,,,,,,
Egg vs L1,Egg,L1,MAR10366,"Transport of Methylmalonate, Antiport with Phsophate",Extracellular transport,0.441,8.12788713215682e-88,9.511357282311174e-88,263.833738,500.571639,236.737901,997.854464,0.2372,94,65,159,L1,,methylmalonate[c] + Pi[e] <=> Pi[c] + methylmalonate[e],,,,,,,
Egg vs L1,Egg,L1,MAR04002,ATP:AMP phosphotransferase,Purine metabolism,0.537,1.9639935039866535e-132,2.634625432177218e-132,-0.093995,0.01205,0.106044,0.618814,0.1714,82,80,162,L1,,2 ADP[c] <=> AMP[c] + ATP[c],,,,,,,
Egg vs L1,Egg,L1,MAR06328,ATP:ADP phosphatransferase,Mitochondrial transport,0.454,2.987463976455781e-93,3.6112201913201737e-93,-376.879174,21.70632,398.585494,1996.55655,0.1996,91,73,164,L1,,ADP[c] + ATP[m] <=> ADP[m] + ATP[c],,,,,,,
Egg vs L1,Egg,L1,MAR09041,L-Lysine exchange,Exchange/demand reactions,0.424,5.526786377018911e-81,6.332776057000837e-81,-0.153902,-0.127702,0.026199,0.135054,0.194,96,74,170,L1,,lysine[e] <=> ,,,,,,,
Egg vs L1,Egg,L1,MAR04010,adenosine 5'-monophosphate phosphohydrolase,Purine metabolism,0.47,3.4081594308883767e-100,4.2601992886104707e-100,0.102808,0.189748,0.08694,0.588875,0.1476,88,88,176,L1,,AMP[c] + H2O[c] => adenosine[c] + Pi[c],,,,,,,
Egg vs L1,Egg,L1,MAR09255,Adrenic acid exchange,Exchange/demand reactions,0.257,2.0264232315663477e-29,2.143332264156714e-29,0.268851,0.160638,-0.108213,0.581402,0.1861,103,75,178,Egg,,ADP[e] <=> ,,,,,,,
Egg vs L1,Egg,L1,MAR07781,Adp exchange,Extracellular transport,0.257,2.0264232315663477e-29,2.1641413152650318e-29,0.268851,0.160638,-0.108213,0.581402,0.1861,103,76,179,Egg,,ADP[c] => ADP[e],,,,,,,
Egg vs L1,Egg,L1,MAR20137,MAR20137,Mitochondrial transport,0.478,9.005752037838127e-104,1.1386583036347058e-103,188.604689,-19.198072,-207.802761,1994.975746,0.1042,87,93,180,Egg,,CTP[c] + GTP[m] <=> CTP[m] + GTP[c],,,,,,,
Egg vs L1,Egg,L1,MAR04963,,Mitochondrial transport,0.304,3.500009801152419e-41,3.9285824298649605e-41,0.049799,0.080425,0.030625,0.192254,0.1593,97,84,181,L1,,glutamate[m] + proline[c] => glutamate[c] + proline[m],,,,,,,
Egg vs L1,Egg,L1,MAR05126,L proline transport  mitochondrial,Mitochondrial transport,0.304,3.500009801152419e-41,3.9285824298649605e-41,0.049799,0.080425,0.030625,0.192254,0.1593,97,85,182,L1,,proline[m] + H+[i] => H+[m] + proline[c],,,,,,,
Egg vs L1,Egg,L1,MAR08486,adenosine:phosphate alpha-D-ribosyltransferase,Nucleotide metabolism,0.533,2.3252258311106352e-130,3.08162459544783e-130,0.102808,-0.051887,-0.154695,2.824633,0.0548,83,100,183,Egg,,adenosine[c] + Pi[c] <=> adenine[c] + ribose-1-phosphate[c],,,,,,,
Egg vs L1,Egg,L1,MAR04152,Succinate:CoA ligase (ADP-forming),Tricarboxylic acid cycle and glyoxylate/dicarboxylate metabolism,0.461,2.968800778577628e-96,3.6693043330734738e-96,-188.368078,-6.690243,181.677835,1996.578614,0.091,89,96,185,L1,,ADP[m] + Pi[m] + succinyl-CoA[m] <=> ATP[m] + CoA[m] + succinate[m],,,,,,,
Egg vs L1,Egg,L1,MAR04024,ATP:CMP phosphotransferase,Nucleotide metabolism,0.449,3.8661634556502726e-91,4.622586740451414e-91,188.022067,-0.923664,-188.945731,1934.010766,0.0977,92,94,186,Egg,,ADP[c] + CDP[c] <=> ATP[c] + CMP[c],,,,,,,
Egg vs L1,Egg,L1,MAR04147,Succinate:CoA ligase (GDP-forming),Tricarboxylic acid cycle and glyoxylate/dicarboxylate metabolism,0.46,8.03225543981836e-96,9.81720109311133e-96,-188.604689,-7.526027,181.078662,1996.940645,0.0907,90,97,187,L1,,CoA[m] + GTP[m] + succinate[m] <=> GDP[m] + Pi[m] + succinyl-CoA[m],,,,,,,
Egg vs L1,Egg,L1,MAR03967,Cytidylate kinase (CMP)(GTP),Nucleotide metabolism,0.438,1.374604391933745e-86,1.591647190660126e-86,-188.603581,-9.764265,178.839317,1930.56244,0.0926,95,95,190,L1,,CDP[c] + GDP[c] <=> CMP[c] + GTP[c],,,,,,,
Egg vs L1,Egg,L1,MAR11318,Proton Diffusion,Extracellular transport,0.509,2.529553479526401e-118,3.31251050890362e-118,-0.003871,-13.400661,-13.39679,1994.977714,0.0067,84,109,193,Egg,,H+[e] <=> H+[c],,,,,,,
Egg vs L1,Egg,L1,MAR04410,(S)-malate hydro-lyase (fumarate-forming),Tricarboxylic acid cycle and glyoxylate/dicarboxylate metabolism,0.506,7.239502597991699e-117,9.36876806798926e-117,0.049799,9.032349,8.98255,1970.583675,0.0046,85,110,195,L1,,fumarate[m] + H2O[m] <=> malate[m],,,,,,,
Egg vs L1,Egg,L1,MAR09406,R total exchange,Exchange/demand reactions,0.287,1.0946236062021007e-36,1.1804764380610891e-36,0.285683,0.388805,0.103122,2.91051,0.0354,99,101,200,L1,,ribose[e] <=> ,,,,,,,
Egg vs L1,Egg,L1,MAR04958,D-ribose transport via diffusion,Extracellular transport,0.287,1.0946236062021007e-36,1.1804764380610891e-36,0.285683,0.388805,0.103122,2.91051,0.0354,99,102,201,L1,,ribose[c] <=> ribose[e],,,,,,,
Egg vs L1,Egg,L1,MAR04350,ATP:D-ribose 5-phosphotransferase,Pentose phosphate pathway,0.287,1.0946236062021007e-36,1.1804764380610891e-36,0.285683,0.388805,0.103122,2.91051,0.0354,99,103,202,L1,,ADP[c] + H+[c] + ribose-5-phosphate[c] <=> ATP[c] + ribose[c],,,,,,,
Egg vs L1,Egg,L1,MAR04354,"D-Ribose 1,5-phosphomutase",Pentose phosphate pathway,0.287,1.0946236062021007e-36,1.1804764380610891e-36,0.285683,0.388805,0.103122,2.91051,0.0354,99,104,203,L1,,ribose-1-phosphate[c] <=> ribose-5-phosphate[c],,,,,,,
Egg vs L1,Egg,L1,MAR05303,,Extracellular transport,0.114,4.441088228134397e-06,4.608676463158336e-06,-0.393617,-0.433628,-0.040011,0.579854,0.069,105,98,203,Egg,,ATP[c] <=> ATP[e],,,,,,,
Egg vs L1,Egg,L1,MAR00569,Exchange of ATP,Exchange/demand reactions,0.114,4.441088228134397e-06,4.608676463158336e-06,-0.393617,-0.433628,-0.040011,0.579854,0.069,105,99,204,Egg,,ATP[e] <=> ,,,,,,,
Egg vs L1,Egg,L1,MAR09108,Exchange of dihydroneopterin,Exchange/demand reactions,0.047,0.2193964992967708,0.2193964992967708,-0.008467,0.016634,0.025101,1.333067,0.0188,108,105,213,L1,,dihydroneopterin[e] <=> ,,,,,,,
Egg vs L1,Egg,L1,MAR02186,"2-Amino-4-Hydroxy-6- (Erythro-1, 2, 3-Trihydroxypropyl) Dihydropteridine Triphosphate Phosphohydrolase (Alkaline Optimum)",Miscellaneous,0.047,0.2193964992967708,0.2214093112169247,-0.008467,0.016634,0.025101,1.333067,0.0188,108,106,214,L1,,"3 H2O[e] + 6-[(1S,2R)-1,2-dihydroxy-3-triphosphooxypropyl]-7,8-dihydropterin[e] <=> dihydroneopterin[e] + 2 H+[e] + 3 Pi[e]",,,,,,,
Egg vs L1,Egg,L1,MAR04008,ATP:UMP phosphotransferase,Pyrimidine metabolism,0.054,0.1082872208757189,0.1113233111806456,46.353673,26.73742,-19.616253,1997.895699,0.0098,107,108,215,Egg,,ADP[c] + UDP[c] <=> ATP[c] + UMP[c],,,,,,,
Egg vs L1,Egg,L1,MAR01871,"Exchange of 7, 8-Dihydroneopterin 3-Triphosphate",Exchange/demand reactions,0.047,0.2193964992967708,0.2193964992967708,0.008467,-0.016634,-0.025101,1.333067,0.0188,108,107,215,Egg,,"6-[(1S,2R)-1,2-dihydroxy-3-triphosphooxypropyl]-7,8-dihydropterin[e] <=> ",,,,,,,
L1 vs L2,L1,L2,MAR00753,N-acylsphingosine amidohydrolase,Sphingolipid metabolism,1.0,0.0,0.0,,-0.301851,0.299243,0.333079,0.8984,1,1,2,L2,yes,dihydroceramide pool[c] + H2O[c] <=> sphinganine[c] + fatty acid pool[c],-0.002608,,,,,,
L1 vs L2,L1,L2,MAR11958,Passive diffusion of sphinganine (e to c),Extracellular transport,1.0,0.0,0.0,,0.301851,-0.299243,0.333079,0.8984,1,2,3,L1,,sphinganine[e] <=> sphinganine[c],0.002608,,,,,,
L1 vs L2,L1,L2,MAR11959,Exchange of Sphinganine,Exchange/demand reactions,1.0,0.0,0.0,,-0.301851,0.299243,0.333079,0.8984,1,3,4,L2,,sphinganine[e] <=> ,-0.002608,,,,,,
L1 vs L2,L1,L2,MAR11947,Exchange of Sphingosine,Exchange/demand reactions,1.0,0.0,0.0,,0.473153,-0.455529,0.645835,0.7053,1,4,5,L1,yes,sphingosine[e] <=> ,0.017624,,,,,,
L1 vs L2,L1,L2,MAR09641,Transport of sphingosine (c to e),Extracellular transport,1.0,0.0,0.0,,0.473153,-0.455529,0.645835,0.7053,1,5,6,L1,,sphingosine[c] <=> sphingosine[e],0.017624,,,,,,
L1 vs L2,L1,L2,MAR00758,acyl-CoA:sphingosine N-acyltransferase,Sphingolipid metabolism,1.0,0.0,0.0,,0.473153,-0.455529,0.645835,0.7053,1,6,7,L1,,ceramide pool[c] + CoA[c] + H+[c] => sphingosine[c] + acyl-CoA pool[c],0.017624,,,,,,
L1 vs L2,L1,L2,MAR06911,Complex II reaction for respiratory chain,Oxidative phosphorylation,1.0,0.0,0.0,,2.121523,-1.727606,2.66057,0.6493,1,12,13,L1,yes,FADH2[m] + ubiquinone[m] <=> FAD[m] + ubiquinol[m],0.393917,,,,,,
L1 vs L2,L1,L2,MAR04145,acetyl-CoA:oxaloacetate C-acetyltransferase (thioester-hydrolysing),Tricarboxylic acid cycle and glyoxylate/dicarboxylate metabolism,1.0,0.0,0.0,,5.390506,-5.017549,8.288184,0.6054,1,13,14,L1,yes,acetyl-CoA[m] + H2O[m] + OAA[m] => citrate[m] + CoA[m] + H+[m],0.372957,,,,,,
L1 vs L2,L1,L2,MAR04458,citrate hydro-lyase (cis-aconitate-forming),Tricarboxylic acid cycle and glyoxylate/dicarboxylate metabolism,1.0,0.0,0.0,,-5.390506,5.017549,8.288184,0.6054,1,14,15,L2,,cis-aconitate[m] + H2O[m] <=> citrate[m],-0.372957,,,,,,
L1 vs L2,L1,L2,MAR04589,isocitrate hydro-lyase (cis-aconitate-forming),Tricarboxylic acid cycle and glyoxylate/dicarboxylate metabolism,1.0,0.0,0.0,,5.390424,-5.017467,8.288102,0.6054,1,15,16,L1,,cis-aconitate[m] + H2O[m] <=> isocitrate[m],0.372957,,,,,,
L1 vs L2,L1,L2,MAR06286,Citrate/2-oxoglutarate antiporter (mitochondrial),Mitochondrial transport,1.0,0.0,0.0,,5.757355,-5.443151,9.722373,0.5599,1,20,21,L1,yes,AKG[m] + citrate[c] + H+[c] => AKG[c] + citrate[m] + H+[m],0.314204,,,,,,
L1 vs L2,L1,L2,MAR04957,Transport of citrate (m to c),Mitochondrial transport,1.0,0.0,0.0,,5.757355,-5.212682,9.576731,0.5443,1,21,22,L1,,citrate[m] => citrate[c],0.544673,,,,,,
L1 vs L2,L1,L2,MAR04652,succinate:quinone oxidoreductase,Tricarboxylic acid cycle and glyoxylate/dicarboxylate metabolism,1.0,0.0,0.0,,-5.818523,5.217334,9.588269,0.5441,1,22,23,L2,,fumarate[m] + ubiquinol[m] <=> succinate[m] + ubiquinone[m],-0.601189,,,,,,
L1 vs L2,L1,L2,MAR20111,MAR20111,Miscellaneous,1.0,0.0,0.0,,4.847344,-4.474387,8.223842,0.5441,1,23,24,L1,,acetyl-CoA[m] + glyoxalate[m] + H2O[m] => CoA[m] + malate[m],0.372957,,,,,,
L1 vs L2,L1,L2,MAR15020m,,,1.0,0.0,0.0,,4.847344,-4.474387,8.223842,0.5441,1,24,25,L1,,isocitrate[m] <=> glyoxalate[m] + succinate[m],0.372957,,,,,,
L1 vs L2,L1,L2,MAR04947,,Extracellular transport,1.0,0.0,0.0,,-0.35296,0.349351,0.662955,0.527,1,29,30,L2,,UTP[c] <=> UTP[e],-0.003609,,,,,,
L1 vs L2,L1,L2,MAR09440,L-Valine exchange,Exchange/demand reactions,1.0,0.0,0.0,,-0.35296,0.349351,0.662955,0.527,1,30,31,L2,,UTP[e] <=> ,-0.003609,,,,,,
L1 vs L2,L1,L2,MAR04885,H2O transport via diffusion,Extracellular transport,1.0,0.0,0.0,,517.448501,-513.593859,997.841192,0.5147,1,32,33,L1,,H2O[c] <=> H2O[e],3.854642,,,,,,
L1 vs L2,L1,L2,MAR02351,Facilitated diffusion of phosphate (c to e),Extracellular transport,1.0,0.0,0.0,,501.713932,-501.13086,999.413576,0.5014,1,35,36,L1,,Pi[c] => Pi[e],0.583072,,,,,,
L1 vs L2,L1,L2,MAR04898,O2 transport  diffusion ,Mitochondrial transport,1.0,0.0,0.0,,10.161865,-9.144294,18.793726,0.4866,1,36,37,L1,,O2[c] <=> O2[m],1.017571,,,,,,
L1 vs L2,L1,L2,MAR06914,ferrocytochrome-c:oxygen oxidoreductase,Oxidative phosphorylation,1.0,0.0,0.0,,9.580297,-8.565291,17.973857,0.4765,1,38,39,L1,,4 ferrocytochrome C[m] + 8 H+[m] + O2[m] => 4 ferricytochrome C[m] + 2 H2O[m] + 4 H+[i],1.015006,,,,,,
L1 vs L2,L1,L2,MAR06918,ubiquinol:ferricytochrome-c oxidoreductase,Oxidative phosphorylation,1.0,0.0,0.0,,19.160593,-17.130582,35.947713,0.4765,1,39,40,L1,,2 ferricytochrome C[m] + 2 H+[m] + ubiquinol[m] => 2 ferrocytochrome C[m] + ubiquinone[m] + 4 H+[i],2.030012,,,,,,
L1 vs L2,L1,L2,MAR00642,phosphatidylethanolamine phosphatidohydrolase,Glycerophospholipid metabolism,1.0,0.0,0.0,,12.139299,-12.137789,26.235743,0.4626,1,44,45,L1,,H2O[c] + PE-LD pool[c] => ethanolamine[c] + H+[c] + phosphatidate-LD-PE pool[c],0.00151,,,,,,
L1 vs L2,L1,L2,MAR00648,ATP:ethanolamine O-phosphotransferase,Glycerophospholipid metabolism,1.0,0.0,0.0,,12.139299,-12.137789,26.235743,0.4626,1,45,46,L1,,ATP[c] + ethanolamine[c] => ADP[c] + ethanolamine-phosphate[c] + H+[c],0.00151,,,,,,
L1 vs L2,L1,L2,MAR00598,"1,2-diacyl-sn-glycerol 3-phosphate phosphohydrolase",Glycerophospholipid metabolism,1.0,0.0,0.0,,12.139378,-12.137717,26.235671,0.4626,1,46,47,L1,,"H2O[c] + phosphatidate-LD-PE pool[c] => 1,2-diacylglycerol-LD-PE pool[c] + Pi[c]",0.001661,,,,,,
L1 vs L2,L1,L2,MAR00651,CTP:ethanolamine-phosphate cytidylyltransferase,Glycerophospholipid metabolism,1.0,0.0,0.0,,12.124668,-12.123085,26.266606,0.4615,1,47,48,L1,,CTP[c] + ethanolamine-phosphate[c] + H+[c] => CDP-ethanolamine[c] + PPi[c],0.001583,,,,,,
L1 vs L2,L1,L2,MAR00614,"CDPethanolamine:1,2-diacylglycerol ethanolaminephosphotransferase",Glycerophospholipid metabolism,1.0,0.0,0.0,,12.082814,-12.081231,26.192013,0.4613,1,48,49,L1,,"1,2-diacylglycerol-LD-PE pool[c] + CDP-ethanolamine[c] => CMP[c] + H+[c] + PE-LD pool[c]",0.001582,,,,,,
L1 vs L2,L1,L2,MAR03804,L-glutamate:NADP+ oxidoreductase (deaminating),"Alanine, aspartate and glutamate metabolism",0.997,0.0,0.0,,0.46589,-0.358979,0.551625,0.6508,42,11,53,L1,,AKG[m] + 2 H+[m] + NADPH[m] + NH3[m] <=> glutamate[m] + H2O[m] + NADP+[m],0.106911,,,,,,
L1 vs L2,L1,L2,MAR06916,ATP phosphohydrolase,Oxidative phosphorylation,1.0,0.0,0.0,,35.741468,-33.20301,76.097684,0.4363,1,55,56,L1,,ADP[m] + Pi[m] + 3 H+[i] => ATP[m] + 2 H+[m] + H2O[m],2.538457,,,,,,
L1 vs L2,L1,L2,MAR07591,1-Acyl-sn-glycerol 3-phosphate + NADP+ <=> Acylglycerone phosphate + NADPH + H+,Glycerophospholipid metabolism,1.0,0.0,0.0,,0.082366,-0.084958,0.20144,0.4218,1,57,58,L1,,NADP+[c] + 1-acylglycerol-3P pool[c] <=> acylglycerone-phosphate[c] + H+[c] + NADPH[c],-0.002592,,,,,,
L1 vs L2,L1,L2,MAR03153,Hexanoyl-CoA:acetyl-CoA C-acyltransferase,Beta oxidation of even-chain fatty acids (mitochondrial),0.945,0.0,0.0,,0.301449,-0.258461,0.383959,0.6731,51,7,58,L1,,3-oxooctanoyl-CoA[m] + CoA[m] => acetyl-CoA[m] + hexanoyl-CoA[m],0.042987,,,,,,
L1 vs L2,L1,L2,MAR02148,Trans-Oct-2-Enoyl Coenzyme A Reductase,Fatty acid oxidation,0.945,0.0,0.0,,0.301449,-0.258461,0.383959,0.6731,51,8,59,L1,,NADP+[m] + octanoyl-CoA[m] <=> (2E)-octenoyl-CoA[m] + H+[m] + NADPH[m],0.042987,,,,,,
L1 vs L2,L1,L2,MAR03150,(S)-Hydroxyoctanoyl-CoA hydro-lyase,Beta oxidation of even-chain fatty acids (mitochondrial),0.945,0.0,0.0,,0.301449,-0.258461,0.383959,0.6731,51,9,60,L1,,(2E)-octenoyl-CoA[m] + H2O[m] => (S)-hydroxyoctanoyl-CoA[m],0.042987,,,,,,
L1 vs L2,L1,L2,MAR09069,L-Serine exchange,Exchange/demand reactions,1.0,0.0,0.0,,0.019596,-0.086332,0.209625,0.4118,1,60,61,L1,,serine[e] <=> ,-0.066736,,,,,,
L1 vs L2,L1,L2,MAR03151,(S)-hydroxyoctanoyl-CoA:NAD+ oxidoreductase,Beta oxidation of even-chain fatty acids (mitochondrial),0.945,0.0,0.0,,0.301449,-0.258461,0.383959,0.6731,51,10,61,L1,,(S)-hydroxyoctanoyl-CoA[m] + NAD+[m] => 3-oxooctanoyl-CoA[m] + H+[m] + NADH[m],0.042987,,,,,,
L1 vs L2,L1,L2,MAR00632,Acyl-CoA:1-acyl-sn-glycero-3-phosphocholine O-acyltransferase,Glycerophospholipid metabolism,1.0,0.0,0.0,,0.089316,-0.081118,0.201407,0.4028,1,61,62,L1,,2-lysolecithin pool[c] + acyl-CoA pool[c] => CoA[c] + PC-LD pool[c],0.008198,,,,,,
L1 vs L2,L1,L2,MAR01499,Lysophosphatidylcholine Transport,Extracellular transport,1.0,0.0,0.0,,0.089316,-0.081117,0.201406,0.4028,1,62,63,L1,,2-lysolecithin pool[e] <=> 2-lysolecithin pool[c],0.008199,,,,,,
L1 vs L2,L1,L2,MAR00628,Exchange of Lysophosphatidylcholine,Exchange/demand reactions,1.0,0.0,0.0,,-0.089316,0.081117,0.201406,0.4028,1,63,64,L2,,2-lysolecithin pool[e] <=> ,-0.008199,,,,,,
L1 vs L2,L1,L2,MAR05043,Phosphate transporter  mitochondrial,Mitochondrial transport,1.0,0.0,0.0,,23.145876,-20.68058,59.722421,0.3463,1,64,65,L1,,Pi[c] + H+[i] => H+[m] + Pi[m],2.465297,,,,,,
L1 vs L2,L1,L2,MAR10366,"Transport of Methylmalonate, Antiport with Phsophate",Extracellular transport,0.999,0.0,0.0,,500.571639,-500.775659,998.623778,0.5015,35,34,69,L1,,methylmalonate[c] + Pi[e] <=> Pi[c] + methylmalonate[e],-0.20402,,,,,,
L1 vs L2,L1,L2,MAR09079,H+ exchange,Exchange/demand reactions,0.999,0.0,0.0,,-483.050679,481.487605,1002.700699,0.4802,35,37,72,L2,,H+[e] <=> ,-1.563074,,,,,,
L1 vs L2,L1,L2,MAR09047,H2O exchange,Exchange/demand reactions,0.997,0.0,0.0,,517.850721,-514.05092,998.518497,0.5148,42,31,73,L1,,H2O[e] <=> ,3.799802,,,,,,
L1 vs L2,L1,L2,MAR09383,Octadecanoate (n-C18:0) exchange,Exchange/demand reactions,0.998,0.0,0.0,,-468.755249,466.931211,989.564465,0.4719,37,41,78,L2,,O2-[e] <=> ,-1.824037,,,,,,
L1 vs L2,L1,L2,MAR03980,hydrogen-peroxide:hydrogen-peroxide oxidoreductase,ROS detoxification,0.995,0.0,0.0,,256.541846,-255.193061,496.233349,0.5143,45,33,78,L1,,2 H2O2[c] => 2 H2O[c] + O2[c],1.348784,,,,,,
L1 vs L2,L1,L2,MAR03959,Superoxide anion transport via diffusion (extracellular),Extracellular transport,0.998,0.0,0.0,,-468.755249,466.931211,989.564465,0.4719,37,42,79,L2,,O2-[c] <=> O2-[e],-1.824037,,,,,,
L1 vs L2,L1,L2,MAR03215,(R)-Methylmalonyl-CoA CoA-carbonylmutase,"Valine, leucine, and isoleucine metabolism",0.798,5.34562e-318,1.1409315e-317,,1.085267,-0.881247,1.499803,0.5876,67,16,83,L1,,(R)-methylmalonyl-CoA[m] <=> succinyl-CoA[m],0.20402,,,,,,
L1 vs L2,L1,L2,MAR03763,(S)-Methylmalonyl-CoA hydrolase,"Valine, leucine, and isoleucine metabolism",0.798,5.34562e-318,1.124153e-317,,1.085267,-0.881247,1.499803,0.5876,67,17,84,L1,,CoA[m] + H+[m] + methylmalonate[m] => (R)-methylmalonyl-CoA[m] + H2O[m],0.20402,,,,,,
L1 vs L2,L1,L2,MAR03789,"Transport of Methylmalonate, Mitochondrial",Mitochondrial transport,0.798,5.34562e-318,1.1078607e-317,,1.085267,-0.881247,1.499803,0.5876,67,18,85,L1,,methylmalonate[c] <=> methylmalonate[m],0.20402,,,,,,
L1 vs L2,L1,L2,MAR04967,"Fatty Acid Beta Oxidation (C10:1->C8), Mitochondrial",Fatty acid oxidation,0.882,0.0,0.0,,0.301449,-0.202659,0.380538,0.5326,61,25,86,L1,,(2E)-decenoyl-CoA[m] + CoA[m] + H2O[m] + NAD+[m] => acetyl-CoA[m] + H+[m] + NADH[m] + octanoyl-CoA[m],0.09879,,,,,,
L1 vs L2,L1,L2,MAR10243,Exchange of Methylmalonate,Exchange/demand reactions,0.798,5.34562e-318,1.0920343e-317,,-1.085267,0.881247,1.499803,0.5876,67,19,86,L2,,methylmalonate[e] <=> ,-0.20402,,,,,,
L1 vs L2,L1,L2,MAR03960,superoxide:superoxide oxidoreductase,ROS detoxification,0.996,0.0,0.0,,230.134772,-229.692882,493.077056,0.4658,44,43,87,L1,,2 H+[c] + 2 O2-[c] => H2O2[c] + O2[c],0.44189,,,,,,
L1 vs L2,L1,L2,MAR05449,"Fatty Acid Beta Oxidation (C4->C2), Mitochondrial",Fatty acid oxidation,0.882,0.0,0.0,,0.301449,-0.202659,0.380538,0.5326,61,26,87,L1,,butyryl-CoA[m] + CoA[m] + FAD[m] + H2O[m] + NAD+[m] => 2 acetyl-CoA[m] + FADH2[m] + H+[m] + NADH[m],0.09879,,,,,,
L1 vs L2,L1,L2,MAR04002,ATP:AMP phosphotransferase,Purine metabolism,0.978,0.0,0.0,,0.01205,-0.429385,0.904418,0.4748,48,40,88,L1,,2 ADP[c] <=> AMP[c] + ATP[c],-0.417335,,,,,,
L1 vs L2,L1,L2,MAR02207,Trans-Hex-2-Enoyl Coenzyme A Reductase,Fatty acid oxidation,0.882,0.0,0.0,,-0.301449,0.202659,0.380538,0.5326,61,27,88,L2,,(2E)-hexenoyl-CoA[m] + H+[m] + NADPH[m] <=> hexanoyl-CoA[m] + NADP+[m],-0.09879,,,,,,
L1 vs L2,L1,L2,MAR06279,"Fatty Acid Beta Oxidation (C6:1->C4:0), Mitochondrial",Fatty acid oxidation,0.882,0.0,0.0,,0.301449,-0.202659,0.380538,0.5326,61,28,89,L1,,(2E)-hexenoyl-CoA[m] + CoA[m] + H2O[m] + NAD+[m] => acetyl-CoA[m] + butyryl-CoA[m] + H+[m] + NADH[m],0.09879,,,,,,
L1 vs L2,L1,L2,MAR06921,NADH:ubiquinone oxidoreductase,Oxidative phosphorylation,0.998,0.0,0.0,,11.383833,-10.379952,24.095861,0.4308,37,56,93,L1,,5 H+[m] + NADH[m] + ubiquinone[m] => NAD+[m] + ubiquinol[m] + 4 H+[i],1.003881,,,,,,
L1 vs L2,L1,L2,MAR08219,Dehydroepiandrosterone sulfate transport via bicarbonate countertransport,Sphingolipid metabolism,0.978,0.0,0.0,,0.150111,-0.149049,0.327217,0.4555,48,53,101,L1,,dihydroceramide pool[c] + NADP+[c] => ceramide pool[c] + H+[c] + NADPH[c],0.001061,,,,,,
L1 vs L2,L1,L2,MAR12040,Ceramide Diffusion,Sphingolipid metabolism,0.986,0.0,0.0,,0.181971,-0.164997,0.396877,0.4157,46,58,104,L1,,ceramide pool[e] <=> ceramide pool[c],0.016974,,,,,,
L1 vs L2,L1,L2,MAR04384,Exchange of N-Acylsphingosine,Exchange/demand reactions,0.986,0.0,0.0,,-0.181971,0.164997,0.396877,0.4157,46,59,105,L2,,ceramide pool[e] <=> ,-0.016974,,,,,,
L1 vs L2,L1,L2,MAR03977,diphosphate phosphohydrolase,Oxidative phosphorylation,0.967,0.0,0.0,,5.948224,-5.597826,20.238792,0.2766,50,65,115,L1,,H2O[c] + PPi[c] => H+[c] + 2 Pi[c],0.350398,,,,,,
L1 vs L2,L1,L2,MAR04350,ATP:D-ribose 5-phosphotransferase,Pentose phosphate pathway,0.777,1.3657773437310345e-298,2.750790988077998e-298,,0.388805,-1.333243,2.923106,0.4561,71,49,120,L1,,ADP[c] + H+[c] + ribose-5-phosphate[c] <=> ATP[c] + ribose[c],-0.944438,,,,,,
L1 vs L2,L1,L2,MAR04958,D-ribose transport via diffusion,Extracellular transport,0.777,1.3657773437310345e-298,2.6392724345072688e-298,,0.388805,-1.333243,2.923106,0.4561,71,50,121,L1,,ribose[c] <=> ribose[e],-0.944438,,,,,,
L1 vs L2,L1,L2,MAR04354,"D-Ribose 1,5-phosphomutase",Pentose phosphate pathway,0.777,1.3657773437310345e-298,2.712585557688026e-298,,0.388805,-1.333243,2.923106,0.4561,71,51,122,L1,,ribose-1-phosphate[c] <=> ribose-5-phosphate[c],-0.944438,,,,,,
L1 vs L2,L1,L2,MAR09406,R total exchange,Exchange/demand reactions,0.777,1.3657773437310345e-298,2.6392724345072688e-298,,0.388805,-1.333243,2.923106,0.4561,71,52,123,L1,,ribose[e] <=> ,-0.944438,,,,,,
L1 vs L2,L1,L2,MAR08987,"Diphopshate Transporter, Mitochondrial",Mitochondrial transport,0.943,0.0,0.0,,5.621585,-5.469799,24.974702,0.219,55,72,127,L1,,PPi[c] <=> PPi[m],0.151787,,,,,,
L1 vs L2,L1,L2,MAR06912,diphosphate phosphohydrolase,Oxidative phosphorylation,0.943,0.0,0.0,,5.623607,-5.466797,24.97173,0.2189,55,73,128,L1,,H2O[m] + PPi[m] => H+[m] + 2 Pi[m],0.15681,,,,,,
L1 vs L2,L1,L2,MAR10046,"1,2-diacylglycerol-LD-PC pool transport(Cytosol to Extracellular)",Extracellular transport,0.927,0.0,0.0,,0.038648,-0.03594,0.183963,0.1954,57,79,136,L1,,"1,2-diacylglycerol-LD-PC pool[c] => 1,2-diacylglycerol-LD-PC pool[e]",0.002708,,,,,,
L1 vs L2,L1,L2,MAR10047,"1,2-diacylglycerol-LD-PC pool exchange",Exchange/demand reactions,0.927,0.0,0.0,,0.038648,-0.03594,0.183963,0.1954,57,80,137,L1,,"1,2-diacylglycerol-LD-PC pool[e] <=> ",0.002708,,,,,,
L1 vs L2,L1,L2,MAR01601,Phosphatidylethanolamine Transport,Extracellular transport,0.998,0.0,0.0,,0.040235,-0.038008,0.266048,0.1429,37,103,140,L1,,PE-LD pool[e] <=> PE-LD pool[c],0.002227,,,,,,
L1 vs L2,L1,L2,MAR00656,Exchange of Phosphatidylethanolamine,Exchange/demand reactions,0.998,0.0,0.0,,-0.040235,0.038008,0.266048,0.1429,37,104,141,L2,,PE-LD pool[e] <=> ,-0.002227,,,,,,
L1 vs L2,L1,L2,MAR05071,LYStiDF,Extracellular transport,0.609,3.249629335590343e-173,4.9967418816066556e-173,,0.041944,0.073305,0.166483,0.4403,93,54,147,L2,,lysine[e] => lysine[c],0.11525,,,,,,
L1 vs L2,L1,L2,MAR09259,L-Alanine exchange,Exchange/demand reactions,0.903,0.0,0.0,,0.428144,-0.466874,2.795174,0.167,59,95,154,L1,,AKG[e] <=> ,-0.03873,,,,,,
L1 vs L2,L1,L2,MAR07638,Uncoupling protein,Mitochondrial transport,0.901,0.0,0.0,,5.769789,-5.579841,34.604407,0.1612,60,97,157,L1,,H+[c] => H+[m],0.189948,,,,,,
L1 vs L2,L1,L2,MAR08467,"Cytidylate kinase (CMP,UTP),nuclear",Nucleotide metabolism,0.775,8.552237578378263e-297,1.630626631610789e-296,,-0.347908,347.3124,1896.631473,0.1831,75,83,158,L2,,CDP[c] + UDP[c] <=> CMP[c] + UTP[c],346.964492,,,,,,
L1 vs L2,L1,L2,MAR09354,EX hco3 LPAREN e RPAREN ,Exchange/demand reactions,0.77,2.432149587982038e-292,4.516849234823785e-292,,-262.547004,261.298082,1439.100242,0.1816,76,84,160,L2,,H2O2[e] <=> ,-1.248922,,,,,,
L1 vs L2,L1,L2,MAR08408,Hydrogen peroxide transport via diffusion,Extracellular transport,0.77,2.432149587982038e-292,4.516849234823785e-292,,-262.547004,261.263075,1439.100242,0.1815,76,85,161,L2,,H2O2[c] <=> H2O2[e],-1.283929,,,,,,
L1 vs L2,L1,L2,MAR04139,(S)-malate:NAD+ oxidoreductase,Tricarboxylic acid cycle and glyoxylate/dicarboxylate metabolism,0.681,3.5296692483930088e-221,6.309283781502503e-221,,-4.429902,2.498034,14.046288,0.1778,80,86,166,L2,,H+[c] + NADH[c] + OAA[c] <=> malate[c] + NAD+[c],-1.931869,,,,,,
L1 vs L2,L1,L2,MAR09242,Type IIIAb exchange,Exchange/demand reactions,0.671,4.783946836177524e-214,8.144099971111735e-214,,-0.319394,0.561502,3.231468,0.1738,81,87,168,L2,,acetaldehyde[e] <=> ,0.242108,,,,,,
L1 vs L2,L1,L2,MAR04948,Acetaldehyde reversible transport,Extracellular transport,0.671,4.783946836177524e-214,8.242221657510673e-214,,-0.319394,0.561502,3.231468,0.1738,81,88,169,L2,,acetaldehyde[c] <=> acetaldehyde[e],0.242108,,,,,,
L1 vs L2,L1,L2,MAR04398,2-deoxy-D-ribose-5-phosphate acetaldehyde-lyase (D-glyceraldehyde-3-phosphate-forming),Pentose phosphate pathway,0.671,4.783946836177524e-214,8.242221657510673e-214,,-0.319394,0.561502,3.231468,0.1738,81,89,170,L2,,2-deoxy-D-ribose-5-phosphate[c] <=> acetaldehyde[c] + D-glyceraldehyde 3-phosphate[c],0.242108,,,,,,
L1 vs L2,L1,L2,MAR08676,L-carnitine outward transport (H+ antiport),Extracellular transport,0.527,2.75500835346449e-127,3.862413672013942e-127,,0.176987,-0.076082,0.310369,0.2451,102,68,170,L1,,L-carnitine[c] <=> L-carnitine[e],0.100905,,,,,,
L1 vs L2,L1,L2,MAR04710,"2-deoxy-D-ribose 1-phosphate 1,5-phosphomutase",Pentose phosphate pathway,0.671,4.783946836177524e-214,8.144099971111735e-214,,-0.319394,0.561502,3.231468,0.1738,81,90,171,L2,,2-deoxy-D-ribose-1-phosphate[c] <=> 2-deoxy-D-ribose-5-phosphate[c],0.242108,,,,,,
L1 vs L2,L1,L2,MAR09292,NC22:6 exchange,Exchange/demand reactions,0.527,2.75500835346449e-127,3.824914510149729e-127,,0.176987,-0.076082,0.310369,0.2451,102,69,171,L1,,L-carnitine[e] <=> ,0.100905,,,,,,
L1 vs L2,L1,L2,MAR04373,D-glyceraldehyde-3-phosphate:NAD+ oxidoreductase (phosphorylating),Glycolysis / Gluconeogenesis,0.662,9.196035759637735e-208,1.4943558109411318e-207,,0.300653,-0.542927,3.199157,0.1697,87,91,178,L1,,"1,3-bisphospho-D-glycerate[c] + H+[c] + NADH[c] <=> D-glyceraldehyde 3-phosphate[c] + NAD+[c] + Pi[c]",-0.242274,,,,,,
L1 vs L2,L1,L2,MAR00454,ATP:D-glyceraldehyde 3-phosphotransferase,Fructose and mannose metabolism,0.859,0.0,0.0,,0.012377,-0.011107,0.089092,0.1247,65,113,178,L1,,ATP[c] + glyceraldehyde[c] => ADP[c] + D-glyceraldehyde 3-phosphate[c] + H+[c],0.001271,,,,,,
L1 vs L2,L1,L2,MAR00453,glycerol:NADP+ oxidoreductase,Glycerolipid metabolism,0.859,0.0,0.0,,-0.012377,0.011107,0.089092,0.1247,65,114,179,L2,,glyceraldehyde[c] + H+[c] + NADPH[c] <=> glycerol[c] + NADP+[c],-0.001271,,,,,,
L1 vs L2,L1,L2,MAR11318,Proton Diffusion,Extracellular transport,0.488,2.402643103670128e-108,3.152091411236957e-108,,-13.400661,-484.884622,1996.733815,0.2428,109,70,179,L1,,H+[e] <=> H+[c],-498.285283,,,,,,
L1 vs L2,L1,L2,MAR09862,Exchange of 3-Phospho-D-Glycerate,Exchange/demand reactions,0.662,9.196035759637735e-208,1.4611479040313288e-207,,-0.300653,0.542927,3.199157,0.1697,87,92,179,L2,,3-phospho-D-glycerate[e] <=> ,0.242274,,,,,,
L1 vs L2,L1,L2,MAR09836,Transport of 3-Phospho-D-Glycerate,Extracellular transport,0.662,9.196035759637735e-208,1.4611479040313288e-207,,0.300653,-0.542927,3.199157,0.1697,87,93,180,L1,,3-phospho-D-glycerate[e] <=> 3-phospho-D-glycerate[c],-0.242274,,,,,,
L1 vs L2,L1,L2,MAR04368,ATP:3-phospho-D-glycerate 1-phosphotransferase,Glycolysis / Gluconeogenesis,0.662,9.196035759637735e-208,1.5115323145151678e-207,,-0.300653,0.542927,3.199157,0.1697,87,94,181,L2,,"1,3-bisphospho-D-glycerate[c] + ADP[c] <=> 3-phospho-D-glycerate[c] + ATP[c]",0.242274,,,,,,
L1 vs L2,L1,L2,MAR04847,Adenine transport via diffusion,Extracellular transport,0.668,6.144061936918964e-212,1.0216289034644327e-211,,-0.323626,0.399274,2.657925,0.1502,85,101,186,L2,,adenine[c] <=> adenine[e],0.075648,,,,,,
L1 vs L2,L1,L2,MAR09253,ADPribose 2'-phosphate exchange,Exchange/demand reactions,0.668,6.144061936918964e-212,1.0216289034644327e-211,,-0.323626,0.399274,2.657925,0.1502,85,102,187,L2,,adenine[e] <=> ,0.075648,,,,,,
L1 vs L2,L1,L2,MAR05303,,Extracellular transport,0.339,2.601190983860239e-51,3.024148867414749e-51,,-0.433628,0.16048,0.580546,0.2764,122,66,188,L2,,ATP[c] <=> ATP[e],-0.273147,,,,,,
L1 vs L2,L1,L2,MAR00569,Exchange of ATP,Exchange/demand reactions,0.339,2.601190983860239e-51,3.0489369728853625e-51,,-0.433628,0.16048,0.580546,0.2764,122,67,189,L2,,ATP[e] <=> ,-0.273147,,,,,,
L1 vs L2,L1,L2,MAR06328,ATP:ADP phosphatransferase,Mitochondrial transport,0.373,2.661665844969578e-62,3.1984724019382326e-62,,21.70632,-480.074626,1999.376479,0.2401,119,71,190,L1,,ADP[c] + ATP[m] <=> ADP[m] + ATP[c],-458.368307,,,,,,
L1 vs L2,L1,L2,MAR08619,Ascorbic acid oxidase,Ascorbate and aldarate metabolism,0.711,1.4576027847307439e-243,2.638445547044258e-243,,2.396125,-2.052302,19.771608,0.1038,78,118,196,L1,,ascorbate[c] + 2 H+[c] + 2 O2-[c] => dehydroascorbic acid[c] + 2 H2O2[c],0.343823,,,,,,
L1 vs L2,L1,L2,MAR06396,Dehydroascorbate reductase,Ascorbate and aldarate metabolism,0.711,1.4576027847307439e-243,2.672271772006364e-243,,2.396125,-2.052302,19.771608,0.1038,78,119,197,L1,,dehydroascorbic acid[c] + H+[c] + NADPH[c] => ascorbate[c] + NADP+[c],0.343823,,,,,,
L1 vs L2,L1,L2,MAR04010,adenosine 5'-monophosphate phosphohydrolase,Purine metabolism,0.407,1.8582877929472538e-74,2.2908202964780803e-74,,0.189748,-0.1141,0.589059,0.1937,116,81,197,L1,,AMP[c] + H2O[c] => adenosine[c] + Pi[c],0.075648,,,,,,
L1 vs L2,L1,L2,MAR09952,Hydrolysis of Acetyl-Lysine,Lysine metabolism,0.252,2.730594245482165e-28,3.09900775479325e-28,,-0.097528,0.028095,0.136343,0.2061,124,74,198,L2,,H2O[c] + Acetyl-L-Lysine[c] <=> acetate[c] + lysine[c],-0.069433,,,,,,
L1 vs L2,L1,L2,MAR09072,Phosphate exchange,Exchange/demand reactions,0.392,5.998653083597018e-69,7.331687102174133e-69,,2.303629,-1.56177,8.172374,0.1911,117,82,199,L1,,Pi[e] <=> ,0.741858,,,,,,
L1 vs L2,L1,L2,MAR09996,"Transport of Acetyl-Lysine, Extracellular",Extracellular transport,0.252,2.730594245482165e-28,3.0746061189287367e-28,,0.097528,-0.028095,0.136343,0.2061,124,75,199,L1,,Acetyl-L-Lysine[c] <=> Acetyl-L-Lysine[e],0.069433,,,,,,
L1 vs L2,L1,L2,MAR06366,Deoyguanosine transport via diffusion,Extracellular transport,0.605,9.050350483119254e-171,1.3623159148274245e-170,,0.17775,-0.245675,1.797035,0.1367,94,105,199,L1,,deoxyguanosine[c] <=> deoxyguanosine[e],-0.067925,,,,,,
L1 vs L2,L1,L2,MAR00061,Acetate Mitochondrial Transport via Proton Symport,Mitochondrial transport,0.252,2.730594245482165e-28,3.050585758624606e-28,,-0.097528,0.028095,0.136343,0.2061,124,76,200,L2,,acetate[c] + H+[c] <=> acetate[m] + H+[m],-0.069433,,,,,,
L1 vs L2,L1,L2,MAR09300,Digalactosylceramidesulfate exchange,Exchange/demand reactions,0.605,9.050350483119254e-171,1.348125124047972e-170,,0.17775,-0.245675,1.797035,0.1367,94,106,200,L1,,deoxyguanosine[e] <=> ,-0.067925,,,,,,
L1 vs L2,L1,L2,MAR04603,Deoxyguanosine:orthophosphate ribosyltransferase,Purine metabolism,0.605,9.050350483119254e-171,1.348125124047972e-170,,0.17775,-0.245675,1.797035,0.1367,94,107,201,L1,,2-deoxy-D-ribose-1-phosphate[c] + guanine[c] <=> deoxyguanosine[c] + Pi[c],-0.067925,,,,,,
L1 vs L2,L1,L2,MAR10197,Exchange of Acetyl-Lysine,Exchange/demand reactions,0.252,2.730594245482165e-28,3.050585758624606e-28,,0.097528,-0.028095,0.136343,0.2061,124,77,201,L1,,Acetyl-L-Lysine[e] <=> ,0.069433,,,,,,
L1 vs L2,L1,L2,MAR05126,L proline transport  mitochondrial,Mitochondrial transport,0.622,2.5872247709377997e-181,4.065638925759399e-181,,0.080425,-0.023678,0.177657,0.1333,91,111,202,L1,,proline[m] + H+[i] => H+[m] + proline[c],0.056747,,,,,,
L1 vs L2,L1,L2,ASCTm,Acetate:succinate CoA-transferase,,0.252,2.730594245482165e-28,3.050585758624606e-28,,0.097528,-0.028095,0.136343,0.2061,124,78,202,L1,,succinate[m] + acetyl-CoA[m] => succinyl-CoA[m] + acetate[m],0.069433,,,,,,
L1 vs L2,L1,L2,MAR04888,H2O transport  mitochondrial,Mitochondrial transport,0.468,2.6052708465525705e-99,3.3868521005183414e-99,,-18.896147,329.402897,1975.818701,0.1667,110,96,206,L2,,H2O[c] <=> H2O[m],310.50675,,,,,,
L1 vs L2,L1,L2,MAR13080,Htmi,Mitochondrial transport,0.612,4.610397153553822e-175,7.166160793023876e-175,,19.89994,-13.934626,126.679074,0.11,92,117,209,L1,,H+[i] => H+[m],5.965314,,,,,,
L1 vs L2,L1,L2,MAR04408,(S)-malate hydro-lyase (fumarate-forming),Tricarboxylic acid cycle and glyoxylate/dicarboxylate metabolism,0.453,7.941083403595438e-93,1.0230404745172499e-92,,-0.352495,-311.862473,1971.335962,0.1582,111,98,209,L1,,fumarate[c] + H2O[c] <=> malate[c],-312.214967,,,,,,
L1 vs L2,L1,L2,MAR04855,Fumarate/malate antiporter (mitochondrial),Mitochondrial transport,0.453,7.941083403595438e-93,1.0139061845662032e-92,,1.619916,311.553143,1970.717265,0.1581,111,99,210,L2,,fumarate[c] + malate[m] <=> fumarate[m] + malate[c],313.173059,,,,,,
L1 vs L2,L1,L2,MAR04410,(S)-malate hydro-lyase (fumarate-forming),Tricarboxylic acid cycle and glyoxylate/dicarboxylate metabolism,0.45,1.469142113147104e-91,1.8591798423012026e-91,,9.032349,304.665384,1970.583675,0.1546,113,100,213,L2,,fumarate[m] + H2O[m] <=> malate[m],313.697733,,,,,,
L1 vs L2,L1,L2,MAR03137,(S)-3-hydroxydodecanoyl-CoA:NAD+ oxidoreductase,Beta oxidation of even-chain fatty acids (mitochondrial),0.494,3.817701049123875e-111,5.0549189817103176e-111,,0.088503,-0.033469,0.246601,0.1357,106,108,214,L1,,(S)-3-hydroxydodecanoyl-CoA[m] + NAD+[m] => 3-oxododecanoyl-CoA[m] + H+[m] + NADH[m],0.055034,,,,,,
L1 vs L2,L1,L2,MAR03136,(S)-3-Hydroxydodecanoyl-CoA hydro-lyase,Beta oxidation of even-chain fatty acids (mitochondrial),0.494,3.817701049123875e-111,5.0549189817103176e-111,,0.088503,-0.033469,0.246601,0.1357,106,109,215,L1,,(2E)-dodecenoyl-CoA[m] + H2O[m] => (S)-3-hydroxydodecanoyl-CoA[m],0.055034,,,,,,
L1 vs L2,L1,L2,MAR03139,Decanoyl-CoA:acetyl-CoA C-acyltransferase,Beta oxidation of even-chain fatty acids (mitochondrial),0.494,3.817701049123875e-111,5.0549189817103176e-111,,0.088503,-0.033469,0.246601,0.1357,106,110,216,L1,,3-oxododecanoyl-CoA[m] + CoA[m] => acetyl-CoA[m] + decanoyl-CoA[m],0.055034,,,,,,
L1 vs L2,L1,L2,MAR03899,L-Alanine:2-oxoglutarate aminotransferase,"Alanine, aspartate and glutamate metabolism",0.531,2.48798274060552e-129,3.522589424817717e-129,,-0.0574,-0.021066,0.177657,0.1186,101,116,217,L1,,AKG[c] + alanine[c] <=> glutamate[c] + pyruvate[c],-0.078466,,,,,,
L1 vs L2,L1,L2,MAR00148,Stearoyl Coenzyme A Desaturase (N-C18:0CoA -> N-C18:1CoA),Fatty acid biosynthesis,0.547,1.0573141119469924e-137,1.5428154898818357e-137,,1.267791,-0.821491,8.325914,0.0987,98,120,218,L1,,H+[c] + NADH[c] + O2[c] + stearoyl-CoA[c] => (2E)-octadecenoyl-CoA[c] + 2 H2O[c] + NAD+[c],0.4463,,,,,,
L1 vs L2,L1,L2,MAR02194,octadecanoyl-CoA:NADP+ trans-2-oxidoreductase,Fatty acid elongation (even-chain),0.547,1.0573141119469924e-137,1.5272314950345444e-137,,1.267791,-0.821491,8.325914,0.0987,98,121,219,L1,,(2E)-octadecenoyl-CoA[c] + H+[c] + NADPH[c] => NADP+[c] + stearoyl-CoA[c],0.4463,,,,,,
L1 vs L2,L1,L2,MAR04141,(S)-malate:NAD+ oxidoreductase,Tricarboxylic acid cycle and glyoxylate/dicarboxylate metabolism,0.595,9.403763044852646e-165,1.3863279540349775e-164,,-0.867979,0.973145,15.586312,0.0624,97,125,222,L2,,H+[m] + NADH[m] + OAA[m] <=> malate[m] + NAD+[m],0.105166,,,,,,
L1 vs L2,L1,L2,MAR08486,adenosine:phosphate alpha-D-ribosyltransferase,Nucleotide metabolism,0.533,2.3252258311106352e-130,3.3250729384882085e-130,,-0.051887,0.127535,2.824633,0.0452,100,129,229,L2,,adenosine[c] + Pi[c] <=> adenine[c] + ribose-1-phosphate[c],0.075648,,,,,,
L1 vs L2,L1,L2,MAR04874,Transport of NH3 (c to m),Mitochondrial transport,0.349,2.003917427580001e-54,2.3682660507763651e-54,,0.080425,0.026486,0.2123,0.1248,121,112,233,L2,,NH3[c] <=> NH3[m],0.106911,,,,,,
L1 vs L2,L1,L2,MAR04914,CoA transporter  mitochondrial   irreversible,Mitochondrial transport,0.374,1.2146029729227989e-62,1.4719341112539e-62,,-0.079713,0.0204,0.230955,0.0883,118,123,241,L2,,CoA[c] <=> CoA[m],-0.059313,,,,,,
L1 vs L2,L1,L2,MAR20137,MAR20137,Mitochondrial transport,0.514,8.949959584179312e-121,1.2306194428246555e-120,,-19.198072,19.200975,1994.975746,0.0096,104,138,242,L2,,CTP[c] + GTP[m] <=> CTP[m] + GTP[c],0.002903,,,,,,
L1 vs L2,L1,L2,MAR20152,MAR20152,Mitochondrial transport,0.245,9.520860663442335e-27,1.0554132363350804e-26,,9.192991,233.058457,1955.184638,0.1192,129,115,244,L2,,CDP[c] + UTP[m] <=> CDP[m] + UTP[c],242.251448,,,,,,
L1 vs L2,L1,L2,MAR02626,palmitoyl-CoA:L-carnitine O-palmitoyltransferase,Carnitine shuttle (cytosolic),0.507,2.3731348927723294e-117,3.2319837111089816e-117,,-9.85733,9.912361,1993.231568,0.005,105,143,248,L2,,CoA[c] + L-palmitoylcarnitine[c] <=> L-carnitine[c] + palmitoyl-CoA[c],0.055031,,,,,,
L1 vs L2,L1,L2,MAR02187,Trans-Dec-2-Enoyl Coenzyme A Reductase,Fatty acid oxidation,0.364,2.7948372826899168e-59,3.330514428538817e-59,,0.088503,0.010288,0.248771,0.0414,120,130,250,L2,,decanoyl-CoA[m] + NADP+[m] <=> (2E)-decenoyl-CoA[m] + H+[m] + NADPH[m],0.09879,,,,,,
L1 vs L2,L1,L2,MAR04147,Succinate:CoA ligase (GDP-forming),Tricarboxylic acid cycle and glyoxylate/dicarboxylate metabolism,0.424,5.526786377018911e-81,6.932723262400917e-81,,-7.526027,21.983478,1996.940645,0.011,114,136,250,L2,,CoA[m] + GTP[m] + succinate[m] <=> GDP[m] + Pi[m] + succinyl-CoA[m],14.457451,,,,,,
L1 vs L2,L1,L2,MAR04152,Succinate:CoA ligase (ADP-forming),Tricarboxylic acid cycle and glyoxylate/dicarboxylate metabolism,0.423,1.363976395298948e-80,1.6960749958934747e-80,,-6.690243,21.502484,1996.578614,0.0108,115,137,252,L2,,ADP[m] + Pi[m] + succinyl-CoA[m] <=> ATP[m] + CoA[m] + succinate[m],14.812241,,,,,,
L1 vs L2,L1,L2,MAR04024,ATP:CMP phosphotransferase,Nucleotide metabolism,0.171,3.5127087833331994e-13,3.834483633714867e-13,,-0.923664,-174.318281,1978.720933,0.0881,131,124,255,L1,,ADP[c] + CDP[c] <=> ATP[c] + CMP[c],-175.241944,,,,,,
L1 vs L2,L1,L2,MAR04030,ATP:CDP phosphotransferase,Pyrimidine metabolism,0.203,1.942374946587825e-18,2.1366124412466077e-18,,-9.192991,-101.65044,1936.725896,0.0525,130,128,258,L1,,ADP[m] + CTP[m] <=> ATP[m] + CDP[m],-110.84343,,,,,,
L1 vs L2,L1,L2,MAR09041,L-Lysine exchange,Exchange/demand reactions,0.124,4.068767065404826e-07,4.278188899653603e-07,,-0.127702,0.012453,0.135033,0.0922,136,122,258,L2,,lysine[e] <=> ,-0.11525,,,,,,
L1 vs L2,L1,L2,MAR09828,Transport of Fumarate,Extracellular transport,0.153,1.2581488962359795e-10,1.3426514340428735e-10,,1.029175,-0.192413,3.664009,0.0525,134,126,260,L1,,fumarate[e] <=> fumarate[c],0.836762,,,,,,
L1 vs L2,L1,L2,MAR11400,Exchange of Fumarate,Exchange/demand reactions,0.153,1.2581488962359795e-10,1.3327058678647783e-10,,-1.029175,0.192413,3.664009,0.0525,134,127,261,L2,,fumarate[e] <=> ,-0.836762,,,,,,
L1 vs L2,L1,L2,MAR09108,Exchange of dihydroneopterin,Exchange/demand reactions,0.063,0.0377601401722074,0.0382957449973451,,0.016634,-0.050441,1.332947,0.0378,137,131,268,L1,,dihydroneopterin[e] <=> ,-0.033807,,,,,,
L1 vs L2,L1,L2,MAR02186,"2-Amino-4-Hydroxy-6- (Erythro-1, 2, 3-Trihydroxypropyl) Dihydropteridine Triphosphate Phosphohydrolase (Alkaline Optimum)",Miscellaneous,0.063,0.0377601401722074,0.0385692860330405,,0.016634,-0.050441,1.332947,0.0378,137,132,269,L1,,"3 H2O[e] + 6-[(1S,2R)-1,2-dihydroxy-3-triphosphooxypropyl]-7,8-dihydropterin[e] <=> dihydroneopterin[e] + 2 H+[e] + 3 Pi[e]",-0.033807,,,,,,
L1 vs L2,L1,L2,MAR01871,"Exchange of 7, 8-Dihydroneopterin 3-Triphosphate",Exchange/demand reactions,0.063,0.0377601401722074,0.0394138689388735,,-0.016634,0.050441,1.332947,0.0378,137,133,270,L2,,"6-[(1S,2R)-1,2-dihydroxy-3-triphosphooxypropyl]-7,8-dihydropterin[e] <=> ",0.033807,,,,,,
L1 vs L2,L1,L2,MAR04008,ATP:UMP phosphotransferase,Pyrimidine metabolism,0.063,0.0377601401722074,0.038846762910976,,26.73742,-72.460856,1993.358231,0.0364,137,134,271,L1,,ADP[c] + UDP[c] <=> ATP[c] + UMP[c],-45.723436,,,,,,
L1 vs L2,L1,L2,MAR08668,Mesaconate--CoA ligase (GDP-forming),C5-branched dibasic acid metabolism,0.165,2.6860351639888324e-12,2.887992695115812e-12,,-19.45682,-16.004521,1996.645564,0.008,132,139,271,L1,,CoA[m] + GTP[m] + mesaconate[m] <=> GDP[m] + mesaconyl-CoA[m] + Pi[m],-35.461341,,,,,,
L1 vs L2,L1,L2,MAR07863,UMP kinase (CTP),Nucleotide metabolism,0.063,0.0377601401722074,0.0385692860330405,,-26.333079,72.055583,1993.519195,0.0361,137,135,272,L2,,CDP[c] + UDP[c] <=> CTP[c] + UMP[c],45.722504,,,,,,
L1 vs L2,L1,L2,MAR08667,"Mesaconate--CoA ligase (ADP-forming), mitochondrial",C5-branched dibasic acid metabolism,0.165,2.6860351639888324e-12,2.887992695115812e-12,,-19.45682,-16.004521,1996.645564,0.008,132,140,272,L1,,ADP[m] + mesaconyl-CoA[m] + Pi[m] <=> ATP[m] + CoA[m] + mesaconate[m],-35.461341,,,,,,
L1 vs L2,L1,L2,MAR09255,Adrenic acid exchange,Exchange/demand reactions,0.049,0.1811645424830326,0.1811645424830326,,0.160638,0.004054,0.581407,0.007,142,141,283,L2,,ADP[e] <=> ,0.164692,,,,,,
L1 vs L2,L1,L2,MAR07781,Adp exchange,Extracellular transport,0.049,0.1811645424830326,0.1811645424830326,,0.160638,0.004054,0.581407,0.007,142,142,284,L2,,ADP[c] => ADP[e],0.164692,,,,,,
L2 vs L3,L2,L3,MAR03899,L-Alanine:2-oxoglutarate aminotransferase,"Alanine, aspartate and glutamate metabolism",1.0,0.0,0.0,,,0.076653,0.082144,0.9332,1,1,2,L3,yes,AKG[c] + alanine[c] <=> glutamate[c] + pyruvate[c],-0.078466,-0.001813,,,,,
L2 vs L3,L2,L3,MAR11430,Oxaloacetate Decarboxylase,Pyruvate metabolism,1.0,0.0,0.0,,,-0.075199,0.08212,0.9157,1,2,3,L2,yes,H+[c] + OAA[c] => CO2[c] + pyruvate[c],0.078466,0.003267,,,,,
L2 vs L3,L2,L3,MAR05320,Glycine transport via sodium symport,Extracellular transport,1.0,0.0,0.0,,,-0.059243,0.066243,0.8943,1,3,4,L2,yes,glycine[e] + Na+[e] => glycine[c] + Na+[c],0.064766,0.005523,,,,,
L2 vs L3,L2,L3,MAR09067,Glycine exchange,Exchange/demand reactions,1.0,0.0,0.0,,,0.059243,0.066243,0.8943,1,4,5,L3,,glycine[e] <=> ,-0.064766,-0.005523,,,,,
L2 vs L3,L2,L3,MAR09908,Tyrosine Transport by B0At3,Extracellular transport,1.0,0.0,0.0,,,-0.043648,0.051558,0.8466,1,5,6,L2,,chloride[e] + Na+[e] + tyrosine[e] => chloride[c] + Na+[c] + tyrosine[c],0.057562,0.013914,,,,,
L2 vs L3,L2,L3,MAR09103,Exchange of H2S,Exchange/demand reactions,1.0,0.0,0.0,,,0.006925,0.008568,0.8082,1,6,7,L3,,H2S[e] <=> ,-0.012369,-0.005444,,,,,
L2 vs L3,L2,L3,MAR04323,"L-serine hydro-lyase (adding hydrogen sulfide, L-cysteine-forming)",Cysteine and methionine metabolism,1.0,0.0,0.0,,,-0.006925,0.008568,0.8082,1,7,8,L2,yes,H+[c] + H2S[c] + serine[c] => cysteine[c] + H2O[c],0.012369,0.005444,,,,,
L2 vs L3,L2,L3,MAR04990,Transport of H2S (c to e),Extracellular transport,1.0,0.0,0.0,,,0.006925,0.008568,0.8082,1,8,9,L3,,H2S[c] <=> H2S[e],-0.012369,-0.005444,,,,,
L2 vs L3,L2,L3,MAR09064,L-Tyrosine exchange,Exchange/demand reactions,1.0,0.0,0.0,,,0.014915,0.020548,0.7258,1,9,10,L3,yes,tyrosine[e] <=> ,-0.028828,-0.013914,,,,,
L2 vs L3,L2,L3,MAR09895,Methionine Transport by B0At3,Extracellular transport,1.0,0.0,0.0,,,-0.012944,0.018343,0.7057,1,10,11,L2,,chloride[e] + methionine[e] + Na+[e] => chloride[c] + methionine[c] + Na+[c],0.025553,0.012609,,,,,
L2 vs L3,L2,L3,MAR09042,L-Methionine exchange,Exchange/demand reactions,1.0,0.0,0.0,,,0.012944,0.018343,0.7057,1,11,12,L3,,methionine[e] <=> ,-0.025553,-0.012609,,,,,
L2 vs L3,L2,L3,MAR06916,ATP phosphohydrolase,Oxidative phosphorylation,1.0,0.0,0.0,,,-2.3224,3.312727,0.7011,1,12,13,L2,,ADP[m] + Pi[m] + 3 H+[i] => ATP[m] + 2 H+[m] + H2O[m],2.538457,0.216057,,,,,
L2 vs L3,L2,L3,MAR09440,L-Valine exchange,Exchange/demand reactions,1.0,0.0,0.0,,,-0.389856,0.558491,0.6981,1,13,14,L2,,UTP[e] <=> ,-0.003609,-0.393465,,,,,
L2 vs L3,L2,L3,MAR04947,,Extracellular transport,1.0,0.0,0.0,,,-0.389856,0.558491,0.6981,1,14,15,L2,,UTP[c] <=> UTP[e],-0.003609,-0.393465,,,,,
L2 vs L3,L2,L3,MAR09904,Serine Transport by B0At3,Extracellular transport,1.0,0.0,0.0,,,-0.032546,0.048499,0.6711,1,15,16,L2,,chloride[e] + Na+[e] + serine[e] => chloride[c] + Na+[c] + serine[c],0.066736,0.03419,,,,,
L2 vs L3,L2,L3,MAR09069,L-Serine exchange,Exchange/demand reactions,1.0,0.0,0.0,,,0.032546,0.048499,0.6711,1,16,17,L3,,serine[e] <=> ,-0.066736,-0.03419,,,,,
L2 vs L3,L2,L3,MAR09066,L-Arginine exchange,Exchange/demand reactions,1.0,0.0,0.0,,,0.023994,0.036668,0.6543,1,17,18,L3,,arginine[e] <=> ,-0.050154,-0.026161,,,,,
L2 vs L3,L2,L3,MAR05068,Transport of arginine (e to c),Extracellular transport,1.0,0.0,0.0,,,-0.023994,0.036668,0.6543,1,18,19,L2,,arginine[e] => arginine[c],0.050154,0.026161,,,,,
L2 vs L3,L2,L3,MAR09038,L-Histidine exchange,Exchange/demand reactions,1.0,0.0,0.0,,,0.008006,0.012466,0.6423,1,19,20,L3,,histidine[e] <=> ,-0.016976,-0.00897,,,,,
L2 vs L3,L2,L3,MAR09046,L-Valine exchange,Exchange/demand reactions,1.0,0.0,0.0,,,0.021042,0.033482,0.6285,1,20,21,L3,,valine[e] <=> ,-0.04537,-0.024328,,,,,
L2 vs L3,L2,L3,MAR09909,Valine Transport by B0At3,Extracellular transport,1.0,0.0,0.0,,,-0.021042,0.033482,0.6285,1,21,22,L2,,chloride[e] + Na+[e] + valine[e] => chloride[c] + Na+[c] + valine[c],0.04537,0.024328,,,,,
L2 vs L3,L2,L3,MAR04391,D-glyceraldehyde-3-phosphate aldose-ketose-isomerase,Glycolysis / Gluconeogenesis,1.0,0.0,0.0,,,1.207676,1.998751,0.6042,1,23,24,L3,,DHAP[c] <=> D-glyceraldehyde 3-phosphate[c],-0.000909,1.206766,,,,,
L2 vs L3,L2,L3,MAR01922,Exchange of Glycerone Phosphate,Exchange/demand reactions,1.0,0.0,0.0,,,-1.205209,1.995672,0.6039,1,24,25,L2,,DHAP[e] <=> ,-0.001557,-1.206766,,,,,
L2 vs L3,L2,L3,MAR09825,Transport of Dihydroxyacetone Phosphate,Extracellular transport,1.0,0.0,0.0,,,1.205209,1.995672,0.6039,1,25,26,L3,,DHAP[e] <=> DHAP[c],0.001557,1.206766,,,,,
L2 vs L3,L2,L3,MAR10392,"Transport of Oxaloacetate, Proton Symport",Extracellular transport,1.0,0.0,0.0,,,-1.899211,3.164047,0.6002,1,26,27,L2,,H+[c] + OAA[c] <=> H+[e] + OAA[e],2.011106,0.111895,,,,,
L2 vs L3,L2,L3,MAR10438,Exchange of Oxaloacetate,Exchange/demand reactions,1.0,0.0,0.0,,,-1.899211,3.164047,0.6002,1,27,28,L2,,OAA[e] <=> ,2.011106,0.111895,,,,,
L2 vs L3,L2,L3,MAR04922,CO2 transport  diffusion   mitochondrial,Mitochondrial transport,1.0,0.0,0.0,,,-0.640872,1.154646,0.555,1,32,33,L2,,CO2[c] <=> CO2[m],0.651704,0.010832,,,,,
L2 vs L3,L2,L3,MAR04898,O2 transport  diffusion ,Mitochondrial transport,1.0,0.0,0.0,,,-0.962659,1.848588,0.5208,1,33,34,L2,,O2[c] <=> O2[m],1.017571,0.054911,,,,,
L2 vs L3,L2,L3,MAR06914,ferrocytochrome-c:oxygen oxidoreductase,Oxidative phosphorylation,1.0,0.0,0.0,,,-0.960992,1.84692,0.5203,1,34,35,L2,,4 ferrocytochrome C[m] + 8 H+[m] + O2[m] => 4 ferricytochrome C[m] + 2 H2O[m] + 4 H+[i],1.015006,0.054014,,,,,
L2 vs L3,L2,L3,MAR06918,ubiquinol:ferricytochrome-c oxidoreductase,Oxidative phosphorylation,1.0,0.0,0.0,,,-1.921983,3.69384,0.5203,1,35,36,L2,,2 ferricytochrome C[m] + 2 H+[m] + ubiquinol[m] => 2 ferrocytochrome C[m] + ubiquinone[m] + 4 H+[i],2.030012,0.108028,,,,,
L2 vs L3,L2,L3,MAR04652,succinate:quinone oxidoreductase,Tricarboxylic acid cycle and glyoxylate/dicarboxylate metabolism,1.0,0.0,0.0,,,0.498339,1.057449,0.4713,1,39,40,L3,,fumarate[m] + ubiquinol[m] <=> succinate[m] + ubiquinone[m],-0.601189,-0.10285,,,,,
L2 vs L3,L2,L3,MAR04103,GTP:oxaloacetate carboxy-lyase (adding GTP,Pyruvate metabolism,1.0,0.0,0.0,,,0.433247,1.042241,0.4157,1,53,54,L3,,GTP[m] + OAA[m] <=> CO2[m] + GDP[m] + PEP[m],-0.651704,-0.218458,,,,,
L2 vs L3,L2,L3,MAR06298,,Mitochondrial transport,1.0,0.0,0.0,,,-0.433247,1.042241,0.4157,1,54,55,L2,,cis-aconitate[m] + PEP[c] <=> cis-aconitate[c] + PEP[m],0.651704,0.218458,,,,,
L2 vs L3,L2,L3,MAR09112,Transport of Phosphoenolpyruvate,Extracellular transport,1.0,0.0,0.0,,,0.432454,1.041782,0.4151,1,55,56,L3,,HCO3-[e] + PEP[c] <=> HCO3-[c] + PEP[e],-0.651704,-0.21925,,,,,
L2 vs L3,L2,L3,MAR09858,Exchange of Phosphoenolpyruvate,Exchange/demand reactions,1.0,0.0,0.0,,,0.432454,1.041782,0.4151,1,56,57,L3,,PEP[e] <=> ,-0.651704,-0.21925,,,,,
L2 vs L3,L2,L3,MAR01525,Bicarbonate Transport (HCl/ (Hcl/NaHCO3 Antiport),Extracellular transport,1.0,0.0,0.0,,,-0.432379,1.041707,0.4151,1,57,58,L2,,chloride[c] + H+[c] + HCO3-[e] + Na+[e] <=> chloride[e] + H+[e] + HCO3-[c] + Na+[c],0.651629,0.21925,,,,,
L2 vs L3,L2,L3,MAR04139,(S)-malate:NAD+ oxidoreductase,Tricarboxylic acid cycle and glyoxylate/dicarboxylate metabolism,0.999,0.0,0.0,,,1.814613,2.943053,0.6166,37,22,59,L3,,H+[c] + NADH[c] + OAA[c] <=> malate[c] + NAD+[c],-1.931869,-0.117255,,,,,
L2 vs L3,L2,L3,MAR04750,Uroporphyrinogen-III carboxy-lyase,Porphyrin metabolism,0.999,0.0,0.0,,,-0.084178,0.149384,0.5635,37,28,65,L2,,4 H+[c] + uroporphyrinogen III[c] => 4 CO2[c] + coproporphyrinogen III[c],0.084966,0.000788,,,,,
L2 vs L3,L2,L3,MAR04769,,Porphyrin metabolism,0.999,0.0,0.0,,,-0.084178,0.149384,0.5635,37,29,66,L2,,6 H+[c] + uroporphyrin I[c] <=> uroporphyrinogen III[c],0.084966,0.000788,,,,,
L2 vs L3,L2,L3,MAR11928,Assumed Passive Diffusion into Extracellular Space,Extracellular transport,0.999,0.0,0.0,,,0.084178,0.149384,0.5635,37,30,67,L3,,uroporphyrin I[c] <=> uroporphyrin I[e],-0.084966,-0.000788,,,,,
L2 vs L3,L2,L3,MAR11929,Exchange of Uroporphyrin I,Exchange/demand reactions,0.999,0.0,0.0,,,0.084178,0.149384,0.5635,37,31,68,L3,,uroporphyrin I[e] <=> ,-0.084966,-0.000788,,,,,
L2 vs L3,L2,L3,MAR04752,Coproporphyrinogen:oxygen oxidoreductase(decarboxylating),Porphyrin metabolism,0.999,0.0,0.0,,,-0.119553,0.27941,0.4279,37,40,77,L2,,coproporphyrinogen III[c] + 2 H+[c] + O2[c] => 2 CO2[c] + 2 H2O[c] + protoporphyrinogen IX[c],0.120341,0.000788,,,,,
L2 vs L3,L2,L3,MAR11316,Protoporphyrinogen Oxidase (Aerobic),Porphyrin metabolism,0.999,0.0,0.0,,,-0.119553,0.27941,0.4279,37,41,78,L2,,1.5 O2[c] + protoporphyrinogen IX[c] => 3 H2O[c] + protoporphyrin[c],0.120341,0.000788,,,,,
L2 vs L3,L2,L3,MAR09076,Fe2+ exchange,Exchange/demand reactions,0.999,0.0,0.0,,,0.119553,0.27941,0.4279,37,42,79,L3,,Fe2+[e] <=> ,-0.120341,-0.000788,,,,,
L2 vs L3,L2,L3,MAR05987,Iron  II  transport,Extracellular transport,0.999,0.0,0.0,,,-0.119553,0.27941,0.4279,37,43,80,L2,,Fe2+[e] + H+[e] => Fe2+[c] + H+[c],0.120341,0.000788,,,,,
L2 vs L3,L2,L3,MAR11318,Proton Diffusion,Extracellular transport,0.994,0.0,0.0,,,496.976539,1003.965963,0.495,49,38,87,L3,,H+[e] <=> H+[c],-498.285283,-1.308743,,,,,
L2 vs L3,L2,L3,MAR04002,ATP:AMP phosphotransferase,Purine metabolism,0.979,0.0,0.0,,,0.336905,0.660927,0.5097,53,36,89,L3,,2 ADP[c] <=> AMP[c] + ATP[c],-0.417335,-0.080431,,,,,
L2 vs L3,L2,L3,MAR07735,Heme transport,Extracellular transport,0.996,0.0,0.0,,,-0.118573,0.278429,0.4259,46,44,90,L2,,heme[c] <=> heme[e],0.118833,0.00026,,,,,
L2 vs L3,L2,L3,MAR09107,Protoheme exchange,Exchange/demand reactions,0.996,0.0,0.0,,,-0.118573,0.278429,0.4259,46,45,91,L2,,heme[e] <=> ,0.118833,0.00026,,,,,
L2 vs L3,L2,L3,MAR11406,"Ferrochelatase, Cytosol",Porphyrin metabolism,0.996,0.0,0.0,,,-0.118573,0.278429,0.4259,46,46,92,L2,,Fe2+[c] + protoporphyrin[c] => 2 H+[c] + heme[c],0.118833,0.00026,,,,,
L2 vs L3,L2,L3,MAR09044,L-Threonine exchange,Exchange/demand reactions,0.946,0.0,0.0,,,0.011183,0.022215,0.5034,56,37,93,L3,,threonine[e] <=> ,-0.028734,-0.017551,,,,,
L2 vs L3,L2,L3,MAR03980,hydrogen-peroxide:hydrogen-peroxide oxidoreductase,ROS detoxification,0.994,0.0,0.0,,,-0.957889,2.642844,0.3624,49,65,114,L2,,2 H2O2[c] => 2 H2O[c] + O2[c],1.348784,0.390895,,,,,
L2 vs L3,L2,L3,MAR04855,Fumarate/malate antiporter (mitochondrial),Mitochondrial transport,0.916,0.0,0.0,,,-313.275909,789.353489,0.3969,57,59,116,L2,,fumarate[c] + malate[m] <=> fumarate[m] + malate[c],313.173059,-0.10285,,,,,
L2 vs L3,L2,L3,MAR02351,Facilitated diffusion of phosphate (c to e),Extracellular transport,0.896,0.0,0.0,,,1.397286,3.469812,0.4027,58,58,116,L3,,Pi[c] => Pi[e],0.583072,1.980358,,,,,
L2 vs L3,L2,L3,MAR09062,L-Asparagine exchange,Exchange/demand reactions,0.991,0.0,0.0,,,0.042757,0.120038,0.3562,51,67,118,L3,,asparagine[e] <=> ,-0.05642,-0.013663,,,,,
L2 vs L3,L2,L3,MAR09872,Asparagine Transport by B0At3,Extracellular transport,0.991,0.0,0.0,,,-0.042757,0.120038,0.3562,51,68,119,L2,,asparagine[e] + chloride[e] + Na+[e] => asparagine[c] + chloride[c] + Na+[c],0.05642,0.013663,,,,,
L2 vs L3,L2,L3,MAR04368,ATP:3-phospho-D-glycerate 1-phosphotransferase,Glycolysis / Gluconeogenesis,0.844,0.0,0.0,,,0.486866,1.167743,0.4169,72,49,121,L3,,"1,3-bisphospho-D-glycerate[c] + ADP[c] <=> 3-phospho-D-glycerate[c] + ATP[c]",0.242274,0.72914,,,,,
L2 vs L3,L2,L3,MAR09836,Transport of 3-Phospho-D-Glycerate,Extracellular transport,0.844,0.0,0.0,,,-0.486866,1.167743,0.4169,72,50,122,L2,,3-phospho-D-glycerate[e] <=> 3-phospho-D-glycerate[c],-0.242274,-0.72914,,,,,
L2 vs L3,L2,L3,MAR09862,Exchange of 3-Phospho-D-Glycerate,Exchange/demand reactions,0.844,0.0,0.0,,,0.486866,1.167743,0.4169,72,51,123,L3,,3-phospho-D-glycerate[e] <=> ,0.242274,0.72914,,,,,
L2 vs L3,L2,L3,MAR03977,diphosphate phosphohydrolase,Oxidative phosphorylation,0.872,0.0,0.0,,,-0.196732,0.499392,0.3939,63,61,124,L2,,H2O[c] + PPi[c] => H+[c] + 2 Pi[c],0.350398,0.153666,,,,,
L2 vs L3,L2,L3,MAR04373,D-glyceraldehyde-3-phosphate:NAD+ oxidoreductase (phosphorylating),Glycolysis / Gluconeogenesis,0.844,0.0,0.0,,,-0.486866,1.167743,0.4169,72,52,124,L2,,"1,3-bisphospho-D-glycerate[c] + H+[c] + NADH[c] <=> D-glyceraldehyde 3-phosphate[c] + NAD+[c] + Pi[c]",-0.242274,-0.72914,,,,,
L2 vs L3,L2,L3,MAR09892,Leucine Transport by B0At3,Extracellular transport,0.974,0.0,0.0,,,-0.26864,0.758762,0.3541,54,71,125,L2,,chloride[e] + leucine[e] + Na+[e] => chloride[c] + leucine[c] + Na+[c],0.285336,0.016696,,,,,
L2 vs L3,L2,L3,MAR09891,Iso-Leucine Transport by B0At3,Extracellular transport,0.776,1.0834760445580569e-297,1.9423290067077365e-297,,,-0.007226,0.017319,0.4172,81,47,128,L2,,chloride[e] + isoleucine[e] + Na+[e] => chloride[c] + isoleucine[c] + Na+[c],0.021666,0.01444,,,,,
L2 vs L3,L2,L3,MAR09047,H2O exchange,Exchange/demand reactions,0.878,0.0,0.0,,,-3.812723,10.645079,0.3582,62,66,128,L2,,H2O[e] <=> ,3.799802,-0.012921,,,,,
L2 vs L3,L2,L3,MAR09039,L-Isoleucine exchange,Exchange/demand reactions,0.776,1.0834760445580569e-297,1.9423290067077365e-297,,,0.007226,0.017319,0.4172,81,48,129,L3,,isoleucine[e] <=> ,-0.021666,-0.01444,,,,,
L2 vs L3,L2,L3,MAR09242,Type IIIAb exchange,Exchange/demand reactions,0.871,0.0,0.0,,,-0.702084,2.042975,0.3437,64,72,136,L2,,acetaldehyde[e] <=> ,0.242108,-0.459975,,,,,
L2 vs L3,L2,L3,MAR04948,Acetaldehyde reversible transport,Extracellular transport,0.871,0.0,0.0,,,-0.702084,2.042975,0.3437,64,73,137,L2,,acetaldehyde[c] <=> acetaldehyde[e],0.242108,-0.459975,,,,,
L2 vs L3,L2,L3,MAR04710,"2-deoxy-D-ribose 1-phosphate 1,5-phosphomutase",Pentose phosphate pathway,0.871,0.0,0.0,,,-0.702084,2.042975,0.3437,64,74,138,L2,,2-deoxy-D-ribose-1-phosphate[c] <=> 2-deoxy-D-ribose-5-phosphate[c],0.242108,-0.459975,,,,,
L2 vs L3,L2,L3,MAR09383,Octadecanoate (n-C18:0) exchange,Exchange/demand reactions,0.846,0.0,0.0,,,1.491046,4.211032,0.3541,70,69,139,L3,,O2-[e] <=> ,-1.824037,-0.332991,,,,,
L2 vs L3,L2,L3,MAR00758,acyl-CoA:sphingosine N-acyltransferase,Sphingolipid metabolism,0.798,5.34562e-318,1.0205277e-317,,,-0.005218,0.013494,0.3867,77,62,139,L2,,ceramide pool[c] + CoA[c] + H+[c] => sphingosine[c] + acyl-CoA pool[c],0.017624,0.012406,,,,,
L2 vs L3,L2,L3,MAR04398,2-deoxy-D-ribose-5-phosphate acetaldehyde-lyase (D-glyceraldehyde-3-phosphate-forming),Pentose phosphate pathway,0.871,0.0,0.0,,,-0.702084,2.042975,0.3437,64,75,139,L2,,2-deoxy-D-ribose-5-phosphate[c] <=> acetaldehyde[c] + D-glyceraldehyde 3-phosphate[c],0.242108,-0.459975,,,,,
L2 vs L3,L2,L3,MAR11947,Exchange of Sphingosine,Exchange/demand reactions,0.798,5.34562e-318,9.94692e-318,,,-0.005218,0.013494,0.3867,77,63,140,L2,,sphingosine[e] <=> ,0.017624,0.012406,,,,,
L2 vs L3,L2,L3,MAR03959,Superoxide anion transport via diffusion (extracellular),Extracellular transport,0.846,0.0,0.0,,,1.491046,4.211032,0.3541,70,70,140,L3,,O2-[c] <=> O2-[e],-1.824037,-0.332991,,,,,
L2 vs L3,L2,L3,MAR09040,L-Leucine exchange,Exchange/demand reactions,0.789,1.475594015696813e-309,2.711404003842896e-309,,,0.011293,0.028651,0.3942,80,60,140,L3,,leucine[e] <=> ,-0.05184,-0.040547,,,,,
L2 vs L3,L2,L3,MAR09641,Transport of sphingosine (c to e),Extracellular transport,0.798,5.34562e-318,9.94692e-318,,,-0.005218,0.013494,0.3867,77,64,141,L2,,sphingosine[c] <=> sphingosine[e],0.017624,0.012406,,,,,
L2 vs L3,L2,L3,MAR11400,Exchange of Fumarate,Exchange/demand reactions,0.87,0.0,0.0,,,0.939612,2.848008,0.3299,68,76,144,L3,,fumarate[e] <=> ,-0.836762,0.10285,,,,,
L2 vs L3,L2,L3,MAR09828,Transport of Fumarate,Extracellular transport,0.87,0.0,0.0,,,-0.939612,2.848008,0.3299,68,77,145,L2,,fumarate[e] <=> fumarate[c],0.836762,-0.10285,,,,,
L2 vs L3,L2,L3,MAR04914,CoA transporter  mitochondrial   irreversible,Mitochondrial transport,0.965,0.0,0.0,,,0.056611,0.230955,0.2451,55,91,146,L3,,CoA[c] <=> CoA[m],-0.059313,-0.002702,,,,,
L2 vs L3,L2,L3,MAR06912,diphosphate phosphohydrolase,Oxidative phosphorylation,0.893,0.0,0.0,,,-0.132318,0.498953,0.2652,59,89,148,L2,,H2O[m] + PPi[m] => H+[m] + 2 Pi[m],0.15681,0.024492,,,,,
L2 vs L3,L2,L3,MAR06295,,Mitochondrial transport,0.89,0.0,0.0,,,-0.453276,1.632836,0.2776,60,88,148,L2,,cis-aconitate[c] + H+[c] + malate[m] => cis-aconitate[m] + H+[m] + malate[c],0.671733,0.218458,,,,,
L2 vs L3,L2,L3,MAR08987,"Diphopshate Transporter, Mitochondrial",Mitochondrial transport,0.88,0.0,0.0,,,-0.129312,0.498893,0.2592,61,90,151,L2,,PPi[c] <=> PPi[m],0.151787,0.022474,,,,,
L2 vs L3,L2,L3,MAR06328,ATP:ADP phosphatransferase,Mitochondrial transport,0.838,0.0,0.0,,,458.573074,1873.548132,0.2448,76,92,168,L3,,ADP[c] + ATP[m] <=> ADP[m] + ATP[c],-458.368307,0.204768,,,,,
L2 vs L3,L2,L3,MAR05308,L-glutamine reversible transport via sodium symport,Extracellular transport,0.593,1.4468724221520386e-163,2.2388446953299958e-163,,,-0.006289,0.020125,0.3125,94,81,175,L2,,glutamine[e] + Na+[e] => glutamine[c] + Na+[c],0.024724,0.018435,,,,,
L2 vs L3,L2,L3,MAR09063,L-Glutamine exchange,Exchange/demand reactions,0.593,1.4468724221520386e-163,2.2388446953299958e-163,,,0.006289,0.020125,0.3125,94,82,176,L3,,glutamine[e] <=> ,-0.024724,-0.018435,,,,,
L2 vs L3,L2,L3,MAR00061,Acetate Mitochondrial Transport via Proton Symport,Mitochondrial transport,0.558,1.2169340874898888e-143,1.806962735969835e-143,,,-0.049805,0.159975,0.3113,98,83,181,L2,,acetate[c] + H+[c] <=> acetate[m] + H+[m],-0.069433,-0.119239,,,,,
L2 vs L3,L2,L3,MAR09952,Hydrolysis of Acetyl-Lysine,Lysine metabolism,0.558,1.2169340874898888e-143,1.7538167731471928e-143,,,-0.049805,0.159975,0.3113,98,84,182,L2,,H2O[c] + Acetyl-L-Lysine[c] <=> acetate[c] + lysine[c],-0.069433,-0.119239,,,,,
L2 vs L3,L2,L3,MAR09996,"Transport of Acetyl-Lysine, Extracellular",Extracellular transport,0.558,1.2169340874898888e-143,1.7538167731471928e-143,,,0.049805,0.159975,0.3113,98,85,183,L3,,Acetyl-L-Lysine[c] <=> Acetyl-L-Lysine[e],0.069433,0.119239,,,,,
L2 vs L3,L2,L3,MAR20137,MAR20137,Mitochondrial transport,0.753,1.3704064925662905e-277,2.398211361991009e-277,,,0.202544,0.948068,0.2136,84,99,183,L3,,CTP[c] + GTP[m] <=> CTP[m] + GTP[c],0.002903,0.205447,,,,,
L2 vs L3,L2,L3,MAR04453,Xanthosine-5'-phosphate:ammonia ligase (AMP-forming),Purine metabolism,0.55,2.6270185242115367e-139,3.609081523916784e-139,,,-0.000784,0.002407,0.3256,105,78,183,L2,,ATP[c] + NH3[c] + xanthosine-5-phosphate[c] => AMP[c] + GMP[c] + H+[c] + PPi[c],0.002903,0.002119,,,,,
L2 vs L3,L2,L3,MAR09071,L-Glutamate exchange,Exchange/demand reactions,0.712,2.4605561027288842e-244,4.110247126149386e-244,,,0.033898,0.157603,0.2151,87,97,184,L3,,glutamate[e] <=> ,-0.054704,-0.020806,,,,,
L2 vs L3,L2,L3,MAR09834,Transport of XMP,Extracellular transport,0.55,2.6270185242115367e-139,3.6431294628216595e-139,,,-0.000784,0.002407,0.3256,105,79,184,L2,,xanthosine-5-phosphate[e] <=> xanthosine-5-phosphate[c],0.002903,0.002119,,,,,
L2 vs L3,L2,L3,MAR10197,Exchange of Acetyl-Lysine,Exchange/demand reactions,0.558,1.2169340874898888e-143,1.7538167731471928e-143,,,0.049805,0.159975,0.3113,98,86,184,L3,,Acetyl-L-Lysine[e] <=> ,0.069433,0.119239,,,,,
L2 vs L3,L2,L3,MAR09888,Glutamate Transport by B0At3,Extracellular transport,0.712,2.4605561027288842e-244,4.110247126149386e-244,,,-0.033898,0.157603,0.2151,87,98,185,L2,,chloride[e] + glutamate[e] + Na+[e] => chloride[c] + glutamate[c] + Na+[c],0.054704,0.020806,,,,,
L2 vs L3,L2,L3,MAR09860,Exchange of Xanthylic Acid,Exchange/demand reactions,0.55,2.6270185242115367e-139,3.609081523916784e-139,,,0.000784,0.002407,0.3256,105,80,185,L3,,xanthosine-5-phosphate[e] <=> ,-0.002903,-0.002119,,,,,
L2 vs L3,L2,L3,ASCTm,Acetate:succinate CoA-transferase,,0.558,1.2169340874898888e-143,1.7538167731471928e-143,,,0.049805,0.159975,0.3113,98,87,185,L3,,succinate[m] + acetyl-CoA[m] => succinyl-CoA[m] + acetate[m],0.069433,0.119239,,,,,
L2 vs L3,L2,L3,MAR04135,ATP:GMP phosphotransferase,Purine metabolism,0.752,9.6867846026964e-277,1.655764344879501e-276,,,-0.201991,0.947694,0.2131,85,100,185,L2,,ADP[m] + GDP[m] <=> ATP[m] + GMP[m],-0.002903,-0.204894,,,,,
L2 vs L3,L2,L3,MAR20139,MAR20139,Mitochondrial transport,0.752,9.6867846026964e-277,1.655764344879501e-276,,,-0.201991,0.947694,0.2131,85,101,186,L2,,CTP[c] + GMP[m] <=> CTP[m] + GMP[c],-0.002903,-0.204894,,,,,
L2 vs L3,L2,L3,MAR08467,"Cytidylate kinase (CMP,UTP),nuclear",Nucleotide metabolism,0.775,8.552237578378263e-297,1.5146734024356684e-296,,,-347.353583,1896.631473,0.1831,83,105,188,L2,,CDP[c] + UDP[c] <=> CMP[c] + UTP[c],346.964492,-0.389091,,,,,
L2 vs L3,L2,L3,MAR09079,H+ exchange,Exchange/demand reactions,0.563,2.165237789572251e-146,3.3155203652825088e-146,,,2.982891,12.538105,0.2379,96,93,189,L3,,H+[e] <=> ,-1.563074,1.419816,,,,,
L2 vs L3,L2,L3,MAR08408,Hydrogen peroxide transport via diffusion,Extracellular transport,0.608,1.3338402043277707e-172,2.1083280649051865e-172,,,0.861384,5.308879,0.1623,93,106,199,L3,,H2O2[c] <=> H2O2[e],-1.283929,-0.422545,,,,,
L2 vs L3,L2,L3,MAR03789,"Transport of Methylmalonate, Mitochondrial",Mitochondrial transport,0.655,5.812893771540641e-203,9.390059169411799e-203,,,-0.10117,0.780353,0.1296,89,112,201,L2,,methylmalonate[c] <=> methylmalonate[m],0.20402,0.10285,,,,,
L2 vs L3,L2,L3,MAR03763,(S)-Methylmalonyl-CoA hydrolase,"Valine, leucine, and isoleucine metabolism",0.655,5.812893771540641e-203,9.494393160183043e-203,,,-0.10117,0.780353,0.1296,89,113,202,L2,,CoA[m] + H+[m] + methylmalonate[m] => (R)-methylmalonyl-CoA[m] + H2O[m],0.20402,0.10285,,,,,
L2 vs L3,L2,L3,MAR10243,Exchange of Methylmalonate,Exchange/demand reactions,0.655,5.812893771540641e-203,9.287993308874715e-203,,,0.10117,0.780353,0.1296,89,114,203,L3,,methylmalonate[e] <=> ,-0.20402,-0.10285,,,,,
L2 vs L3,L2,L3,MAR04384,Exchange of N-Acylsphingosine,Exchange/demand reactions,0.53,8.104471438015003e-129,1.1031086123964864e-128,,,0.003383,0.014847,0.2279,108,95,203,L3,,ceramide pool[e] <=> ,-0.016974,-0.013591,,,,,
L2 vs L3,L2,L3,MAR12040,Ceramide Diffusion,Sphingolipid metabolism,0.53,8.104471438015003e-129,1.092988349897436e-128,,,-0.003383,0.014847,0.2279,108,96,204,L2,,ceramide pool[e] <=> ceramide pool[c],0.016974,0.013591,,,,,
L2 vs L3,L2,L3,MAR03215,(R)-Methylmalonyl-CoA CoA-carbonylmutase,"Valine, leucine, and isoleucine metabolism",0.655,5.812893771540641e-203,9.494393160183043e-203,,,-0.10117,0.780353,0.1296,89,115,204,L2,,(R)-methylmalonyl-CoA[m] <=> succinyl-CoA[m],0.20402,0.10285,,,,,
L2 vs L3,L2,L3,MAR07638,Uncoupling protein,Mitochondrial transport,0.562,7.726636221692759e-146,1.1709438397823045e-145,,,0.208882,1.298891,0.1608,97,107,204,L3,,H+[c] => H+[m],0.189948,0.398831,,,,,
L2 vs L3,L2,L3,MAR09072,Phosphate exchange,Exchange/demand reactions,0.394,1.1400715982144688e-69,1.4831019905975834e-69,,,1.596727,7.007019,0.2279,113,94,207,L3,,Pi[e] <=> ,0.741858,2.338586,,,,,
L2 vs L3,L2,L3,MAR05071,LYStiDF,Extracellular transport,0.361,2.725102816281072e-58,3.483392295594066e-58,,,0.034674,0.163782,0.2117,115,102,217,L3,,lysine[e] => lysine[c],0.11525,0.149924,,,,,
L2 vs L3,L2,L3,MAR09041,L-Lysine exchange,Exchange/demand reactions,0.361,2.725102816281072e-58,3.45336305166653e-58,,,-0.034674,0.163782,0.2117,115,103,218,L2,,lysine[e] <=> ,-0.11525,-0.149924,,,,,
L2 vs L3,L2,L3,MAR10366,"Transport of Methylmalonate, Antiport with Phsophate",Extracellular transport,0.338,5.2613213404665563e-51,6.554357941089692e-51,,,-0.169323,0.85979,0.1969,118,104,222,L2,,methylmalonate[c] + Pi[e] <=> Pi[c] + methylmalonate[e],-0.20402,-0.373343,,,,,
L2 vs L3,L2,L3,MAR04152,Succinate:CoA ligase (ADP-forming),Tricarboxylic acid cycle and glyoxylate/dicarboxylate metabolism,0.555,5.247905518140089e-142,7.417712607371087e-142,,,-14.597304,338.678113,0.0431,103,124,227,L2,,ADP[m] + Pi[m] + succinyl-CoA[m] <=> ATP[m] + CoA[m] + succinate[m],14.812241,0.214937,,,,,
L2 vs L3,L2,L3,MAR00628,Exchange of Lysophosphatidylcholine,Exchange/demand reactions,0.263,8.329499266785476e-31,1.011930902659062e-30,,,0.001207,0.007929,0.1522,119,108,227,L3,,2-lysolecithin pool[e] <=> ,-0.008199,-0.006992,,,,,
L2 vs L3,L2,L3,MAR02194,octadecanoyl-CoA:NADP+ trans-2-oxidoreductase,Fatty acid elongation (even-chain),0.526,8.875311720971046e-127,1.1753791198042735e-126,,,-0.116605,1.243355,0.0938,110,117,227,L2,,(2E)-octadecenoyl-CoA[c] + H+[c] + NADPH[c] => NADP+[c] + stearoyl-CoA[c],0.4463,0.329695,,,,,
L2 vs L3,L2,L3,MAR04147,Succinate:CoA ligase (GDP-forming),Tricarboxylic acid cycle and glyoxylate/dicarboxylate metabolism,0.555,5.247905518140089e-142,7.417712607371087e-142,,,-14.456842,338.666462,0.0427,103,125,228,L2,,CoA[m] + GTP[m] + succinate[m] <=> GDP[m] + Pi[m] + succinyl-CoA[m],14.457451,0.000609,,,,,
L2 vs L3,L2,L3,MAR08619,Ascorbic acid oxidase,Ascorbate and aldarate metabolism,0.397,9.279851616544992e-71,1.21798052467153e-70,,,-0.177328,1.857931,0.0954,112,116,228,L2,,ascorbate[c] + 2 H+[c] + 2 O2-[c] => dehydroascorbic acid[c] + 2 H2O2[c],0.343823,0.166496,,,,,
L2 vs L3,L2,L3,MAR09354,EX hco3 LPAREN e RPAREN ,Exchange/demand reactions,0.359,1.2295379067920272e-57,1.5448040367387006e-57,,,0.908535,6.767472,0.1343,117,111,228,L3,,H2O2[e] <=> ,-1.248922,-0.340387,,,,,
L2 vs L3,L2,L3,MAR00148,Stearoyl Coenzyme A Desaturase (N-C18:0CoA -> N-C18:1CoA),Fatty acid biosynthesis,0.526,8.875311720971046e-127,1.1860643845297672e-126,,,-0.116605,1.243355,0.0938,110,118,228,L2,,H+[c] + NADH[c] + O2[c] + stearoyl-CoA[c] => (2E)-octadecenoyl-CoA[c] + 2 H2O[c] + NAD+[c],0.4463,0.329695,,,,,
L2 vs L3,L2,L3,MAR01499,Lysophosphatidylcholine Transport,Extracellular transport,0.263,8.329499266785476e-31,1.011930902659062e-30,,,-0.001207,0.007929,0.1522,119,109,228,L2,,2-lysolecithin pool[e] <=> 2-lysolecithin pool[c],0.008199,0.006992,,,,,
L2 vs L3,L2,L3,MAR00632,Acyl-CoA:1-acyl-sn-glycero-3-phosphocholine O-acyltransferase,Glycerophospholipid metabolism,0.263,8.329499266785476e-31,1.011930902659062e-30,,,-0.001206,0.007929,0.1521,119,110,229,L2,,2-lysolecithin pool[c] + acyl-CoA pool[c] => CoA[c] + PC-LD pool[c],0.008198,0.006992,,,,,
L2 vs L3,L2,L3,MAR04024,ATP:CMP phosphotransferase,Nucleotide metabolism,0.232,5.2872626555366924e-24,6.217820882911149e-24,,,172.610813,1978.720933,0.0872,125,119,244,L3,,ADP[c] + CDP[c] <=> ATP[c] + CMP[c],-175.241944,-2.631131,,,,,
L2 vs L3,L2,L3,MAR10023,Transport of biomass (c to e),Extracellular transport,0.24,1.1289850689115942e-25,1.3383935897580997e-25,,,-0.002236,0.046113,0.0485,123,122,245,L2,,biomass[c] => biomass[e],0.040327,0.038091,,,,,
L2 vs L3,L2,L3,MAR10024,Exchange of biomass,Exchange/demand reactions,0.24,1.1289850689115942e-25,1.3383935897580997e-25,,,-0.002236,0.046113,0.0485,123,123,246,L2,,biomass[e] <=> ,0.040327,0.038091,,,,,
L2 vs L3,L2,L3,MAR00569,Exchange of ATP,Exchange/demand reactions,0.122,6.669830320596686e-07,7.542038900982406e-07,,,-0.041437,0.581368,0.0713,129,120,249,L2,,ATP[e] <=> ,-0.273147,-0.314584,,,,,
L2 vs L3,L2,L3,MAR05303,,Extracellular transport,0.122,6.669830320596686e-07,7.542038900982406e-07,,,-0.041437,0.581368,0.0713,129,121,250,L2,,ATP[c] <=> ATP[e],-0.273147,-0.314584,,,,,
L2 vs L3,L2,L3,MAR00656,Exchange of Phosphatidylethanolamine,Exchange/demand reactions,0.226,8.66144540069212e-23,1.0025452550407414e-22,,,9.2e-05,0.002553,0.0361,126,128,254,L3,,PE-LD pool[e] <=> ,-0.002227,-0.002135,,,,,
L2 vs L3,L2,L3,MAR01601,Phosphatidylethanolamine Transport,Extracellular transport,0.226,8.66144540069212e-23,1.0025452550407414e-22,,,-9.2e-05,0.002553,0.0361,126,129,255,L2,,PE-LD pool[e] <=> PE-LD pool[c],0.002227,0.002135,,,,,
L2 vs L3,L2,L3,MAR04141,(S)-malate:NAD+ oxidoreductase,Tricarboxylic acid cycle and glyoxylate/dicarboxylate metabolism,0.369,5.9973031826762516e-61,7.733364630293062e-61,,,0.012082,0.684653,0.0176,114,143,257,L3,,H+[m] + NADH[m] + OAA[m] <=> malate[m] + NAD+[m],0.105166,0.117248,,,,,
L2 vs L3,L2,L3,MAR08486,adenosine:phosphate alpha-D-ribosyltransferase,Nucleotide metabolism,0.119,1.378744592806464e-06,1.5354201147162897e-06,,,0.017644,0.439182,0.0402,131,126,257,L3,,adenosine[c] + Pi[c] <=> adenine[c] + ribose-1-phosphate[c],0.075648,0.093292,,,,,
L2 vs L3,L2,L3,MAR04413,Generic Human Biomass Reaction,Artificial reactions,0.26,4.148242783943996e-30,4.998292534752192e-30,,,-0.001256,0.046113,0.0272,122,135,257,L2,,0.505626 alanine[c] + 0.35926 arginine[c] + 0.279425 asparagine[c] + 0.352607 aspartate[c] + 20.7045 ATP[c] + 0.020401 cholesterol[c] + 0.011658 CL pool[c] + 0.039036 CTP[c] + 0.046571 cysteine[c] + 0.013183 dATP[n] + 0.009442 dCTP[n] + 0.009898 dGTP[n] + 0.013091 dTTP[n] + 0.275194 glucose-6-phosphate[c] + 0.385872 glutamate[c] + 0.325996 glutamine[c] + 0.538891 glycine[c] + 0.036117 GTP[c] + 20.6508 H2O[c] + 0.126406 histidine[c] + 0.286078 isoleucine[c] + 0.545544 leucine[c] + 0.592114 lysine[c] + 0.153018 methionine[c] + 0.154463 PC-LD pool[c] + 0.055374 PE-LD pool[c] + 0.259466 phenylalanine[c] + 0.023315 PI pool[c] + 0.412484 proline[c] + 0.005829 PS-LD pool[c] + 0.392525 serine[c] + 0.017486 SM pool[c] + 0.31269 threonine[c] + 0.013306 tryptophan[c] + 0.159671 tyrosine[c] + 0.053446 UTP[c] + 0.352607 valine[c] + 0.002914 PG-CL pool[c] => 20.6508 ADP[c] + 20.6508 H+[c] + 20.6508 Pi[c] + biomass[c],0.038819,0.037563,,,,,
L2 vs L3,L2,L3,MAR04010,adenosine 5'-monophosphate phosphohydrolase,Purine metabolism,0.119,1.378744592806464e-06,1.5471408789507649e-06,,,0.017644,0.439182,0.0402,131,127,258,L3,,AMP[c] + H2O[c] => adenosine[c] + Pi[c],0.075648,0.093292,,,,,
L2 vs L3,L2,L3,MAR09253,ADPribose 2'-phosphate exchange,Exchange/demand reactions,0.099,0.0001095638770704,0.0001201932084279,,,0.01408,0.443959,0.0317,133,130,263,L3,,adenine[e] <=> ,0.075648,0.089728,,,,,
L2 vs L3,L2,L3,MAR04008,ATP:UMP phosphotransferase,Pyrimidine metabolism,0.15,3.143161402242108e-10,3.6097244228874207e-10,,,49.018241,1867.17586,0.0263,128,136,264,L3,,ADP[c] + UDP[c] <=> ATP[c] + UMP[c],-45.723436,3.294805,,,,,
L2 vs L3,L2,L3,MAR04847,Adenine transport via diffusion,Extracellular transport,0.099,0.0001095638770704,0.000121096916762,,,0.01408,0.443959,0.0317,133,131,264,L3,,adenine[c] <=> adenine[e],0.075648,0.089728,,,,,
L2 vs L3,L2,L3,MAR09255,Adrenic acid exchange,Exchange/demand reactions,0.06,0.0546266651070152,0.057357998362366,,,0.014328,0.575025,0.0249,139,137,276,L3,,ADP[e] <=> ,0.164692,0.17902,,,,,
L2 vs L3,L2,L3,MAR09108,Exchange of dihydroneopterin,Exchange/demand reactions,0.034,0.6101664688189142,0.6101664688189142,,,0.038114,1.332576,0.0286,145,132,277,L3,,dihydroneopterin[e] <=> ,-0.033807,0.004307,,,,,
L2 vs L3,L2,L3,MAR07781,Adp exchange,Extracellular transport,0.06,0.0546266651070152,0.0577706458325988,,,0.014328,0.575025,0.0249,139,138,277,L3,,ADP[c] => ADP[e],0.164692,0.17902,,,,,
L2 vs L3,L2,L3,MAR02186,"2-Amino-4-Hydroxy-6- (Erythro-1, 2, 3-Trihydroxypropyl) Dihydropteridine Triphosphate Phosphohydrolase (Alkaline Optimum)",Miscellaneous,0.034,0.6101664688189142,0.6143456912080849,,,0.038114,1.332576,0.0286,145,133,278,L3,,"3 H2O[e] + 6-[(1S,2R)-1,2-dihydroxy-3-triphosphooxypropyl]-7,8-dihydropterin[e] <=> dihydroneopterin[e] + 2 H+[e] + 3 Pi[e]",-0.033807,0.004307,,,,,
L2 vs L3,L2,L3,MAR01871,"Exchange of 7, 8-Dihydroneopterin 3-Triphosphate",Exchange/demand reactions,0.034,0.6101664688189142,0.6143456912080849,,,-0.038114,1.332576,0.0286,145,134,279,L2,,"6-[(1S,2R)-1,2-dihydroxy-3-triphosphooxypropyl]-7,8-dihydropterin[e] <=> ",0.033807,-0.004307,,,,,
L2 vs L3,L2,L3,MAR09406,R total exchange,Exchange/demand reactions,0.091,0.0005028776494501,0.0005356740178925,,,-0.029324,1.793269,0.0164,135,144,279,L2,,ribose[e] <=> ,-0.944438,-0.973762,,,,,
L2 vs L3,L2,L3,MAR04958,D-ribose transport via diffusion,Extracellular transport,0.091,0.0005028776494501,0.0005395840472202,,,-0.029324,1.793269,0.0164,135,145,280,L2,,ribose[c] <=> ribose[e],-0.944438,-0.973762,,,,,
L2 vs L3,L2,L3,MAR09075,Uridine exchange,Exchange/demand reactions,0.035,0.5728904395829821,0.5889153469839048,,,-0.062282,2.697587,0.0231,141,139,280,L2,,urate[e] <=> ,0.129569,0.067288,,,,,
L2 vs L3,L2,L3,MAR04354,"D-Ribose 1,5-phosphomutase",Pentose phosphate pathway,0.091,0.0005028776494501,0.0005395840472202,,,-0.029324,1.793269,0.0164,135,146,281,L2,,ribose-1-phosphate[c] <=> ribose-5-phosphate[c],-0.944438,-0.973762,,,,,
L2 vs L3,L2,L3,MAR04392,Exchange of Alloxan,Exchange/demand reactions,0.035,0.5728904395829821,0.5972687561609814,,,0.062282,2.697587,0.0231,141,140,281,L3,,alloxan[e] <=> ,-0.129569,-0.067288,,,,,
L2 vs L3,L2,L3,MAR06603,,Purine metabolism,0.035,0.5728904395829821,0.5848256570742943,,,0.062282,2.697587,0.0231,141,141,282,L3,,H2O2[e] + urate[e] <=> alloxan[e] + 2 H+[e] + urea[e],-0.129569,-0.067288,,,,,
L2 vs L3,L2,L3,MAR04350,ATP:D-ribose 5-phosphotransferase,Pentose phosphate pathway,0.091,0.0005028776494501,0.0005395840472202,,,-0.029324,1.793269,0.0164,135,147,282,L2,,ADP[c] + H+[c] + ribose-5-phosphate[c] <=> ATP[c] + ribose[c],-0.944438,-0.973762,,,,,
L2 vs L3,L2,L3,MAR09438,UTP exchange,Exchange/demand reactions,0.035,0.5728904395829821,0.5848256570742943,,,0.062282,2.697587,0.0231,141,142,283,L3,,urea[e] <=> ,-0.129569,-0.067288,,,,,
L3 vs L4,L3,L4,MAR09067,Glycine exchange,Exchange/demand reactions,1.0,0.0,0.0,,,-0.049028,0.060014,0.8169,1,1,2,L3,yes,glycine[e] <=> ,,-0.005523,-0.054551,,,,
L3 vs L4,L3,L4,MAR03899,L-Alanine:2-oxoglutarate aminotransferase,"Alanine, aspartate and glutamate metabolism",1.0,0.0,0.0,,,-0.296603,0.406603,0.7295,1,2,3,L3,yes,AKG[c] + alanine[c] <=> glutamate[c] + pyruvate[c],,-0.001813,-0.298416,,,,
L3 vs L4,L3,L4,MAR04922,CO2 transport  diffusion   mitochondrial,Mitochondrial transport,1.0,0.0,0.0,,,-554.689576,802.039703,0.6916,1,3,4,L3,,CO2[c] <=> CO2[m],,0.010832,-554.678744,,,,
L3 vs L4,L3,L4,MAR04855,Fumarate/malate antiporter (mitochondrial),Mitochondrial transport,1.0,0.0,0.0,,,554.920361,802.687786,0.6913,1,4,5,L4,yes,fumarate[c] + malate[m] <=> fumarate[m] + malate[c],,-0.10285,554.817511,,,,
L3 vs L4,L3,L4,MAR04579,uridine:phosphate alpha-D-ribosyltransferase,Pyrimidine metabolism,1.0,0.0,0.0,,,1.43267,2.156149,0.6645,1,5,6,L4,yes,Pi[c] + uridine[c] <=> ribose-1-phosphate[c] + uracil[c],,-1.077702,0.354968,,,,
L3 vs L4,L3,L4,MAR09064,L-Tyrosine exchange,Exchange/demand reactions,1.0,0.0,0.0,,,-0.01105,0.017863,0.6186,1,6,7,L3,yes,tyrosine[e] <=> ,,-0.013914,-0.024964,,,,
L3 vs L4,L3,L4,MAR09038,L-Histidine exchange,Exchange/demand reactions,1.0,0.0,0.0,,,-0.008209,0.013603,0.6035,1,7,8,L3,,histidine[e] <=> ,,-0.00897,-0.017179,,,,
L3 vs L4,L3,L4,MAR04882,Uracil transport via facilated diffusion,Extracellular transport,1.0,0.0,0.0,,,1.272946,2.114184,0.6021,1,8,9,L4,,uracil[c] <=> uracil[e],,-1.077702,0.195244,,,,
L3 vs L4,L3,L4,MAR09437,Urea exchange,Exchange/demand reactions,1.0,0.0,0.0,,,1.272946,2.114184,0.6021,1,9,10,L4,,uracil[e] <=> ,,-1.077702,0.195244,,,,
L3 vs L4,L3,L4,MAR09042,L-Methionine exchange,Exchange/demand reactions,1.0,0.0,0.0,,,-0.00942,0.01595,0.5906,1,10,11,L3,,methionine[e] <=> ,,-0.012609,-0.022029,,,,
L3 vs L4,L3,L4,MAR09040,L-Leucine exchange,Exchange/demand reactions,1.0,0.0,0.0,,,-0.026487,0.049766,0.5322,1,13,14,L3,,leucine[e] <=> ,,-0.040547,-0.067034,,,,
L3 vs L4,L3,L4,MAR05068,Transport of arginine (e to c),Extracellular transport,1.0,0.0,0.0,,,0.016572,0.031902,0.5195,1,14,15,L4,,arginine[e] => arginine[c],,0.026161,0.042733,,,,
L3 vs L4,L3,L4,MAR09066,L-Arginine exchange,Exchange/demand reactions,1.0,0.0,0.0,,,-0.016572,0.031902,0.5195,1,15,16,L3,,arginine[e] <=> ,,-0.026161,-0.042733,,,,
L3 vs L4,L3,L4,MAR09046,L-Valine exchange,Exchange/demand reactions,1.0,0.0,0.0,,,-0.014092,0.029138,0.4836,1,16,17,L3,,valine[e] <=> ,,-0.024328,-0.03842,,,,
L3 vs L4,L3,L4,MAR04141,(S)-malate:NAD+ oxidoreductase,Tricarboxylic acid cycle and glyoxylate/dicarboxylate metabolism,1.0,0.0,0.0,,,-0.222345,0.472403,0.4707,1,19,20,L3,,H+[m] + NADH[m] + OAA[m] <=> malate[m] + NAD+[m],,0.117248,-0.105097,,,,
L3 vs L4,L3,L4,MAR04898,O2 transport  diffusion ,Mitochondrial transport,1.0,0.0,0.0,,,0.2838,0.709596,0.3999,1,33,34,L4,,O2[c] <=> O2[m],,0.054911,0.338712,,,,
L3 vs L4,L3,L4,MAR06918,ubiquinol:ferricytochrome-c oxidoreductase,Oxidative phosphorylation,1.0,0.0,0.0,,,0.502831,1.305735,0.3851,1,34,35,L4,,2 ferricytochrome C[m] + 2 H+[m] + ubiquinol[m] => 2 ferrocytochrome C[m] + ubiquinone[m] + 4 H+[i],,0.108028,0.61086,,,,
L3 vs L4,L3,L4,MAR06914,ferrocytochrome-c:oxygen oxidoreductase,Oxidative phosphorylation,1.0,0.0,0.0,,,0.251416,0.652867,0.3851,1,35,36,L4,,4 ferrocytochrome C[m] + 8 H+[m] + O2[m] => 4 ferricytochrome C[m] + 2 H2O[m] + 4 H+[i],,0.054014,0.30543,,,,
L3 vs L4,L3,L4,MAR11316,Protoporphyrinogen Oxidase (Aerobic),Porphyrin metabolism,0.999,0.0,0.0,,,0.074849,0.165799,0.4514,19,20,39,L4,,1.5 O2[c] + protoporphyrinogen IX[c] => 3 H2O[c] + protoporphyrin[c],,0.000788,0.075637,,,,
L3 vs L4,L3,L4,ASCTm,Acetate:succinate CoA-transferase,,0.993,0.0,0.0,,,0.21297,0.398688,0.5342,29,11,40,L4,,succinate[m] + acetyl-CoA[m] => succinyl-CoA[m] + acetate[m],,0.119239,0.332209,,,,
L3 vs L4,L3,L4,MAR04752,Coproporphyrinogen:oxygen oxidoreductase(decarboxylating),Porphyrin metabolism,0.999,0.0,0.0,,,0.074849,0.165799,0.4514,19,21,40,L4,,coproporphyrinogen III[c] + 2 H+[c] + O2[c] => 2 CO2[c] + 2 H2O[c] + protoporphyrinogen IX[c],,0.000788,0.075637,,,,
L3 vs L4,L3,L4,MAR09076,Fe2+ exchange,Exchange/demand reactions,0.999,0.0,0.0,,,-0.074849,0.165799,0.4514,19,22,41,L3,,Fe2+[e] <=> ,,-0.000788,-0.075637,,,,
L3 vs L4,L3,L4,MAR00061,Acetate Mitochondrial Transport via Proton Symport,Mitochondrial transport,0.993,0.0,0.0,,,-0.21297,0.398688,0.5342,29,12,41,L3,,acetate[c] + H+[c] <=> acetate[m] + H+[m],,-0.119239,-0.332209,,,,
L3 vs L4,L3,L4,MAR05987,Iron  II  transport,Extracellular transport,0.999,0.0,0.0,,,0.074849,0.165799,0.4514,19,23,42,L4,,Fe2+[e] + H+[e] => Fe2+[c] + H+[c],,0.000788,0.075637,,,,
L3 vs L4,L3,L4,MAR11406,"Ferrochelatase, Cytosol",Porphyrin metabolism,0.993,0.0,0.0,,,0.073998,0.164948,0.4486,29,24,53,L4,,Fe2+[c] + protoporphyrin[c] => 2 H+[c] + heme[c],,0.00026,0.074259,,,,
L3 vs L4,L3,L4,MAR06912,diphosphate phosphohydrolase,Oxidative phosphorylation,0.943,0.0,0.0,,,0.21895,0.456708,0.4794,37,17,54,L4,,H2O[m] + PPi[m] => H+[m] + 2 Pi[m],,0.024492,0.243442,,,,
L3 vs L4,L3,L4,MAR09107,Protoheme exchange,Exchange/demand reactions,0.993,0.0,0.0,,,0.073998,0.164948,0.4486,29,25,54,L4,,heme[e] <=> ,,0.00026,0.074259,,,,
L3 vs L4,L3,L4,MAR07735,Heme transport,Extracellular transport,0.993,0.0,0.0,,,0.073998,0.164948,0.4486,29,26,55,L4,,heme[c] <=> heme[e],,0.00026,0.074259,,,,
L3 vs L4,L3,L4,MAR08987,"Diphopshate Transporter, Mitochondrial",Mitochondrial transport,0.94,0.0,0.0,,,0.216608,0.456685,0.4743,38,18,56,L4,,PPi[c] <=> PPi[m],,0.022474,0.239083,,,,
L3 vs L4,L3,L4,MAR09069,L-Serine exchange,Exchange/demand reactions,0.977,0.0,0.0,,,-0.017158,0.041714,0.4113,35,28,63,L3,,serine[e] <=> ,,-0.03419,-0.051348,,,,
L3 vs L4,L3,L4,MAR04652,succinate:quinone oxidoreductase,Tricarboxylic acid cycle and glyoxylate/dicarboxylate metabolism,0.995,0.0,0.0,,,-0.427653,1.16879,0.3659,23,43,66,L3,,fumarate[m] + ubiquinol[m] <=> succinate[m] + ubiquinone[m],,-0.10285,-0.530503,,,,
L3 vs L4,L3,L4,MAR03215,(R)-Methylmalonyl-CoA CoA-carbonylmutase,"Valine, leucine, and isoleucine metabolism",0.995,0.0,0.0,,,0.427653,1.16879,0.3659,23,44,67,L4,,(R)-methylmalonyl-CoA[m] <=> succinyl-CoA[m],,0.10285,0.530503,,,,
L3 vs L4,L3,L4,MAR03789,"Transport of Methylmalonate, Mitochondrial",Mitochondrial transport,0.995,0.0,0.0,,,0.427653,1.16879,0.3659,23,45,68,L4,,methylmalonate[c] <=> methylmalonate[m],,0.10285,0.530503,,,,
L3 vs L4,L3,L4,MAR03763,(S)-Methylmalonyl-CoA hydrolase,"Valine, leucine, and isoleucine metabolism",0.995,0.0,0.0,,,0.427653,1.16879,0.3659,23,46,69,L4,,CoA[m] + H+[m] + methylmalonate[m] => (R)-methylmalonyl-CoA[m] + H2O[m],,0.10285,0.530503,,,,
L3 vs L4,L3,L4,MAR10243,Exchange of Methylmalonate,Exchange/demand reactions,0.995,0.0,0.0,,,-0.427653,1.16879,0.3659,23,47,70,L3,,methylmalonate[e] <=> ,,-0.10285,-0.530503,,,,
L3 vs L4,L3,L4,MAR04398,2-deoxy-D-ribose-5-phosphate acetaldehyde-lyase (D-glyceraldehyde-3-phosphate-forming),Pentose phosphate pathway,0.854,0.0,0.0,,,0.729787,1.795996,0.4063,42,29,71,L4,,2-deoxy-D-ribose-5-phosphate[c] <=> acetaldehyde[c] + D-glyceraldehyde 3-phosphate[c],,-0.459975,0.269812,,,,
L3 vs L4,L3,L4,MAR04710,"2-deoxy-D-ribose 1-phosphate 1,5-phosphomutase",Pentose phosphate pathway,0.854,0.0,0.0,,,0.729787,1.795996,0.4063,42,30,72,L4,,2-deoxy-D-ribose-1-phosphate[c] <=> 2-deoxy-D-ribose-5-phosphate[c],,-0.459975,0.269812,,,,
L3 vs L4,L3,L4,MAR07638,Uncoupling protein,Mitochondrial transport,0.995,0.0,0.0,,,263.03811,788.595087,0.3336,23,50,73,L4,,H+[c] => H+[m],,0.398831,263.436941,,,,
L3 vs L4,L3,L4,MAR04948,Acetaldehyde reversible transport,Extracellular transport,0.854,0.0,0.0,,,0.729787,1.795996,0.4063,42,31,73,L4,,acetaldehyde[c] <=> acetaldehyde[e],,-0.459975,0.269812,,,,
L3 vs L4,L3,L4,MAR02351,Facilitated diffusion of phosphate (c to e),Extracellular transport,0.822,0.0,0.0,,,-1.443973,3.470389,0.4161,47,27,74,L3,,Pi[c] => Pi[e],,1.980358,0.536385,,,,
L3 vs L4,L3,L4,MAR09242,Type IIIAb exchange,Exchange/demand reactions,0.854,0.0,0.0,,,0.729787,1.795996,0.4063,42,32,74,L4,,acetaldehyde[e] <=> ,,-0.459975,0.269812,,,,
L3 vs L4,L3,L4,MAR08486,adenosine:phosphate alpha-D-ribosyltransferase,Nucleotide metabolism,0.905,0.0,0.0,,,-0.71013,1.851449,0.3836,39,36,75,L3,,adenosine[c] + Pi[c] <=> adenine[c] + ribose-1-phosphate[c],,0.093292,-0.616838,,,,
L3 vs L4,L3,L4,MAR11430,Oxaloacetate Decarboxylase,Pyruvate metabolism,0.984,0.0,0.0,,,0.145965,0.392236,0.3721,34,42,76,L4,,H+[c] + OAA[c] => CO2[c] + pyruvate[c],,0.003267,0.149232,,,,
L3 vs L4,L3,L4,MAR04847,Adenine transport via diffusion,Extracellular transport,0.902,0.0,0.0,,,-0.706566,1.851449,0.3816,40,37,77,L3,,adenine[c] <=> adenine[e],,0.089728,-0.616838,,,,
L3 vs L4,L3,L4,MAR09253,ADPribose 2'-phosphate exchange,Exchange/demand reactions,0.902,0.0,0.0,,,-0.706566,1.851449,0.3816,40,38,78,L3,,adenine[e] <=> ,,0.089728,-0.616838,,,,
L3 vs L4,L3,L4,MAR09070,L-Aspartate exchange,Exchange/demand reactions,0.81,0.0,0.0,,,-0.008991,0.024037,0.374,48,39,87,L3,,aspartate[e] <=> ,,-0.021161,-0.030152,,,,
L3 vs L4,L3,L4,MAR07811,Aspartate Intake by System Asct-1 Transporter,Extracellular transport,0.81,0.0,0.0,,,0.008991,0.024037,0.374,48,40,88,L4,,aspartate[e] + Na+[e] + proline[c] => aspartate[c] + Na+[c] + proline[e],,0.021161,0.030152,,,,
L3 vs L4,L3,L4,MAR09043,L-Phenylalanine exchange,Exchange/demand reactions,0.804,1e-323,3e-323,,,-0.006584,0.017655,0.3729,50,41,91,L3,,phenylalanine[e] <=> ,,-0.015552,-0.022135,,,,
L3 vs L4,L3,L4,MAR10366,"Transport of Methylmalonate, Antiport with Phsophate",Extracellular transport,0.823,0.0,0.0,,,-0.787569,2.452595,0.3211,46,51,97,L3,,methylmalonate[c] + Pi[e] <=> Pi[c] + methylmalonate[e],,-0.373343,-1.160912,,,,
L3 vs L4,L3,L4,MAR00148,Stearoyl Coenzyme A Desaturase (N-C18:0CoA -> N-C18:1CoA),Fatty acid biosynthesis,0.788,1.245206459472452e-308,3.376425207415686e-308,,,-0.234742,0.695318,0.3376,51,48,99,L3,,H+[c] + NADH[c] + O2[c] + stearoyl-CoA[c] => (2E)-octadecenoyl-CoA[c] + 2 H2O[c] + NAD+[c],,0.329695,0.094953,,,,
L3 vs L4,L3,L4,MAR06383,L-homoserine via sodium symport,Extracellular transport,0.949,0.0,0.0,,,0.476728,2.214561,0.2153,36,63,99,L4,,H+[c] + homoserine[e] + Na+[e] => H+[e] + homoserine[c] + Na+[c],,0.035713,0.512441,,,,
L3 vs L4,L3,L4,MAR02194,octadecanoyl-CoA:NADP+ trans-2-oxidoreductase,Fatty acid elongation (even-chain),0.788,1.245206459472452e-308,3.376425207415686e-308,,,-0.234742,0.695318,0.3376,51,49,100,L3,,(2E)-octadecenoyl-CoA[c] + H+[c] + NADPH[c] => NADP+[c] + stearoyl-CoA[c],,0.329695,0.094953,,,,
L3 vs L4,L3,L4,MAR09044,L-Threonine exchange,Exchange/demand reactions,0.627,1.715900186007914e-184,4.032365437118598e-184,,,-0.006016,0.019359,0.3108,60,52,112,L3,,threonine[e] <=> ,,-0.017551,-0.023567,,,,
L3 vs L4,L3,L4,MAR05303,,Extracellular transport,0.614,2.65915180710717e-176,5.9514349968589035e-176,,,-0.17853,0.574793,0.3106,62,53,115,L3,,ATP[c] <=> ATP[e],,-0.314584,-0.493115,,,,
L3 vs L4,L3,L4,MAR00569,Exchange of ATP,Exchange/demand reactions,0.614,2.65915180710717e-176,6.0474258839050146e-176,,,-0.17853,0.574793,0.3106,62,54,116,L3,,ATP[e] <=> ,,-0.314584,-0.493115,,,,
L3 vs L4,L3,L4,MAR01525,Bicarbonate Transport (HCl/ (Hcl/NaHCO3 Antiport),Extracellular transport,0.565,1.6854754603285594e-147,3.713313123536358e-147,,,-0.105875,0.470564,0.225,64,60,124,L3,,chloride[c] + H+[c] + HCO3-[e] + Na+[e] <=> chloride[e] + H+[e] + HCO3-[c] + Na+[c],,0.21925,0.113375,,,,
L3 vs L4,L3,L4,MAR03959,Superoxide anion transport via diffusion (extracellular),Extracellular transport,0.632,1.0481141594999648e-187,2.639001723026697e-187,,,-0.774053,3.993791,0.1938,56,70,126,L3,,O2-[c] <=> O2-[e],,-0.332991,-1.107044,,,,
L3 vs L4,L3,L4,MAR08619,Ascorbic acid oxidase,Ascorbate and aldarate metabolism,0.632,1.0481141594999648e-187,2.5927034471841234e-187,,,0.387026,1.996896,0.1938,56,71,127,L4,,ascorbate[c] + 2 H+[c] + 2 O2-[c] => dehydroascorbic acid[c] + 2 H2O2[c],,0.166496,0.553522,,,,
L3 vs L4,L3,L4,MAR09383,Octadecanoate (n-C18:0) exchange,Exchange/demand reactions,0.632,1.0481141594999648e-187,2.5480016636119835e-187,,,-0.774053,3.993791,0.1938,56,72,128,L3,,O2-[e] <=> ,,-0.332991,-1.107044,,,,
L3 vs L4,L3,L4,MAR04391,D-glyceraldehyde-3-phosphate aldose-ketose-isomerase,Glycolysis / Gluconeogenesis,0.509,2.529553479526401e-118,4.953708897405869e-118,,,-0.749149,3.284496,0.2281,72,59,131,L3,,DHAP[c] <=> D-glyceraldehyde 3-phosphate[c],,1.206766,0.457617,,,,
L3 vs L4,L3,L4,MAR11400,Exchange of Fumarate,Exchange/demand reactions,0.754,1.9298198612535558e-278,5.038974082162062e-278,,,0.154658,0.980023,0.1578,53,80,133,L4,,fumarate[e] <=> ,,0.10285,0.257508,,,,
L3 vs L4,L3,L4,MAR09825,Transport of Dihydroxyacetone Phosphate,Extracellular transport,0.528,8.528265387360626e-128,1.6936414360814766e-127,,,-0.918497,4.272156,0.215,70,64,134,L3,,DHAP[e] <=> DHAP[c],,1.206766,0.288269,,,,
L3 vs L4,L3,L4,MAR09828,Transport of Fumarate,Extracellular transport,0.754,1.9298198612535558e-278,5.038974082162062e-278,,,-0.154658,0.980023,0.1578,53,81,134,L3,,fumarate[e] <=> fumarate[c],,-0.10285,-0.257508,,,,
L3 vs L4,L3,L4,MAR01922,Exchange of Glycerone Phosphate,Exchange/demand reactions,0.528,8.528265387360626e-128,1.6936414360814766e-127,,,0.918497,4.272156,0.215,70,65,135,L4,,DHAP[e] <=> ,,-1.206766,-0.288269,,,,
L3 vs L4,L3,L4,MAR08408,Hydrogen peroxide transport via diffusion,Extracellular transport,0.616,1.5141792219224034e-177,3.4999880375583422e-177,,,0.846064,4.609691,0.1835,61,74,135,L4,,H2O2[c] <=> H2O2[e],,-0.422545,0.423519,,,,
L3 vs L4,L3,L4,MAR11947,Exchange of Sphingosine,Exchange/demand reactions,0.449,3.8661634556502726e-91,6.647915210325471e-91,,,-0.00226,0.009208,0.2454,80,55,135,L3,,sphingosine[e] <=> ,,0.012406,0.010146,,,,
L3 vs L4,L3,L4,MAR00758,acyl-CoA:sphingosine N-acyltransferase,Sphingolipid metabolism,0.449,3.8661634556502726e-91,6.729988237613439e-91,,,-0.00226,0.009208,0.2454,80,56,136,L3,,ceramide pool[c] + CoA[c] + H+[c] => sphingosine[c] + acyl-CoA pool[c],,0.012406,0.010146,,,,
L3 vs L4,L3,L4,MAR09641,Transport of sphingosine (c to e),Extracellular transport,0.449,3.8661634556502726e-91,6.729988237613439e-91,,,-0.00226,0.009208,0.2454,80,57,137,L3,,sphingosine[c] <=> sphingosine[e],,0.012406,0.010146,,,,
L3 vs L4,L3,L4,MAR09112,Transport of Phosphoenolpyruvate,Extracellular transport,0.486,2.0161492552371155e-107,3.644577499851709e-107,,,0.08305,0.37294,0.2227,77,61,138,L4,,HCO3-[e] + PEP[c] <=> HCO3-[c] + PEP[e],,-0.21925,-0.1362,,,,
L3 vs L4,L3,L4,MAR09858,Exchange of Phosphoenolpyruvate,Exchange/demand reactions,0.486,2.0161492552371155e-107,3.644577499851709e-107,,,0.08305,0.37294,0.2227,77,62,139,L4,,PEP[e] <=> ,,-0.21925,-0.1362,,,,
L3 vs L4,L3,L4,MAR03977,diphosphate phosphohydrolase,Oxidative phosphorylation,0.655,5.812893771540641e-203,1.4902145850676912e-202,,,0.064058,0.456594,0.1403,55,84,139,L4,,H2O[c] + PPi[c] => H+[c] + 2 Pi[c],,0.153666,0.217724,,,,
L3 vs L4,L3,L4,MAR04413,Generic Human Biomass Reaction,Artificial reactions,0.429,5.819782449389142e-83,9.653992063104342e-83,,,-0.010672,0.046254,0.2307,85,58,143,L3,,0.505626 alanine[c] + 0.35926 arginine[c] + 0.279425 asparagine[c] + 0.352607 aspartate[c] + 20.7045 ATP[c] + 0.020401 cholesterol[c] + 0.011658 CL pool[c] + 0.039036 CTP[c] + 0.046571 cysteine[c] + 0.013183 dATP[n] + 0.009442 dCTP[n] + 0.009898 dGTP[n] + 0.013091 dTTP[n] + 0.275194 glucose-6-phosphate[c] + 0.385872 glutamate[c] + 0.325996 glutamine[c] + 0.538891 glycine[c] + 0.036117 GTP[c] + 20.6508 H2O[c] + 0.126406 histidine[c] + 0.286078 isoleucine[c] + 0.545544 leucine[c] + 0.592114 lysine[c] + 0.153018 methionine[c] + 0.154463 PC-LD pool[c] + 0.055374 PE-LD pool[c] + 0.259466 phenylalanine[c] + 0.023315 PI pool[c] + 0.412484 proline[c] + 0.005829 PS-LD pool[c] + 0.392525 serine[c] + 0.017486 SM pool[c] + 0.31269 threonine[c] + 0.013306 tryptophan[c] + 0.159671 tyrosine[c] + 0.053446 UTP[c] + 0.352607 valine[c] + 0.002914 PG-CL pool[c] => 20.6508 ADP[c] + 20.6508 H+[c] + 20.6508 Pi[c] + biomass[c],,0.037563,0.026891,,,,
L3 vs L4,L3,L4,MAR06328,ATP:ADP phosphatransferase,Mitochondrial transport,0.63,2.04340576052423e-186,4.883393427693498e-186,,,-210.355787,1838.295433,0.1144,59,91,150,L3,,ADP[c] + ATP[m] <=> ADP[m] + ATP[c],,0.204768,-210.151019,,,,
L3 vs L4,L3,L4,MAR10023,Transport of biomass (c to e),Extracellular transport,0.403,5.766493709529924e-73,9.23949560276954e-73,,,-0.009822,0.046113,0.213,87,66,153,L3,,biomass[c] => biomass[e],,0.038091,0.028269,,,,
L3 vs L4,L3,L4,MAR10024,Exchange of biomass,Exchange/demand reactions,0.403,5.766493709529924e-73,9.23949560276954e-73,,,-0.009822,0.046113,0.213,87,67,154,L3,,biomass[e] <=> ,,0.038091,0.028269,,,,
L3 vs L4,L3,L4,MAR06916,ATP phosphohydrolase,Oxidative phosphorylation,0.504,6.683182560861084e-116,1.2564383214418836e-115,,,-0.089413,0.675983,0.1323,73,86,159,L3,,ADP[m] + Pi[m] + 3 H+[i] => ATP[m] + 2 H+[m] + H2O[m],,0.216057,0.126644,,,,
L3 vs L4,L3,L4,MAR04010,adenosine 5'-monophosphate phosphohydrolase,Purine metabolism,0.409,3.2883325105696894e-75,5.39133586035263e-75,,,-0.059396,0.340993,0.1742,86,75,161,L3,,AMP[c] + H2O[c] => adenosine[c] + Pi[c],,0.093292,0.033896,,,,
L3 vs L4,L3,L4,MAR01601,Phosphatidylethanolamine Transport,Extracellular transport,0.381,4.6891451899304544e-65,6.959678650317833e-65,,,-0.000502,0.002553,0.1967,94,68,162,L3,,PE-LD pool[e] <=> PE-LD pool[c],,0.002135,0.001633,,,,
L3 vs L4,L3,L4,MAR00656,Exchange of Phosphatidylethanolamine,Exchange/demand reactions,0.381,4.6891451899304544e-65,7.033717784895683e-65,,,0.000502,0.002553,0.1967,94,69,163,L4,,PE-LD pool[e] <=> ,,-0.002135,-0.001633,,,,
L3 vs L4,L3,L4,MAR09255,Adrenic acid exchange,Exchange/demand reactions,0.396,2.146349786144595e-70,3.2541432241547085e-70,,,-0.093611,0.574951,0.1628,92,76,168,L3,,ADP[e] <=> ,,0.17902,0.08541,,,,
L3 vs L4,L3,L4,MAR09039,L-Isoleucine exchange,Exchange/demand reactions,0.371,1.269310553972161e-61,1.864299876146611e-61,,,-0.002899,0.015106,0.1919,96,73,169,L3,,isoleucine[e] <=> ,,-0.01444,-0.017339,,,,
L3 vs L4,L3,L4,MAR07781,Adp exchange,Extracellular transport,0.396,2.146349786144595e-70,3.2541432241547085e-70,,,-0.093611,0.574951,0.1628,92,77,169,L3,,ADP[c] => ADP[e],,0.17902,0.08541,,,,
L3 vs L4,L3,L4,MAR03951,HMR 3951,Extracellular transport,0.43,2.323843201819021e-83,3.900736803053356e-83,,,0.261011,2.469083,0.1057,83,92,175,L4,,Na+[c] + sulfite[c] <=> Na+[e] + sulfite[e],,0.276823,0.537834,,,,
L3 vs L4,L3,L4,MAR04139,(S)-malate:NAD+ oxidoreductase,Tricarboxylic acid cycle and glyoxylate/dicarboxylate metabolism,0.474,5.655555502136393e-102,1.0094092731661157e-101,,,-0.031977,0.391974,0.0816,79,96,175,L3,,H+[c] + NADH[c] + OAA[c] <=> malate[c] + NAD+[c],,-0.117255,-0.149232,,,,
L3 vs L4,L3,L4,MAR10363,"Transport of Methylmalonate, Antiport with Sulphite",Extracellular transport,0.43,2.323843201819021e-83,3.900736803053356e-83,,,0.261011,2.469083,0.1057,83,93,176,L4,,methylmalonate[c] + sulfite[e] <=> sulfite[c] + methylmalonate[e],,0.276823,0.537834,,,,
L3 vs L4,L3,L4,MAR12040,Ceramide Diffusion,Sphingolipid metabolism,0.34,1.2831248062176252e-51,1.8092059767668515e-51,,,-0.001596,0.009811,0.1627,99,78,177,L3,,ceramide pool[e] <=> ceramide pool[c],,0.013591,0.011995,,,,
L3 vs L4,L3,L4,MAR04384,Exchange of N-Acylsphingosine,Exchange/demand reactions,0.34,1.2831248062176252e-51,1.8092059767668515e-51,,,0.001596,0.009811,0.1627,99,79,178,L4,,ceramide pool[e] <=> ,,-0.013591,-0.011995,,,,
L3 vs L4,L3,L4,MAR09354,EX hco3 LPAREN e RPAREN ,Exchange/demand reactions,0.356,1.1582681881726136e-56,1.6664879033912096e-56,,,0.763906,4.841978,0.1578,98,82,180,L4,,H2O2[e] <=> ,,-0.340387,0.423519,,,,
L3 vs L4,L3,L4,MAR04020,ATP:GMP phosphotransferase,Purine metabolism,0.545,1.2241554841493768e-136,2.501535119783509e-136,,,-37.994586,915.023845,0.0415,66,115,181,L3,,ADP[c] + GDP[c] <=> ATP[c] + GMP[c],,0.203348,-37.791238,,,,
L3 vs L4,L3,L4,MAR20137,MAR20137,Mitochondrial transport,0.545,1.2241554841493768e-136,2.538322400956796e-136,,,-37.993973,915.025001,0.0415,66,116,182,L3,,CTP[c] + GTP[m] <=> CTP[m] + GTP[c],,0.205447,-37.788526,,,,
L3 vs L4,L3,L4,MAR04135,ATP:GMP phosphotransferase,Purine metabolism,0.545,1.2241554841493768e-136,2.501535119783509e-136,,,37.993812,915.024113,0.0415,66,117,183,L4,,ADP[m] + GDP[m] <=> ATP[m] + GMP[m],,-0.204894,37.788919,,,,
L3 vs L4,L3,L4,MAR20139,MAR20139,Mitochondrial transport,0.545,1.2241554841493768e-136,2.501535119783509e-136,,,37.993812,915.024113,0.0415,66,118,184,L4,,CTP[c] + GMP[m] <=> CTP[m] + GMP[c],,-0.204894,37.788919,,,,
L3 vs L4,L3,L4,MAR09079,H+ exchange,Exchange/demand reactions,0.358,2.6027134195177023e-57,3.7833256922886194e-57,,,-1.079299,8.888412,0.1214,97,90,187,L3,,H+[e] <=> ,,1.419816,0.340517,,,,
L3 vs L4,L3,L4,MAR09062,L-Asparagine exchange,Exchange/demand reactions,0.309,1.4773569429441138e-42,1.9651634807086798e-42,,,-0.002119,0.014043,0.1509,106,83,189,L3,,asparagine[e] <=> ,,-0.013663,-0.015782,,,,
L3 vs L4,L3,L4,MAR03931,NADPH:oxidized-thioredoxin oxidoreductase,Pyrimidine metabolism,0.304,3.500009801152419e-41,4.612162448247581e-41,,,0.000343,0.00248,0.1383,107,85,192,L4,,H+[c] + NADPH[c] + oxidized thioredoxin[c] => NADP+[c] + thioredoxin[c],,0.002203,0.002546,,,,
L3 vs L4,L3,L4,MAR04914,CoA transporter  mitochondrial   irreversible,Mitochondrial transport,0.559,3.4501915758212364e-144,7.48426172601222e-144,,,-0.002239,0.093962,0.0238,65,128,193,L3,,CoA[c] <=> CoA[m],,-0.002702,-0.004941,,,,
L3 vs L4,L3,L4,MAR00632,Acyl-CoA:1-acyl-sn-glycero-3-phosphocholine O-acyltransferase,Glycerophospholipid metabolism,0.288,6.059523534333059e-37,7.560998392397888e-37,,,-0.000977,0.007929,0.1232,113,87,200,L3,,2-lysolecithin pool[c] + acyl-CoA pool[c] => CoA[c] + PC-LD pool[c],,0.006992,0.006015,,,,
L3 vs L4,L3,L4,MAR00628,Exchange of Lysophosphatidylcholine,Exchange/demand reactions,0.287,1.0946236062021007e-36,1.3538765655657564e-36,,,0.000976,0.007929,0.1231,114,88,202,L4,,2-lysolecithin pool[e] <=> ,,-0.006992,-0.006016,,,,
L3 vs L4,L3,L4,MAR01499,Lysophosphatidylcholine Transport,Extracellular transport,0.287,1.0946236062021007e-36,1.3421037258651846e-36,,,-0.000976,0.007929,0.1231,114,89,203,L3,,2-lysolecithin pool[e] <=> 2-lysolecithin pool[c],,0.006992,0.006016,,,,
L3 vs L4,L3,L4,MAR09836,Transport of 3-Phospho-D-Glycerate,Extracellular transport,0.336,2.1379657348599526e-50,2.9267297923811e-50,,,-0.136398,2.348579,0.0581,101,106,207,L3,,3-phospho-D-glycerate[e] <=> 3-phospho-D-glycerate[c],,-0.72914,-0.865538,,,,
L3 vs L4,L3,L4,MAR04147,Succinate:CoA ligase (GDP-forming),Tricarboxylic acid cycle and glyoxylate/dicarboxylate metabolism,0.504,6.683182560861084e-116,1.2908612891526202e-115,,,-6.407366,880.210936,0.0073,73,134,207,L3,,CoA[m] + GTP[m] + succinate[m] <=> GDP[m] + Pi[m] + succinyl-CoA[m],,0.000609,-6.406756,,,,
L3 vs L4,L3,L4,MAR09862,Exchange of 3-Phospho-D-Glycerate,Exchange/demand reactions,0.336,2.1379657348599526e-50,2.8985881597620505e-50,,,0.136398,2.348579,0.0581,101,107,208,L4,,3-phospho-D-glycerate[e] <=> ,,0.72914,0.865538,,,,
L3 vs L4,L3,L4,MAR04152,Succinate:CoA ligase (ADP-forming),Tricarboxylic acid cycle and glyoxylate/dicarboxylate metabolism,0.504,6.683182560861084e-116,1.2564383214418836e-115,,,-5.585481,880.019895,0.0063,73,136,209,L3,,ADP[m] + Pi[m] + succinyl-CoA[m] <=> ATP[m] + CoA[m] + succinate[m],,0.214937,-5.370544,,,,
L3 vs L4,L3,L4,MAR04373,D-glyceraldehyde-3-phosphate:NAD+ oxidoreductase (phosphorylating),Glycolysis / Gluconeogenesis,0.336,2.1379657348599526e-50,2.9554232217181693e-50,,,-0.136398,2.348579,0.0581,101,108,209,L3,,"1,3-bisphospho-D-glycerate[c] + H+[c] + NADH[c] <=> D-glyceraldehyde 3-phosphate[c] + NAD+[c] + Pi[c]",,-0.72914,-0.865538,,,,
L3 vs L4,L3,L4,MAR04368,ATP:3-phospho-D-glycerate 1-phosphotransferase,Glycolysis / Gluconeogenesis,0.336,2.1379657348599526e-50,2.9846848377747845e-50,,,0.136398,2.348579,0.0581,101,109,210,L4,,"1,3-bisphospho-D-glycerate[c] + ADP[c] <=> 3-phospho-D-glycerate[c] + ATP[c]",,0.72914,0.865538,,,,
L3 vs L4,L3,L4,MAR04008,ATP:UMP phosphotransferase,Pyrimidine metabolism,0.501,1.837273440992013e-114,3.4086257260509716e-114,,,-4.289356,1135.811692,0.0038,76,137,213,L3,,ADP[c] + UDP[c] <=> ATP[c] + UMP[c],,3.294805,-0.994551,,,,
L3 vs L4,L3,L4,MAR04323,"L-serine hydro-lyase (adding hydrogen sulfide, L-cysteine-forming)",Cysteine and methionine metabolism,0.397,9.279851616544992e-71,1.4701787392503866e-70,,,-0.00025,0.011326,0.0221,89,129,218,L3,,H+[c] + H2S[c] + serine[c] => cysteine[c] + H2O[c],,0.005444,0.005193,,,,
L3 vs L4,L3,L4,MAR04032,UTP:ammonia ligase (ADP-forming),Pyrimidine metabolism,0.244,1.5679195140192733e-26,1.7973711502172158e-26,,,-0.000161,0.0018,0.0897,123,95,218,L3,,ATP[c] + NH3[c] + UTP[c] => ADP[c] + CTP[c] + H+[c] + Pi[c],,0.001625,0.001463,,,,
L3 vs L4,L3,L4,MAR04990,Transport of H2S (c to e),Extracellular transport,0.397,9.279851616544992e-71,1.4378671186075208e-70,,,0.00025,0.011326,0.0221,89,130,219,L4,,H2S[c] <=> H2S[e],,-0.005444,-0.005193,,,,
L3 vs L4,L3,L4,MAR09103,Exchange of H2S,Exchange/demand reactions,0.397,9.279851616544992e-71,1.4378671186075208e-70,,,0.00025,0.011326,0.0221,89,131,220,L4,,H2S[e] <=> ,,-0.005444,-0.005193,,,,
L3 vs L4,L3,L4,MAR09063,L-Glutamine exchange,Exchange/demand reactions,0.223,3.407327718086382e-22,3.87446135685629e-22,,,-0.001355,0.020125,0.0674,124,101,225,L3,,glutamine[e] <=> ,,-0.018435,-0.01979,,,,
L3 vs L4,L3,L4,MAR04350,ATP:D-ribose 5-phosphotransferase,Pentose phosphate pathway,0.207,3.6831887568019337e-19,4.0572626149146303e-19,,,0.114871,1.551502,0.074,128,97,225,L4,,ADP[c] + H+[c] + ribose-5-phosphate[c] <=> ATP[c] + ribose[c],,-0.973762,-0.858891,,,,
L3 vs L4,L3,L4,MAR04354,"D-Ribose 1,5-phosphomutase",Pentose phosphate pathway,0.207,3.6831887568019337e-19,3.99484319006979e-19,,,0.114871,1.551502,0.074,128,98,226,L4,,ribose-1-phosphate[c] <=> ribose-5-phosphate[c],,-0.973762,-0.858891,,,,
L3 vs L4,L3,L4,MAR09406,R total exchange,Exchange/demand reactions,0.207,3.6831887568019337e-19,3.964348203886051e-19,,,0.114871,1.551502,0.074,128,99,227,L4,,ribose[e] <=> ,,-0.973762,-0.858891,,,,
L3 vs L4,L3,L4,MAR09834,Transport of XMP,Extracellular transport,0.208,2.4178548709800775e-19,2.6843900536078034e-19,,,0.000138,0.002122,0.0651,125,102,227,L4,,xanthosine-5-phosphate[e] <=> xanthosine-5-phosphate[c],,0.002119,0.002257,,,,
L3 vs L4,L3,L4,MAR10197,Exchange of Acetyl-Lysine,Exchange/demand reactions,0.265,2.825703548732288e-31,3.320201669760438e-31,,,-0.010334,0.179158,0.0577,118,110,228,L3,,Acetyl-L-Lysine[e] <=> ,,0.119239,0.108905,,,,
L3 vs L4,L3,L4,MAR04958,D-ribose transport via diffusion,Extracellular transport,0.207,3.6831887568019337e-19,3.99484319006979e-19,,,0.114871,1.551502,0.074,128,100,228,L4,,ribose[c] <=> ribose[e],,-0.973762,-0.858891,,,,
L3 vs L4,L3,L4,MAR09860,Exchange of Xanthylic Acid,Exchange/demand reactions,0.208,2.4178548709800775e-19,2.6843900536078034e-19,,,-0.000138,0.002122,0.0651,125,103,228,L3,,xanthosine-5-phosphate[e] <=> ,,-0.002119,-0.002257,,,,
L3 vs L4,L3,L4,MAR09072,Phosphate exchange,Exchange/demand reactions,0.166,1.9235329004551247e-12,2.009023251586464e-12,,,-0.626519,6.398396,0.0979,135,94,229,L3,,Pi[e] <=> ,,2.338586,1.712067,,,,
L3 vs L4,L3,L4,MAR04453,Xanthosine-5'-phosphate:ammonia ligase (AMP-forming),Purine metabolism,0.208,2.4178548709800775e-19,2.6843900536078034e-19,,,0.000138,0.002122,0.0651,125,104,229,L4,,ATP[c] + NH3[c] + xanthosine-5-phosphate[c] => AMP[c] + GMP[c] + H+[c] + PPi[c],,0.002119,0.002257,,,,
L3 vs L4,L3,L4,MAR09996,"Transport of Acetyl-Lysine, Extracellular",Extracellular transport,0.265,2.825703548732288e-31,3.3481025241281732e-31,,,-0.010334,0.179158,0.0577,118,111,229,L3,,Acetyl-L-Lysine[c] <=> Acetyl-L-Lysine[e],,0.119239,0.108905,,,,
L3 vs L4,L3,L4,MAR09952,Hydrolysis of Acetyl-Lysine,Lysine metabolism,0.265,2.825703548732288e-31,3.3481025241281732e-31,,,0.010334,0.179158,0.0577,118,112,230,L4,,H2O[c] + Acetyl-L-Lysine[c] <=> acetate[c] + lysine[c],,-0.119239,-0.108905,,,,
L3 vs L4,L3,L4,MAR03980,hydrogen-peroxide:hydrogen-peroxide oxidoreductase,ROS detoxification,0.313,1.1286198577396754e-43,1.5155752375361356e-43,,,-0.025746,1.026361,0.0251,105,127,232,L3,,2 H2O2[c] => 2 H2O[c] + O2[c],,0.390895,0.365149,,,,
L3 vs L4,L3,L4,MAR04002,ATP:AMP phosphotransferase,Purine metabolism,0.198,1.4811534595157654e-17,1.558527147699425e-17,,,0.026853,0.453907,0.0592,134,105,239,L4,,2 ADP[c] <=> AMP[c] + ATP[c],,-0.080431,-0.053578,,,,
L3 vs L4,L3,L4,MAR06394,,Ascorbate and aldarate metabolism,0.261,2.4343375575880702e-30,2.8134557018026063e-30,,,-0.065502,1.617471,0.0405,121,119,240,L3,,ascorbate[c] + lipoic acid[c] <=> dehydroascorbic acid[c] + dihydrolipoate[c],,-0.166496,-0.231998,,,,
L3 vs L4,L3,L4,MAR06397,,Lipoic acid metabolism,0.261,2.4343375575880702e-30,2.8134557018026063e-30,,,0.065502,1.617471,0.0405,121,120,241,L4,,H+[c] + lipoic acid[c] + NADH[c] <=> dihydrolipoate[c] + NAD+[c],,0.166496,0.231998,,,,
L3 vs L4,L3,L4,MAR20110,MAR20110,Miscellaneous,0.304,3.500009801152419e-41,4.5694572403934365e-41,,,0.002247,0.314124,0.0072,107,135,242,L4,,H+[m] + OAA[m] => CO2[m] + pyruvate[m],,0.10285,0.105097,,,,
L3 vs L4,L3,L4,MAR09440,L-Valine exchange,Exchange/demand reactions,0.199,9.90729836973848e-18,1.0503226091226509e-17,,,0.03483,0.653027,0.0533,132,113,245,L4,,UTP[e] <=> ,,-0.393465,-0.358635,,,,
L3 vs L4,L3,L4,MAR04947,,Extracellular transport,0.199,9.90729836973848e-18,1.0582795985857014e-17,,,0.03483,0.653027,0.0533,132,114,246,L4,,UTP[c] <=> UTP[e],,-0.393465,-0.358635,,,,
L3 vs L4,L3,L4,MAR08746,pyruvate:thiamin diphosphate acetaldehydetransferase (decarboxylating),Thiamine metabolism,0.29,1.844783660088942e-37,2.3433738384913587e-37,,,0.000301,0.314124,0.001,109,138,247,L4,,H+[m] + pyruvate[m] + thiamin-PP[m] => 2-(alpha-hydroxyethyl)thiamine-diphosphate[m] + CO2[m],,0.104796,0.105097,,,,
L3 vs L4,L3,L4,MAR06412,acetyl-CoA:enzyme N6-(dihydrolipoyl)lysine S-acetyltransferase,Glycolysis / Gluconeogenesis,0.29,1.844783660088942e-37,2.364677237023098e-37,,,0.000301,0.314124,0.001,109,139,248,L4,,CoA[m] + S-acetyldihydrolipoamide[m] => acetyl-CoA[m] + dihydrolipoamide[m],,0.104796,0.105097,,,,
L3 vs L4,L3,L4,MAR05071,LYStiDF,Extracellular transport,0.284,6.368984280614877e-36,7.675442594587159e-36,,,-0.003856,0.186784,0.0206,116,132,248,L3,,lysine[e] => lysine[c],,0.149924,0.146068,,,,
L3 vs L4,L3,L4,MAR09041,L-Lysine exchange,Exchange/demand reactions,0.284,6.368984280614877e-36,7.675442594587159e-36,,,0.003856,0.186784,0.0206,116,133,249,L4,,lysine[e] <=> ,,-0.149924,-0.146068,,,,
L3 vs L4,L3,L4,MAR20069,MAR20069,Glycolysis / Gluconeogenesis,0.29,1.844783660088942e-37,2.322450857790543e-37,,,0.000301,0.314124,0.001,109,140,249,L4,,2-(alpha-hydroxyethyl)thiamine-diphosphate[m] + lipoamide[m] <=> S-acetyldihydrolipoamide[m] + thiamin-PP[m],,0.104796,0.105097,,,,
L3 vs L4,L3,L4,MAR06409,Dihydrolipoamide:NAD+ oxidoreductase,"Glycine, serine and threonine metabolism",0.29,1.844783660088942e-37,2.3433738384913587e-37,,,-0.000301,0.314124,0.001,109,141,250,L3,,H+[m] + lipoamide[m] + NADH[m] <=> dihydrolipoamide[m] + NAD+[m],,-0.104796,-0.105097,,,,
L3 vs L4,L3,L4,MAR02186,"2-Amino-4-Hydroxy-6- (Erythro-1, 2, 3-Trihydroxypropyl) Dihydropteridine Triphosphate Phosphohydrolase (Alkaline Optimum)",Miscellaneous,0.046,0.2406820248660021,0.2406820248660021,,,-0.050894,1.332462,0.0382,138,121,259,L3,,"3 H2O[e] + 6-[(1S,2R)-1,2-dihydroxy-3-triphosphooxypropyl]-7,8-dihydropterin[e] <=> dihydroneopterin[e] + 2 H+[e] + 3 Pi[e]",,0.004307,-0.046587,,,,
L3 vs L4,L3,L4,MAR01871,"Exchange of 7, 8-Dihydroneopterin 3-Triphosphate",Exchange/demand reactions,0.046,0.2406820248660021,0.2459142427978717,,,0.050894,1.332462,0.0382,138,122,260,L4,,"6-[(1S,2R)-1,2-dihydroxy-3-triphosphooxypropyl]-7,8-dihydropterin[e] <=> ",,-0.004307,0.046587,,,,
L3 vs L4,L3,L4,MAR04024,ATP:CMP phosphotransferase,Nucleotide metabolism,0.156,4.9442098572811086e-11,5.0885663494644993e-11,,,-35.161422,1136.242099,0.0309,136,125,261,L3,,ADP[c] + CDP[c] <=> ATP[c] + CMP[c],,-2.631131,-37.792554,,,,
L3 vs L4,L3,L4,MAR09047,H2O exchange,Exchange/demand reactions,0.046,0.2406820248660021,0.2406820248660021,,,0.152682,3.997385,0.0382,138,123,261,L4,,H2O[e] <=> ,,-0.012921,0.139762,,,,
L3 vs L4,L3,L4,MAR09108,Exchange of dihydroneopterin,Exchange/demand reactions,0.046,0.2406820248660021,0.2406820248660021,,,-0.050894,1.332462,0.0382,138,124,262,L3,,dihydroneopterin[e] <=> ,,0.004307,-0.046587,,,,
L3 vs L4,L3,L4,MAR03967,Cytidylate kinase (CMP)(GTP),Nucleotide metabolism,0.156,4.9442098572811086e-11,5.0885663494644993e-11,,,34.76302,1136.195736,0.0306,136,126,262,L4,,CDP[c] + GDP[c] <=> CMP[c] + GTP[c],,3.027826,37.790846,,,,
L4f vs Af,L4f,Af,MAR09259,L-Alanine exchange,Exchange/demand reactions,1.0,0.0,0.0,,,-0.02542,0.035565,0.7147,1,1,2,L4f,yes,AKG[e] <=> ,,,,-0.033225,-0.058645,,
L4f vs Af,L4f,Af,MAR04855,Fumarate/malate antiporter (mitochondrial),Mitochondrial transport,1.0,0.0,0.0,,,-480.411882,729.693126,0.6584,1,2,3,L4f,,fumarate[c] + malate[m] <=> fumarate[m] + malate[c],,,,480.013334,-0.398549,,
L4f vs Af,L4f,Af,MAR04002,ATP:AMP phosphotransferase,Purine metabolism,0.997,0.0,0.0,,,-0.262616,0.406849,0.6455,5,3,8,L4f,yes,2 ADP[c] <=> AMP[c] + ATP[c],,,,-0.126222,-0.388837,,
L4f vs Af,L4f,Af,MAR09068,L-Proline exchange,Exchange/demand reactions,1.0,0.0,0.0,,,0.02464,0.042108,0.5852,1,8,9,Af,,proline[e] <=> ,,,,-0.049153,-0.024513,,
L4f vs Af,L4f,Af,MAR04080,AMP aminohydrolase,Purine metabolism,0.996,0.0,0.0,,,-0.262381,0.406985,0.6447,7,4,11,L4f,,AMP[c] + H2O[c] => IMP[c] + NH3[c],,,,0.323787,0.061406,,
L4f vs Af,L4f,Af,MAR04874,Transport of NH3 (c to m),Mitochondrial transport,0.997,0.0,0.0,,,-0.261604,0.407019,0.6427,5,7,12,L4f,,NH3[c] <=> NH3[m],,,,0.320248,0.058645,,
L4f vs Af,L4f,Af,MAR09838,Transport of IMP,Extracellular transport,0.996,0.0,0.0,,,0.262381,0.406985,0.6447,7,5,12,Af,yes,IMP[e] <=> IMP[c],,,,-0.323787,-0.061406,,
L4f vs Af,L4f,Af,MAR09360,K+ exchange,Exchange/demand reactions,0.996,0.0,0.0,,,-0.262381,0.406985,0.6447,7,6,13,L4f,,IMP[e] <=> ,,,,0.323787,0.061406,,
L4f vs Af,L4f,Af,MAR03802,L-glutamate:NAD+ oxidoreductase (deaminating),"Alanine, aspartate and glutamate metabolism",1.0,0.0,0.0,,,478.140627,948.083276,0.5043,1,12,13,Af,,AKG[m] + 2 H+[m] + NADH[m] + NH3[m] <=> glutamate[m] + H2O[m] + NAD+[m],,,,-478.081982,0.058645,,
L4f vs Af,L4f,Af,MAR09641,Transport of sphingosine (c to e),Extracellular transport,0.987,0.0,0.0,,,0.006458,0.012653,0.5104,10,9,19,Af,,sphingosine[c] <=> sphingosine[e],,,,0.010552,0.01701,,
L4f vs Af,L4f,Af,MAR11947,Exchange of Sphingosine,Exchange/demand reactions,0.987,0.0,0.0,,,0.006458,0.012653,0.5104,10,10,20,Af,,sphingosine[e] <=> ,,,,0.010552,0.01701,,
L4f vs Af,L4f,Af,MAR00758,acyl-CoA:sphingosine N-acyltransferase,Sphingolipid metabolism,0.987,0.0,0.0,,,0.006458,0.012653,0.5104,10,11,21,Af,yes,ceramide pool[c] + CoA[c] + H+[c] => sphingosine[c] + acyl-CoA pool[c],,,,0.010552,0.01701,,
L4f vs Af,L4f,Af,MAR04384,Exchange of N-Acylsphingosine,Exchange/demand reactions,0.943,0.0,0.0,,,-0.006475,0.013225,0.4896,15,13,28,L4f,,ceramide pool[e] <=> ,,,,-0.012437,-0.018912,,
L4f vs Af,L4f,Af,MAR12040,Ceramide Diffusion,Sphingolipid metabolism,0.943,0.0,0.0,,,0.006475,0.013225,0.4896,15,14,29,Af,,ceramide pool[e] <=> ceramide pool[c],,,,0.012437,0.018912,,
L4f vs Af,L4f,Af,ASCTm,Acetate:succinate CoA-transferase,,0.978,0.0,0.0,,,-0.185895,0.414283,0.4487,13,16,29,L4f,yes,succinate[m] + acetyl-CoA[m] => succinyl-CoA[m] + acetate[m],,,,0.287071,0.101176,,
L4f vs Af,L4f,Af,MAR00061,Acetate Mitochondrial Transport via Proton Symport,Mitochondrial transport,0.978,0.0,0.0,,,0.185895,0.414283,0.4487,13,17,30,Af,,acetate[c] + H+[c] <=> acetate[m] + H+[m],,,,-0.287071,-0.101176,,
L4f vs Af,L4f,Af,MAR09069,L-Serine exchange,Exchange/demand reactions,0.894,0.0,0.0,,,-0.011424,0.024444,0.4673,17,15,32,L4f,,serine[e] <=> ,,,,-0.047197,-0.058621,,
L4f vs Af,L4f,Af,MAR04344,"5,6-dihydrouracil:NAD+ oxidoreductase",Nucleotide metabolism,0.8,6.7025e-320,4.0215e-319,,,-0.328747,0.838437,0.3921,20,18,38,L4f,,"5,6-Dihydrouracil[c] + NAD+[c] <=> H+[c] + NADH[c] + uracil[c]",,,,-0.179556,-0.508303,,
L4f vs Af,L4f,Af,MAR10193,"Exchange of 5, 6-Dihydrouracil",Exchange/demand reactions,0.8,6.7025e-320,3.8387e-319,,,0.328747,0.838437,0.3921,20,19,39,Af,,"5,6-Dihydrouracil[e] <=> ",,,,0.179556,0.508303,,
L4f vs Af,L4f,Af,MAR09070,L-Aspartate exchange,Exchange/demand reactions,0.833,0.0,0.0,,,-0.059268,0.181483,0.3266,18,22,40,L4f,,aspartate[e] <=> ,,,,-0.030883,-0.090151,,
L4f vs Af,L4f,Af,MAR09983,"Transport of 5, 6-Dihydrouracil, Sodium Symport",Extracellular transport,0.8,6.7025e-320,4.0215e-319,,,0.328747,0.838437,0.3921,20,20,40,Af,,"5,6-Dihydrouracil[c] + Na+[c] <=> Na+[e] + 5,6-Dihydrouracil[e]",,,,0.179556,0.508303,,
L4f vs Af,L4f,Af,MAR07811,Aspartate Intake by System Asct-1 Transporter,Extracellular transport,0.833,0.0,0.0,,,0.059268,0.181483,0.3266,18,23,41,Af,,aspartate[e] + Na+[e] + proline[c] => aspartate[c] + Na+[c] + proline[e],,,,0.030883,0.090151,,
L4f vs Af,L4f,Af,MAR09038,L-Histidine exchange,Exchange/demand reactions,0.775,8.552237578378263e-297,4.685138847285483e-296,,,0.002632,0.006896,0.3818,23,21,44,Af,,histidine[e] <=> ,,,,-0.017441,-0.014809,,
L4f vs Af,L4f,Af,MAR04579,uridine:phosphate alpha-D-ribosyltransferase,Pyrimidine metabolism,0.669,1.2221860773260014e-212,6.416476905961508e-212,,,-0.410906,1.962693,0.2094,24,35,59,L4f,,Pi[c] + uridine[c] <=> ribose-1-phosphate[c] + uracil[c],,,,0.179556,-0.23135,,
L4f vs Af,L4f,Af,MAR11973,Transport to Extracellular Space,Extracellular transport,0.558,1.2169340874898888e-143,4.3809627149636e-143,,,-0.494817,1.967746,0.2515,34,26,60,L4f,,"fructose-1,6-bisphosphate[c] <=> fructose-1,6-bisphosphate[e]",,,,-0.261107,-0.755925,,
L4f vs Af,L4f,Af,MAR06914,ferrocytochrome-c:oxygen oxidoreductase,Oxidative phosphorylation,0.653,1.3253186706370208e-201,6.679606100010585e-201,,,-0.148127,0.757072,0.1957,25,36,61,L4f,,4 ferrocytochrome C[m] + 8 H+[m] + O2[m] => 4 ferricytochrome C[m] + 2 H2O[m] + 4 H+[i],,,,0.361887,0.213761,,
L4f vs Af,L4f,Af,MAR04375,"D-fructose-1,6-bisphosphate D-glyceraldehyde-3-phosphate-lyase (glycerone-phosphate-forming)",Glycolysis / Gluconeogenesis,0.558,1.2169340874898888e-143,4.25926930621461e-143,,,-0.494817,1.967746,0.2515,34,27,61,L4f,,"DHAP[c] + D-glyceraldehyde 3-phosphate[c] <=> fructose-1,6-bisphosphate[c]",,,,-0.261107,-0.755925,,
L4f vs Af,L4f,Af,MAR11974,"Exchange of D-Fructose 1,6-Bisphosphate",Exchange/demand reactions,0.558,1.2169340874898888e-143,4.25926930621461e-143,,,-0.494817,1.967746,0.2515,34,28,62,L4f,,"fructose-1,6-bisphosphate[e] <=> ",,,,-0.261107,-0.755925,,
L4f vs Af,L4f,Af,MAR06918,ubiquinol:ferricytochrome-c oxidoreductase,Oxidative phosphorylation,0.653,1.3253186706370208e-201,6.422698173087101e-201,,,-0.296254,1.514143,0.1957,25,37,62,L4f,,2 ferricytochrome C[m] + 2 H+[m] + ubiquinol[m] => 2 ferrocytochrome C[m] + ubiquinone[m] + 4 H+[i],,,,0.723775,0.427521,,
L4f vs Af,L4f,Af,MAR04898,O2 transport  diffusion ,Mitochondrial transport,0.65,1.405651209956189e-199,6.559705646462214e-199,,,-0.1473,0.756245,0.1948,27,38,65,L4f,,O2[c] <=> O2[m],,,,0.363541,0.216241,,
L4f vs Af,L4f,Af,MAR03215,(R)-Methylmalonyl-CoA CoA-carbonylmutase,"Valine, leucine, and isoleucine metabolism",0.534,7.078751389365493e-131,2.2298066876501307e-130,,,-0.249156,1.416507,0.1759,37,39,76,L4f,,(R)-methylmalonyl-CoA[m] <=> succinyl-CoA[m],,,,0.647704,0.398549,,
L4f vs Af,L4f,Af,MAR00569,Exchange of ATP,Exchange/demand reactions,0.415,1.7199456463250463e-77,4.6109181156799105e-77,,,0.133149,0.53587,0.2485,46,31,77,Af,,ATP[e] <=> ,,,,-0.46225,-0.329101,,
L4f vs Af,L4f,Af,MAR05043,Phosphate transporter  mitochondrial,Mitochondrial transport,0.499,1.65134576941857e-113,4.838827138296275e-113,,,-0.461432,2.0138,0.2291,43,34,77,L4f,,Pi[c] + H+[i] => H+[m] + Pi[m],,,,0.776064,0.314632,,
L4f vs Af,L4f,Af,MAR03763,(S)-Methylmalonyl-CoA hydrolase,"Valine, leucine, and isoleucine metabolism",0.534,7.078751389365493e-131,2.2298066876501307e-130,,,-0.249156,1.416507,0.1759,37,40,77,L4f,,CoA[m] + H+[m] + methylmalonate[m] => (R)-methylmalonyl-CoA[m] + H2O[m],,,,0.647704,0.398549,,
L4f vs Af,L4f,Af,MAR06916,ATP phosphohydrolase,Oxidative phosphorylation,0.441,8.12788713215682e-88,2.27580839700391e-87,,,0.224572,0.940573,0.2388,45,33,78,Af,,ADP[m] + Pi[m] + 3 H+[i] => ATP[m] + 2 H+[m] + H2O[m],,,,0.260991,0.485563,,
L4f vs Af,L4f,Af,MAR05303,,Extracellular transport,0.415,1.7199456463250463e-77,4.6109181156799105e-77,,,0.133149,0.53587,0.2485,46,32,78,Af,,ATP[c] <=> ATP[e],,,,-0.46225,-0.329101,,
L4f vs Af,L4f,Af,MAR04652,succinate:quinone oxidoreductase,Tricarboxylic acid cycle and glyoxylate/dicarboxylate metabolism,0.534,7.078751389365493e-131,2.2298066876501307e-130,,,0.249156,1.416507,0.1759,37,41,78,Af,,fumarate[m] + ubiquinol[m] <=> succinate[m] + ubiquinone[m],,,,-0.647704,-0.398549,,
L4f vs Af,L4f,Af,MAR03789,"Transport of Methylmalonate, Mitochondrial",Mitochondrial transport,0.534,7.078751389365493e-131,2.2298066876501307e-130,,,-0.249156,1.416507,0.1759,37,42,79,L4f,,methylmalonate[c] <=> methylmalonate[m],,,,0.647704,0.398549,,
L4f vs Af,L4f,Af,MAR10243,Exchange of Methylmalonate,Exchange/demand reactions,0.534,7.078751389365493e-131,2.175421158683054e-130,,,0.249156,1.416507,0.1759,37,43,80,Af,,methylmalonate[e] <=> ,,,,-0.647704,-0.398549,,
L4f vs Af,L4f,Af,MAR09255,Adrenic acid exchange,Exchange/demand reactions,0.401,3.166572974357379e-72,7.388670273500551e-72,,,0.133611,0.536753,0.2489,53,29,82,Af,,ADP[e] <=> ,,,,0.126511,0.260122,,
L4f vs Af,L4f,Af,MAR07781,Adp exchange,Extracellular transport,0.401,3.166572974357379e-72,7.528079146585468e-72,,,0.133611,0.536753,0.2489,53,30,83,Af,,ADP[c] => ADP[e],,,,0.126511,0.260122,,
L4f vs Af,L4f,Af,MAR09041,L-Lysine exchange,Exchange/demand reactions,0.316,1.6022936229377296e-44,3.309655680166458e-44,,,0.042912,0.166403,0.2579,60,24,84,Af,,lysine[e] <=> ,,,,-0.122423,-0.079511,,
L4f vs Af,L4f,Af,MAR05071,LYStiDF,Extracellular transport,0.316,1.6022936229377296e-44,3.364816608169232e-44,,,-0.042912,0.166403,0.2579,60,25,85,L4f,,lysine[e] => lysine[c],,,,0.122423,0.079511,,
L4f vs Af,L4f,Af,MAR10366,"Transport of Methylmalonate, Antiport with Phsophate",Extracellular transport,0.521,2.954780090542833e-124,8.864340271628498e-124,,,0.245063,1.438193,0.1704,42,46,88,Af,,methylmalonate[c] + Pi[e] <=> Pi[c] + methylmalonate[e],,,,-0.643611,-0.398549,,
L4f vs Af,L4f,Af,MAR09952,Hydrolysis of Acetyl-Lysine,Lysine metabolism,0.646,6.723652038451915e-197,3.0256434173033617e-196,,,-0.016934,0.181251,0.0934,28,67,95,L4f,,H2O[c] + Acetyl-L-Lysine[c] <=> acetate[c] + lysine[c],,,,-0.084242,-0.101176,,
L4f vs Af,L4f,Af,MAR10197,Exchange of Acetyl-Lysine,Exchange/demand reactions,0.646,6.723652038451915e-197,2.823933856149804e-196,,,0.016934,0.181251,0.0934,28,68,96,Af,,Acetyl-L-Lysine[e] <=> ,,,,0.084242,0.101176,,
L4f vs Af,L4f,Af,MAR09996,"Transport of Acetyl-Lysine, Extracellular",Extracellular transport,0.646,6.723652038451915e-197,2.9213108856722114e-196,,,0.016934,0.181251,0.0934,28,69,97,Af,,Acetyl-L-Lysine[c] <=> Acetyl-L-Lysine[e],,,,0.084242,0.101176,,
L4f vs Af,L4f,Af,MAR02351,Facilitated diffusion of phosphate (c to e),Extracellular transport,0.373,2.661665844969578e-62,6.0976344812030335e-62,,,0.548949,3.145533,0.1745,55,44,99,Af,,Pi[c] => Pi[e],,,,0.628451,1.1774,,
L4f vs Af,L4f,Af,MAR20137,MAR20137,Mitochondrial transport,0.412,2.4040842895637437e-76,6.058292409700634e-76,,,-182.276536,1262.643048,0.1444,48,51,99,L4f,,CTP[c] + GTP[m] <=> CTP[m] + GTP[c],,,,62.156584,-120.119953,,
L4f vs Af,L4f,Af,MAR03967,Cytidylate kinase (CMP)(GTP),Nucleotide metabolism,0.412,2.4040842895637437e-76,6.18193103030677e-76,,,182.276499,1262.643738,0.1444,48,52,100,Af,,CDP[c] + GDP[c] <=> CMP[c] + GTP[c],,,,-62.154265,120.122234,,
L4f vs Af,L4f,Af,MAR04024,ATP:CMP phosphotransferase,Nucleotide metabolism,0.412,2.4040842895637437e-76,6.18193103030677e-76,,,-182.276489,1262.643913,0.1444,48,53,101,L4f,,ADP[c] + CDP[c] <=> ATP[c] + CMP[c],,,,62.152557,-120.123932,,
L4f vs Af,L4f,Af,MAR20139,MAR20139,Mitochondrial transport,0.572,2.0217057490332576e-151,7.719240132672438e-151,,,62.15299,708.242167,0.0878,32,74,106,Af,,CTP[c] + GMP[m] <=> CTP[m] + GMP[c],,,,-62.155387,-0.002397,,
L4f vs Af,L4f,Af,MAR04135,ATP:GMP phosphotransferase,Purine metabolism,0.572,2.0217057490332576e-151,7.719240132672438e-151,,,62.15299,708.242167,0.0878,32,75,107,Af,,ADP[m] + GDP[m] <=> ATP[m] + GMP[m],,,,-62.155387,-0.002397,,
L4f vs Af,L4f,Af,MAR03980,hydrogen-peroxide:hydrogen-peroxide oxidoreductase,ROS detoxification,0.475,2.016828606185589e-102,5.7754637358950946e-102,,,0.11377,1.126458,0.101,44,66,110,Af,,2 H2O2[c] => 2 H2O[c] + O2[c],,,,0.301988,0.415757,,
L4f vs Af,L4f,Af,MAR05126,L proline transport  mitochondrial,Mitochondrial transport,0.407,1.8582877929472538e-74,4.502774267526038e-74,,,-0.162399,1.33593,0.1216,51,59,110,L4f,,proline[m] + H+[i] => H+[m] + proline[c],,,,0.536723,0.374324,,
L4f vs Af,L4f,Af,MAR04963,,Mitochondrial transport,0.407,1.8582877929472538e-74,4.591063959046157e-74,,,-0.162399,1.33593,0.1216,51,60,111,L4f,,glutamate[m] + proline[c] => glutamate[c] + proline[m],,,,0.536723,0.374324,,
L4f vs Af,L4f,Af,MAR09828,Transport of Fumarate,Extracellular transport,0.342,3.101108472869825e-52,6.736890820372378e-52,,,-0.150813,1.098493,0.1373,57,54,111,L4f,,fumarate[e] <=> fumarate[c],,,,-0.247736,-0.398549,,
L4f vs Af,L4f,Af,MAR11400,Exchange of Fumarate,Exchange/demand reactions,0.342,3.101108472869825e-52,6.736890820372378e-52,,,0.150813,1.098493,0.1373,57,55,112,Af,,fumarate[e] <=> ,,,,0.247736,0.398549,,
L4f vs Af,L4f,Af,MAR04914,CoA transporter  mitochondrial   irreversible,Mitochondrial transport,0.605,9.050350483119254e-171,3.678529551203309e-170,,,0.004272,0.078932,0.0541,31,86,117,Af,,CoA[c] <=> CoA[m],,,,-0.020835,-0.016562,,
L4f vs Af,L4f,Af,MAR04354,"D-Ribose 1,5-phosphomutase",Pentose phosphate pathway,0.269,3.1690847643253713e-32,5.396009193310766e-32,,,0.348504,2.337446,0.1491,71,47,118,Af,,ribose-1-phosphate[c] <=> ribose-5-phosphate[c],,,,-0.403914,-0.05541,,
L4f vs Af,L4f,Af,MAR09406,R total exchange,Exchange/demand reactions,0.269,3.1690847643253713e-32,5.396009193310766e-32,,,0.348504,2.337446,0.1491,71,48,119,Af,,ribose[e] <=> ,,,,-0.403914,-0.05541,,
L4f vs Af,L4f,Af,MAR04958,D-ribose transport via diffusion,Extracellular transport,0.269,3.1690847643253713e-32,5.396009193310766e-32,,,0.348504,2.337446,0.1491,71,49,120,Af,,ribose[c] <=> ribose[e],,,,-0.403914,-0.05541,,
L4f vs Af,L4f,Af,MAR06328,ATP:ADP phosphatransferase,Mitochondrial transport,0.26,4.148242783943996e-30,6.969047877025914e-30,,,280.721513,1624.766738,0.1728,75,45,120,Af,,ADP[c] + ATP[m] <=> ADP[m] + ATP[c],,,,-355.821953,-75.10044,,
L4f vs Af,L4f,Af,MAR04350,ATP:D-ribose 5-phosphotransferase,Pentose phosphate pathway,0.269,3.1690847643253713e-32,5.396009193310766e-32,,,0.348504,2.337446,0.1491,71,50,121,Af,,ADP[c] + H+[c] + ribose-5-phosphate[c] <=> ATP[c] + ribose[c],,,,-0.403914,-0.05541,,
L4f vs Af,L4f,Af,MAR04852,"Dicarboxylate/tricarboxylate carrier (mal:akg), mitochondrial",Mitochondrial transport,0.341,6.3151556458138154e-52,1.3486603582585435e-51,,,-0.138175,1.309476,0.1055,59,65,124,L4f,,AKG[c] + malate[m] <=> AKG[m] + malate[c],,,,0.536723,0.398549,,
L4f vs Af,L4f,Af,MAR01616,"Phenylalanine Transaminase, Mitochondrial",Phenylalanine metabolism,0.294,1.6656399989720172e-38,3.041603476383684e-38,,,0.123576,1.089928,0.1134,66,61,127,Af,,AKG[m] + phenylalanine[m] <=> glutamate[m] + phenylpyruvate[m],,,,0.216135,0.33971,,
L4f vs Af,L4f,Af,MAR06725,L-Phenylalanine:2-oxoglutarate aminotransferase,"Phenylalanine, tyrosine and tryptophan biosynthesis",0.294,1.6656399989720172e-38,3.041603476383684e-38,,,-0.123576,1.089928,0.1134,66,62,128,L4f,,AKG[c] + phenylalanine[c] <=> glutamate[c] + phenylpyruvate[c],,,,-0.216135,-0.33971,,
L4f vs Af,L4f,Af,MAR11443,"Transport of Phenylpyruvate via Proton Symport, Mitochondrial",Mitochondrial transport,0.294,1.6656399989720172e-38,3.041603476383684e-38,,,0.123576,1.089928,0.1134,66,63,129,Af,,H+[m] + phenylpyruvate[m] <=> H+[c] + phenylpyruvate[c],,,,0.216135,0.33971,,
L4f vs Af,L4f,Af,MAR05115,Transport of phenylalanine (c to m),Mitochondrial transport,0.294,1.6656399989720172e-38,3.041603476383684e-38,,,0.123576,1.089928,0.1134,66,64,130,Af,,phenylalanine[c] + H+[i] => H+[m] + phenylalanine[m],,,,0.216135,0.33971,,
L4f vs Af,L4f,Af,MAR06912,diphosphate phosphohydrolase,Oxidative phosphorylation,0.178,2.980114180184982e-14,4.2190380528461545e-14,,,-0.061509,0.456958,0.1346,87,56,143,L4f,,H2O[m] + PPi[m] => H+[m] + 2 Pi[m],,,,0.227957,0.166449,,
L4f vs Af,L4f,Af,MAR04391,D-glyceraldehyde-3-phosphate aldose-ketose-isomerase,Glycolysis / Gluconeogenesis,0.348,4.146142039578868e-54,9.328819589052452e-54,,,0.154063,3.248135,0.0474,56,88,144,Af,,DHAP[c] <=> D-glyceraldehyde 3-phosphate[c],,,,0.601861,0.755924,,
L4f vs Af,L4f,Af,MAR09862,Exchange of 3-Phospho-D-Glycerate,Exchange/demand reactions,0.304,3.500009801152419e-41,6.784634383772382e-41,,,0.206941,3.371292,0.0614,62,82,144,Af,,3-phospho-D-glycerate[e] <=> ,,,,0.754733,0.961675,,
L4f vs Af,L4f,Af,MAR08987,"Diphopshate Transporter, Mitochondrial",Mitochondrial transport,0.178,2.980114180184982e-14,4.2190380528461545e-14,,,-0.061473,0.456791,0.1346,87,57,144,L4f,,PPi[c] <=> PPi[m],,,,0.223391,0.161918,,
L4f vs Af,L4f,Af,MAR09836,Transport of 3-Phospho-D-Glycerate,Extracellular transport,0.304,3.500009801152419e-41,6.784634383772382e-41,,,-0.206941,3.371292,0.0614,62,83,145,L4f,,3-phospho-D-glycerate[e] <=> 3-phospho-D-glycerate[c],,,,-0.754733,-0.961675,,
L4f vs Af,L4f,Af,MAR03977,diphosphate phosphohydrolase,Oxidative phosphorylation,0.178,2.980114180184982e-14,4.2190380528461545e-14,,,0.061493,0.457029,0.1345,87,58,145,Af,,H2O[c] + PPi[c] => H+[c] + 2 Pi[c],,,,0.233624,0.295117,,
L4f vs Af,L4f,Af,MAR04373,D-glyceraldehyde-3-phosphate:NAD+ oxidoreductase (phosphorylating),Glycolysis / Gluconeogenesis,0.304,3.500009801152419e-41,6.784634383772382e-41,,,-0.206941,3.371292,0.0614,62,84,146,L4f,,"1,3-bisphospho-D-glycerate[c] + H+[c] + NADH[c] <=> D-glyceraldehyde 3-phosphate[c] + NAD+[c] + Pi[c]",,,,-0.754733,-0.961675,,
L4f vs Af,L4f,Af,MAR04008,ATP:UMP phosphotransferase,Pyrimidine metabolism,0.206,5.599003563551554e-19,9.282558539572313e-19,,,0.120509,1.30853,0.0921,76,70,146,Af,,ADP[c] + UDP[c] <=> ATP[c] + UMP[c],,,,0.355481,0.47599,,
L4f vs Af,L4f,Af,MAR04368,ATP:3-phospho-D-glycerate 1-phosphotransferase,Glycolysis / Gluconeogenesis,0.304,3.500009801152419e-41,6.784634383772382e-41,,,0.206941,3.371292,0.0614,62,85,147,Af,,"1,3-bisphospho-D-glycerate[c] + ADP[c] <=> 3-phospho-D-glycerate[c] + ATP[c]",,,,0.754733,0.961675,,
L4f vs Af,L4f,Af,MAR07865,UMP kinase (UTP),Nucleotide metabolism,0.205,8.493582764331037e-19,1.389858997799624e-18,,,-0.059029,0.654228,0.0902,77,71,148,L4f,,2 UDP[c] <=> UMP[c] + UTP[c],,,,-0.178038,-0.237067,,
L4f vs Af,L4f,Af,MAR09440,L-Valine exchange,Exchange/demand reactions,0.204,1.2857747777661932e-18,2.0507293923865867e-18,,,-0.059105,0.655188,0.0902,78,72,150,L4f,,UTP[e] <=> ,,,,-0.184368,-0.243473,,
L4f vs Af,L4f,Af,MAR04947,,Extracellular transport,0.204,1.2857747777661932e-18,2.0507293923865867e-18,,,-0.059105,0.655188,0.0902,78,73,151,L4f,,UTP[c] <=> UTP[e],,,,-0.184368,-0.243473,,
L4f vs Af,L4f,Af,MAR04922,CO2 transport  diffusion   mitochondrial,Mitochondrial transport,0.199,9.90729836973848e-18,1.5039995115506608e-17,,,52.353563,717.144631,0.073,80,76,156,Af,,CO2[c] <=> CO2[m],,,,-479.196734,-426.843171,,
L4f vs Af,L4f,Af,MAR02225,Free diffusion of bicarbonate (c to m),Mitochondrial transport,0.199,9.90729836973848e-18,1.522340969008596e-17,,,-52.184169,716.97119,0.0728,80,77,157,L4f,,HCO3-[c] <=> HCO3-[m],,,,479.02734,426.843171,,
L4f vs Af,L4f,Af,MAR09072,Phosphate exchange,Exchange/demand reactions,0.285,3.548788128342609e-36,6.387818631016696e-36,,,0.286848,5.377003,0.0533,70,87,157,Af,,Pi[e] <=> ,,,,1.287278,1.574126,,
L4f vs Af,L4f,Af,MAR03955,carbonate hydro-lyase (carbon-dioxide-forming),Miscellaneous,0.199,9.90729836973848e-18,1.522340969008596e-17,,,-52.184169,716.97119,0.0728,80,78,158,L4f,,CO2[c] + H2O[c] <=> H+[c] + HCO3-[c],,,,479.02734,426.843171,,
L4f vs Af,L4f,Af,MAR03956,carbonate hydro-lyase (carbon-dioxide-forming),Arginine and proline metabolism,0.199,9.90729836973848e-18,1.522340969008596e-17,,,52.184169,716.97119,0.0728,80,79,159,Af,,CO2[m] + H2O[m] <=> H+[m] + HCO3-[m],,,,-479.02734,-426.843171,,
L4f vs Af,L4f,Af,MAR09354,EX hco3 LPAREN e RPAREN ,Exchange/demand reactions,0.179,2.0777386396200642e-14,3.044128704559628e-14,,,-0.366747,5.824335,0.063,85,80,165,L4f,,H2O2[e] <=> ,,,,0.316793,-0.049953,,
L4f vs Af,L4f,Af,MAR08408,Hydrogen peroxide transport via diffusion,Extracellular transport,0.179,2.0777386396200642e-14,3.0799419834368e-14,,,-0.366747,5.824335,0.063,85,81,166,L4f,,H2O2[c] <=> H2O2[e],,,,0.316793,-0.049953,,
L4f vs Af,L4f,Af,MAR07638,Uncoupling protein,Mitochondrial transport,0.091,0.0005028776494501,0.0007040287092301,,,-32.923987,726.629489,0.0453,90,89,179,L4f,,H+[c] => H+[m],,,,227.249116,194.325128,,
L4f vs Af,L4f,Af,MAR06383,L-homoserine via sodium symport,Extracellular transport,0.074,0.0083531461757412,0.0109635043556604,,,-0.012903,0.351734,0.0367,96,90,186,L4f,,H+[c] + homoserine[e] + Na+[e] => H+[e] + homoserine[c] + Na+[c],,,,0.144173,0.131269,,
L4f vs Af,L4f,Af,MAR09064,L-Tyrosine exchange,Exchange/demand reactions,0.044,0.2877976434847331,0.297233631795708,,,-0.000156,0.005229,0.0298,103,91,194,L4f,,tyrosine[e] <=> ,,,,-0.025295,-0.025451,,
L4f vs Af,L4f,Af,MAR09042,L-Methionine exchange,Exchange/demand reactions,0.044,0.2877976434847331,0.297233631795708,,,-0.000149,0.005011,0.0298,103,92,195,L4f,,methionine[e] <=> ,,,,-0.022346,-0.022495,,
L4f vs Af,L4f,Af,MAR09040,L-Leucine exchange,Exchange/demand reactions,0.044,0.2877976434847331,0.297233631795708,,,-0.000533,0.017866,0.0298,103,93,196,L4f,,leucine[e] <=> ,,,,-0.068165,-0.068698,,
L4f vs Af,L4f,Af,MAR05068,Transport of arginine (e to c),Extracellular transport,0.044,0.2877976434847331,0.2924395409602933,,,0.000351,0.011765,0.0298,103,94,197,Af,,arginine[e] => arginine[c],,,,0.043478,0.043829,,
L4f vs Af,L4f,Af,MAR09066,L-Arginine exchange,Exchange/demand reactions,0.044,0.2877976434847331,0.297233631795708,,,-0.000351,0.011765,0.0298,103,95,198,L4f,,arginine[e] <=> ,,,,-0.043478,-0.043829,,
L4f vs Af,L4f,Af,MAR09079,H+ exchange,Exchange/demand reactions,0.19,3.4297459018708595e-16,5.144618852806289e-16,,,-0.156681,6.370933,0.0246,84,115,199,L4f,,H+[e] <=> ,,,,0.397432,0.240751,,
L4f vs Af,L4f,Af,MAR09046,L-Valine exchange,Exchange/demand reactions,0.044,0.2877976434847331,0.297233631795708,,,-0.000344,0.011547,0.0298,103,96,199,L4f,,valine[e] <=> ,,,,-0.039151,-0.039495,,
L4f vs Af,L4f,Af,MAR09067,Glycine exchange,Exchange/demand reactions,0.044,0.2877976434847331,0.297233631795708,,,-0.000526,0.017648,0.0298,103,97,200,L4f,,glycine[e] <=> ,,,,-0.055571,-0.056097,,
L4f vs Af,L4f,Af,MAR09043,L-Phenylalanine exchange,Exchange/demand reactions,0.044,0.2877976434847331,0.297233631795708,,,-0.000253,0.008497,0.0298,103,98,201,L4f,,phenylalanine[e] <=> ,,,,-0.022673,-0.022927,,
L4f vs Af,L4f,Af,MAR09044,L-Threonine exchange,Exchange/demand reactions,0.044,0.2877976434847331,0.3126077851644515,,,-0.000305,0.01024,0.0298,103,99,202,L4f,,threonine[e] <=> ,,,,-0.024215,-0.02452,,
L4f vs Af,L4f,Af,MAR09039,L-Isoleucine exchange,Exchange/demand reactions,0.044,0.2877976434847331,0.297233631795708,,,-0.000279,0.009369,0.0298,103,100,203,L4f,,isoleucine[e] <=> ,,,,-0.017932,-0.018212,,
L4f vs Af,L4f,Af,MAR09063,L-Glutamine exchange,Exchange/demand reactions,0.044,0.2877976434847331,0.297233631795708,,,-0.000318,0.010676,0.0298,103,101,204,L4f,,glutamine[e] <=> ,,,,-0.020466,-0.020785,,
L4f vs Af,L4f,Af,MAR09062,L-Asparagine exchange,Exchange/demand reactions,0.044,0.2877976434847331,0.297233631795708,,,-0.000273,0.009151,0.0298,103,102,205,L4f,,asparagine[e] <=> ,,,,-0.016361,-0.016634,,
L4f vs Af,L4f,Af,MAR04453,Xanthosine-5'-phosphate:ammonia ligase (AMP-forming),Purine metabolism,0.044,0.2877976434847331,0.297233631795708,,,4.5e-05,0.001507,0.0298,103,103,206,Af,,ATP[c] + NH3[c] + xanthosine-5-phosphate[c] => AMP[c] + GMP[c] + H+[c] + PPi[c],,,,0.002353,0.002397,,
L4f vs Af,L4f,Af,MAR09860,Exchange of Xanthylic Acid,Exchange/demand reactions,0.044,0.2877976434847331,0.2924395409602933,,,-4.5e-05,0.001507,0.0298,103,104,207,L4f,,xanthosine-5-phosphate[e] <=> ,,,,-0.002353,-0.002397,,
L4f vs Af,L4f,Af,MAR09834,Transport of XMP,Extracellular transport,0.044,0.2877976434847331,0.2924395409602933,,,4.5e-05,0.001507,0.0298,103,105,208,Af,,xanthosine-5-phosphate[e] <=> xanthosine-5-phosphate[c],,,,0.002353,0.002397,,
L4f vs Af,L4f,Af,MAR04032,UTP:ammonia ligase (ADP-forming),Pyrimidine metabolism,0.044,0.2877976434847331,0.297233631795708,,,3.8e-05,0.001278,0.0298,103,106,209,Af,,ATP[c] + NH3[c] + UTP[c] => ADP[c] + CTP[c] + H+[c] + Pi[c],,,,0.001544,0.001582,,
L4f vs Af,L4f,Af,MAR03959,Superoxide anion transport via diffusion (extracellular),Extracellular transport,0.077,0.0053068688555606,0.0070385839557962,,,0.088506,5.10172,0.0173,93,116,209,Af,,O2-[c] <=> O2-[e],,,,-0.89031,-0.801804,,
L4f vs Af,L4f,Af,MAR08619,Ascorbic acid oxidase,Ascorbate and aldarate metabolism,0.077,0.0053068688555606,0.0071134625085175,,,-0.044253,2.55086,0.0173,93,117,210,L4f,,ascorbate[c] + 2 H+[c] + 2 O2-[c] => dehydroascorbic acid[c] + 2 H2O2[c],,,,0.445155,0.400902,,
L4f vs Af,L4f,Af,MAR00632,Acyl-CoA:1-acyl-sn-glycero-3-phosphocholine O-acyltransferase,Glycerophospholipid metabolism,0.044,0.2877976434847331,0.2924395409602933,,,0.000168,0.005631,0.0298,103,107,210,Af,,2-lysolecithin pool[c] + acyl-CoA pool[c] => CoA[c] + PC-LD pool[c],,,,0.006372,0.00654,,
L4f vs Af,L4f,Af,MAR09383,Octadecanoate (n-C18:0) exchange,Exchange/demand reactions,0.077,0.0053068688555606,0.0070385839557962,,,0.088506,5.10172,0.0173,93,118,211,Af,,O2-[e] <=> ,,,,-0.89031,-0.801804,,
L4f vs Af,L4f,Af,MAR01499,Lysophosphatidylcholine Transport,Extracellular transport,0.044,0.2877976434847331,0.2924395409602933,,,0.000168,0.005631,0.0298,103,108,211,Af,,2-lysolecithin pool[e] <=> 2-lysolecithin pool[c],,,,0.006373,0.006541,,
L4f vs Af,L4f,Af,MAR00628,Exchange of Lysophosphatidylcholine,Exchange/demand reactions,0.044,0.2877976434847331,0.2924395409602933,,,-0.000168,0.005631,0.0298,103,109,212,L4f,,2-lysolecithin pool[e] <=> ,,,,-0.006373,-0.006541,,
L4f vs Af,L4f,Af,MAR01601,Phosphatidylethanolamine Transport,Extracellular transport,0.044,0.2877976434847331,0.2877976434847331,,,5.4e-05,0.001813,0.0298,103,110,213,Af,,PE-LD pool[e] <=> PE-LD pool[c],,,,0.001748,0.001802,,
L4f vs Af,L4f,Af,MAR00656,Exchange of Phosphatidylethanolamine,Exchange/demand reactions,0.044,0.2877976434847331,0.2924395409602933,,,-5.4e-05,0.001813,0.0298,103,111,214,L4f,,PE-LD pool[e] <=> ,,,,-0.001748,-0.001802,,
L4f vs Af,L4f,Af,MAR10024,Exchange of biomass,Exchange/demand reactions,0.044,0.2877976434847331,0.2877976434847331,,,0.000977,0.032749,0.0298,103,112,215,Af,,biomass[e] <=> ,,,,0.030343,0.03132,,
L4f vs Af,L4f,Af,MAR10023,Transport of biomass (c to e),Extracellular transport,0.044,0.2877976434847331,0.2877976434847331,,,0.000977,0.032749,0.0298,103,113,216,Af,,biomass[c] => biomass[e],,,,0.030343,0.03132,,
L4f vs Af,L4f,Af,MAR04152,Succinate:CoA ligase (ADP-forming),Tricarboxylic acid cycle and glyoxylate/dicarboxylate metabolism,0.08,0.003311056963176,0.0045347084495672,,,-2.913908,726.672223,0.004,91,125,216,L4f,,ADP[m] + Pi[m] + succinyl-CoA[m] <=> ATP[m] + CoA[m] + succinate[m],,,,6.884638,3.97073,,
L4f vs Af,L4f,Af,MAR04413,Generic Human Biomass Reaction,Artificial reactions,0.044,0.2877976434847331,0.297233631795708,,,0.000977,0.032749,0.0298,103,114,217,Af,,0.505626 alanine[c] + 0.35926 arginine[c] + 0.279425 asparagine[c] + 0.352607 aspartate[c] + 20.7045 ATP[c] + 0.020401 cholesterol[c] + 0.011658 CL pool[c] + 0.039036 CTP[c] + 0.046571 cysteine[c] + 0.013183 dATP[n] + 0.009442 dCTP[n] + 0.009898 dGTP[n] + 0.013091 dTTP[n] + 0.275194 glucose-6-phosphate[c] + 0.385872 glutamate[c] + 0.325996 glutamine[c] + 0.538891 glycine[c] + 0.036117 GTP[c] + 20.6508 H2O[c] + 0.126406 histidine[c] + 0.286078 isoleucine[c] + 0.545544 leucine[c] + 0.592114 lysine[c] + 0.153018 methionine[c] + 0.154463 PC-LD pool[c] + 0.055374 PE-LD pool[c] + 0.259466 phenylalanine[c] + 0.023315 PI pool[c] + 0.412484 proline[c] + 0.005829 PS-LD pool[c] + 0.392525 serine[c] + 0.017486 SM pool[c] + 0.31269 threonine[c] + 0.013306 tryptophan[c] + 0.159671 tyrosine[c] + 0.053446 UTP[c] + 0.352607 valine[c] + 0.002914 PG-CL pool[c] => 20.6508 ADP[c] + 20.6508 H+[c] + 20.6508 Pi[c] + biomass[c],,,,0.028965,0.029942,,
L4f vs Af,L4f,Af,MAR04147,Succinate:CoA ligase (GDP-forming),Tricarboxylic acid cycle and glyoxylate/dicarboxylate metabolism,0.08,0.003311056963176,0.0045347084495672,,,-2.508078,726.620794,0.0035,91,126,217,L4f,,CoA[m] + GTP[m] + succinate[m] <=> GDP[m] + Pi[m] + succinyl-CoA[m],,,,6.068938,3.56086,,
L4f vs Af,L4f,Af,MAR04584,,"Glycine, serine and threonine metabolism",0.061,0.0483971507918124,0.0597847156840036,,,8.459506,724.723192,0.0117,99,119,218,Af,,ATP[c] + creatine[c] <=> ADP[c] + creatine-phosphate[c] + H+[c],,,,-173.796998,-165.337492,,
L4f vs Af,L4f,Af,MAR08430,Phosphocreatine transport to/from mitochondria via diffusion,Mitochondrial transport,0.061,0.0483971507918124,0.0597847156840036,,,-8.459506,724.723192,0.0117,99,120,219,L4f,,creatine-phosphate[m] => creatine-phosphate[c],,,,173.796998,165.337492,,
L4f vs Af,L4f,Af,MAR08428,Crmp hs transport,Mitochondrial transport,0.061,0.0483971507918124,0.060376643562063,,,-8.459506,724.723192,0.0117,99,121,220,L4f,,creatine[c] => creatine[m],,,,173.796998,165.337492,,
L4f vs Af,L4f,Af,MAR04919,CO2 transporter via diffusion,Extracellular transport,0.069,0.0170901484687685,0.0219730480312738,,,0.006719,1.168164,0.0058,97,123,220,Af,,CO2[c] <=> CO2[e],,,,0.455352,0.462072,,
L4f vs Af,L4f,Af,MAR08427,ATP Creatine kinase (c),Arginine and proline metabolism,0.061,0.0483971507918124,0.0609804099976837,,,8.459506,724.723192,0.0117,99,122,221,Af,,ADP[m] + creatine-phosphate[m] + H+[m] <=> ATP[m] + creatine[m],,,,-173.796998,-165.337492,,
L4f vs Af,L4f,Af,MAR09058,CO2 exchange,Exchange/demand reactions,0.069,0.0170901484687685,0.0219730480312738,,,0.006719,1.168164,0.0058,97,124,221,Af,,CO2[e] <=> ,,,,0.455352,0.462072,,
L4m vs Am,L4m,Am,MAR09858,Exchange of Phosphoenolpyruvate,Exchange/demand reactions,1.0,0.0,0.0,,,0.03549,0.039227,0.9047,1,1,2,Am,yes,PEP[e] <=> ,,,,,,-0.036921,-0.001431
L4m vs Am,L4m,Am,MAR09112,Transport of Phosphoenolpyruvate,Extracellular transport,1.0,0.0,0.0,,,0.03549,0.039227,0.9047,1,2,3,Am,,HCO3-[e] + PEP[c] <=> HCO3-[c] + PEP[e],,,,,,-0.036921,-0.001431
L4m vs Am,L4m,Am,MAR09067,Glycine exchange,Exchange/demand reactions,1.0,0.0,0.0,,,0.019543,0.028334,0.6897,1,3,4,Am,,glycine[e] <=> ,,,,,,-0.030178,-0.010635
L4m vs Am,L4m,Am,MAR09064,L-Tyrosine exchange,Exchange/demand reactions,1.0,0.0,0.0,,,-0.01257,0.026725,0.4703,1,8,9,L4m,yes,tyrosine[e] <=> ,,,,,,-0.013636,-0.026206
L4m vs Am,L4m,Am,MAR06725,L-Phenylalanine:2-oxoglutarate aminotransferase,"Phenylalanine, tyrosine and tryptophan biosynthesis",1.0,0.0,0.0,,,-0.049577,0.106782,0.4643,1,9,10,L4m,yes,AKG[c] + phenylalanine[c] <=> glutamate[c] + phenylpyruvate[c],,,,,,0.02223,-0.027346
L4m vs Am,L4m,Am,MAR09042,L-Methionine exchange,Exchange/demand reactions,1.0,0.0,0.0,,,-0.011492,0.025058,0.4586,1,11,12,L4m,yes,methionine[e] <=> ,,,,,,-0.012055,-0.023547
L4m vs Am,L4m,Am,MAR09040,L-Leucine exchange,Exchange/demand reactions,1.0,0.0,0.0,,,-0.037609,0.085975,0.4374,1,13,14,L4m,,leucine[e] <=> ,,,,,,-0.036832,-0.074441
L4m vs Am,L4m,Am,MAR09069,L-Serine exchange,Exchange/demand reactions,1.0,0.0,0.0,,,-0.030186,0.069263,0.4358,1,14,15,L4m,,serine[e] <=> ,,,,,,-0.031341,-0.061527
L4m vs Am,L4m,Am,MAR05068,Transport of arginine (e to c),Extracellular transport,1.0,0.0,0.0,,,0.024354,0.056205,0.4333,1,15,16,Am,yes,arginine[e] => arginine[c],,,,,,0.023501,0.047855
L4m vs Am,L4m,Am,MAR09066,L-Arginine exchange,Exchange/demand reactions,1.0,0.0,0.0,,,-0.024354,0.056205,0.4333,1,16,17,L4m,,arginine[e] <=> ,,,,,,-0.023501,-0.047855
L4m vs Am,L4m,Am,MAR09046,L-Valine exchange,Exchange/demand reactions,1.0,0.0,0.0,,,-0.022873,0.054134,0.4225,1,18,19,L4m,,valine[e] <=> ,,,,,,-0.021184,-0.044057
L4m vs Am,L4m,Am,MAR07811,Aspartate Intake by System Asct-1 Transporter,Extracellular transport,1.0,0.0,0.0,,,0.020456,0.051717,0.3955,1,22,23,Am,,aspartate[e] + Na+[e] + proline[c] => aspartate[c] + Na+[c] + proline[e],,,,,,0.016765,0.037221
L4m vs Am,L4m,Am,MAR00159,butyryl-CoA:L-carnitine O-butanoyltransferase,Carnitine shuttle (cytosolic),0.995,0.0,0.0,,,-0.043223,0.070339,0.6145,20,4,24,L4m,,butyryl-CoA[c] + L-carnitine[c] <=> CoA[c] + O-butanoylcarnitine[c],,,,,,-0.002534,-0.045756
L4m vs Am,L4m,Am,MAR09070,L-Aspartate exchange,Exchange/demand reactions,1.0,0.0,0.0,,,-0.020456,0.051717,0.3955,1,23,24,L4m,,aspartate[e] <=> ,,,,,,-0.016765,-0.037221
L4m vs Am,L4m,Am,MAR11257,Transport of Butyryl Carnitine,Extracellular transport,0.995,0.0,0.0,,,0.043223,0.070339,0.6145,20,5,25,Am,,O-butanoylcarnitine[e] <=> O-butanoylcarnitine[c],,,,,,0.002534,0.045756
L4m vs Am,L4m,Am,MAR04889,Exchange of Butyryl Carnitine,Exchange/demand reactions,0.995,0.0,0.0,,,-0.043223,0.070339,0.6145,20,6,26,L4m,,O-butanoylcarnitine[e] <=> ,,,,,,-0.002534,-0.045756
L4m vs Am,L4m,Am,MAR01525,Bicarbonate Transport (HCl/ (Hcl/NaHCO3 Antiport),Extracellular transport,1.0,0.0,0.0,,,0.07416,0.191859,0.3865,1,28,29,Am,,chloride[c] + H+[c] + HCO3-[e] + Na+[e] <=> chloride[e] + H+[e] + HCO3-[c] + Na+[c],,,,,,0.019575,0.093735
L4m vs Am,L4m,Am,MAR09044,L-Threonine exchange,Exchange/demand reactions,1.0,0.0,0.0,,,-0.017213,0.044935,0.3831,1,29,30,L4m,,threonine[e] <=> ,,,,,,-0.013172,-0.030385
L4m vs Am,L4m,Am,MAR09038,L-Histidine exchange,Exchange/demand reactions,1.0,0.0,0.0,,,-0.006917,0.018124,0.3817,1,30,31,L4m,,histidine[e] <=> ,,,,,,-0.009414,-0.016331
L4m vs Am,L4m,Am,MAR09063,L-Glutamine exchange,Exchange/demand reactions,1.0,0.0,0.0,,,-0.016549,0.04545,0.3641,1,37,38,L4m,,glutamine[e] <=> ,,,,,,-0.011179,-0.027727
L4m vs Am,L4m,Am,MAR09039,L-Isoleucine exchange,Exchange/demand reactions,1.0,0.0,0.0,,,-0.014514,0.039877,0.364,1,38,39,L4m,,isoleucine[e] <=> ,,,,,,-0.009795,-0.024309
L4m vs Am,L4m,Am,MAR04874,Transport of NH3 (c to m),Mitochondrial transport,0.951,0.0,0.0,,,-0.046401,0.100492,0.4617,33,10,43,L4m,,NH3[c] <=> NH3[m],,,,,,0.0702,0.023798
L4m vs Am,L4m,Am,MAR05449,"Fatty Acid Beta Oxidation (C4->C2), Mitochondrial",Fatty acid oxidation,0.931,0.0,0.0,,,0.034319,0.067824,0.506,38,7,45,Am,,butyryl-CoA[m] + CoA[m] + FAD[m] + H2O[m] + NAD+[m] => 2 acetyl-CoA[m] + FADH2[m] + H+[m] + NADH[m],,,,,,0.011437,0.045756
L4m vs Am,L4m,Am,MAR03977,diphosphate phosphohydrolase,Oxidative phosphorylation,0.946,0.0,0.0,,,0.144589,0.326201,0.4433,34,12,46,Am,,H2O[c] + PPi[c] => H+[c] + 2 Pi[c],,,,,,0.186466,0.331055
L4m vs Am,L4m,Am,MAR04914,CoA transporter  mitochondrial   irreversible,Mitochondrial transport,0.955,0.0,0.0,,,-0.042789,0.099393,0.4305,32,17,49,L4m,,CoA[c] <=> CoA[m],,,,,,-0.006046,-0.048836
L4m vs Am,L4m,Am,MAR04855,Fumarate/malate antiporter (mitochondrial),Mitochondrial transport,0.977,0.0,0.0,,,-0.12605,0.323325,0.3899,28,27,55,L4m,,fumarate[c] + malate[m] <=> fumarate[m] + malate[c],,,,,,0.102252,-0.023798
L4m vs Am,L4m,Am,MAR09062,L-Asparagine exchange,Exchange/demand reactions,0.999,0.0,0.0,,,-0.013839,0.038612,0.3584,19,39,58,L4m,,asparagine[e] <=> ,,,,,,-0.00895,-0.02279
L4m vs Am,L4m,Am,MAR04384,Exchange of N-Acylsphingosine,Exchange/demand reactions,0.995,0.0,0.0,,,-0.010417,0.029279,0.3558,20,40,60,L4m,,ceramide pool[e] <=> ,,,,,,-0.006803,-0.017221
L4m vs Am,L4m,Am,MAR12040,Ceramide Diffusion,Sphingolipid metabolism,0.995,0.0,0.0,,,0.010417,0.029279,0.3558,20,41,61,Am,,ceramide pool[e] <=> ceramide pool[c],,,,,,0.006803,0.017221
L4m vs Am,L4m,Am,MAR11947,Exchange of Sphingosine,Exchange/demand reactions,0.99,0.0,0.0,,,0.0093,0.026611,0.3495,25,46,71,Am,,sphingosine[e] <=> ,,,,,,0.005783,0.015083
L4m vs Am,L4m,Am,MAR09641,Transport of sphingosine (c to e),Extracellular transport,0.99,0.0,0.0,,,0.0093,0.026611,0.3495,25,47,72,Am,,sphingosine[c] <=> sphingosine[e],,,,,,0.005783,0.015083
L4m vs Am,L4m,Am,MAR00758,acyl-CoA:sphingosine N-acyltransferase,Sphingolipid metabolism,0.99,0.0,0.0,,,0.0093,0.026611,0.3495,25,48,73,Am,,ceramide pool[c] + CoA[c] + H+[c] => sphingosine[c] + acyl-CoA pool[c],,,,,,0.005783,0.015083
L4m vs Am,L4m,Am,MAR00569,Exchange of ATP,Exchange/demand reactions,0.798,5.34562e-318,1.4988707e-317,,,-0.22698,0.578372,0.3924,50,25,75,L4m,,ATP[e] <=> ,,,,,,-0.161269,-0.38825
L4m vs Am,L4m,Am,MAR05303,,Extracellular transport,0.798,5.34562e-318,1.4988707e-317,,,-0.22698,0.578372,0.3924,50,26,76,L4m,,ATP[c] <=> ATP[e],,,,,,-0.161269,-0.38825
L4m vs Am,L4m,Am,MAR01499,Lysophosphatidylcholine Transport,Extracellular transport,0.959,0.0,0.0,,,0.007436,0.02268,0.3279,29,51,80,Am,,2-lysolecithin pool[e] <=> 2-lysolecithin pool[c],,,,,,0.003533,0.010968
L4m vs Am,L4m,Am,MAR00628,Exchange of Lysophosphatidylcholine,Exchange/demand reactions,0.959,0.0,0.0,,,-0.007436,0.02268,0.3279,29,52,81,L4m,,2-lysolecithin pool[e] <=> ,,,,,,-0.003533,-0.010968
L4m vs Am,L4m,Am,MAR03951,HMR 3951,Extracellular transport,0.711,1.4576027847307439e-243,3.2568312221327557e-243,,,1.020665,2.458103,0.4152,63,19,82,Am,,Na+[c] + sulfite[c] <=> Na+[e] + sulfite[e],,,,,,0.286894,1.307559
L4m vs Am,L4m,Am,MAR00632,Acyl-CoA:1-acyl-sn-glycero-3-phosphocholine O-acyltransferase,Glycerophospholipid metabolism,0.959,0.0,0.0,,,0.007436,0.02268,0.3278,29,53,82,Am,,2-lysolecithin pool[c] + acyl-CoA pool[c] => CoA[c] + PC-LD pool[c],,,,,,0.003532,0.010968
L4m vs Am,L4m,Am,MAR09259,L-Alanine exchange,Exchange/demand reactions,0.863,0.0,0.0,,,0.038038,0.106916,0.3558,40,42,82,Am,,AKG[e] <=> ,,,,,,-0.033369,0.00467
L4m vs Am,L4m,Am,MAR09883,Folate Transport by Oat1,Extracellular transport,0.863,0.0,0.0,,,0.038038,0.106916,0.3558,40,43,83,Am,,AKG[c] + folate[e] + Na+[e] <=> AKG[e] + folate[c] + Na+[c],,,,,,-0.033369,0.00467
L4m vs Am,L4m,Am,MAR10363,"Transport of Methylmalonate, Antiport with Sulphite",Extracellular transport,0.711,1.4576027847307439e-243,3.2568312221327557e-243,,,1.020665,2.458103,0.4152,63,20,83,Am,,methylmalonate[c] + sulfite[e] <=> sulfite[c] + methylmalonate[e],,,,,,0.286894,1.307559
L4m vs Am,L4m,Am,MAR10364,"Transport of Methylmalonate, Antiport with Sulphate",Extracellular transport,0.863,0.0,0.0,,,-0.038038,0.106916,0.3558,40,44,84,L4m,,methylmalonate[c] + sulfate[e] <=> sulfate[c] + methylmalonate[e],,,,,,0.033369,-0.00467
L4m vs Am,L4m,Am,MAR09884,Folate Transport by Oats,Extracellular transport,0.863,0.0,0.0,,,-0.038038,0.106916,0.3558,40,45,85,L4m,,folate[e] + sulfate[c] <=> folate[c] + sulfate[e],,,,,,0.033369,-0.00467
L4m vs Am,L4m,Am,MAR09292,NC22:6 exchange,Exchange/demand reactions,0.784,5.991940870473123e-305,1.5300849008529583e-304,,,0.025455,0.067849,0.3752,55,31,86,Am,,L-carnitine[e] <=> ,,,,,,0.021898,0.047353
L4m vs Am,L4m,Am,MAR08676,L-carnitine outward transport (H+ antiport),Extracellular transport,0.784,5.991940870473123e-305,1.557904626323012e-304,,,0.025455,0.067849,0.3752,55,32,87,Am,,L-carnitine[c] <=> L-carnitine[e],,,,,,0.021898,0.047353
L4m vs Am,L4m,Am,MAR04002,ATP:AMP phosphotransferase,Purine metabolism,0.667,3.0775661593936442e-211,6.668060012019563e-211,,,-0.148145,0.374408,0.3957,66,21,87,L4m,,2 ADP[c] <=> AMP[c] + ATP[c],,,,,,-0.083493,-0.231638
L4m vs Am,L4m,Am,MAR10366,"Transport of Methylmalonate, Antiport with Phsophate",Extracellular transport,0.684,2.380997184745219e-223,5.2381938064394816e-223,,,-0.961341,2.44503,0.3932,65,24,89,L4m,,methylmalonate[c] + Pi[e] <=> Pi[c] + methylmalonate[e],,,,,,-0.370942,-1.332283
L4m vs Am,L4m,Am,MAR04350,ATP:D-ribose 5-phosphotransferase,Pentose phosphate pathway,0.74,1.0578366251525282e-266,2.4398489902711534e-266,,,0.541102,1.460882,0.3704,59,33,92,Am,,ADP[c] + H+[c] + ribose-5-phosphate[c] <=> ATP[c] + ribose[c],,,,,,0.17791,0.719012
L4m vs Am,L4m,Am,MAR10023,Transport of biomass (c to e),Extracellular transport,0.945,0.0,0.0,,,0.04128,0.129936,0.3177,35,57,92,Am,,biomass[c] => biomass[e],,,,,,0.016955,0.058235
L4m vs Am,L4m,Am,MAR04354,"D-Ribose 1,5-phosphomutase",Pentose phosphate pathway,0.74,1.0578366251525282e-266,2.4398489902711534e-266,,,0.541102,1.460882,0.3704,59,34,93,Am,,ribose-1-phosphate[c] <=> ribose-5-phosphate[c],,,,,,0.17791,0.719012
L4m vs Am,L4m,Am,MAR10024,Exchange of biomass,Exchange/demand reactions,0.945,0.0,0.0,,,0.04128,0.129936,0.3177,35,58,93,Am,,biomass[e] <=> ,,,,,,0.016955,0.058235
L4m vs Am,L4m,Am,MAR09406,R total exchange,Exchange/demand reactions,0.74,1.0578366251525282e-266,2.4398489902711534e-266,,,0.541102,1.460882,0.3704,59,35,94,Am,,ribose[e] <=> ,,,,,,0.17791,0.719012
L4m vs Am,L4m,Am,MAR04958,D-ribose transport via diffusion,Extracellular transport,0.74,1.0578366251525282e-266,2.4798465147018284e-266,,,0.541102,1.460882,0.3704,59,36,95,Am,,ribose[c] <=> ribose[e],,,,,,0.17791,0.719012
L4m vs Am,L4m,Am,MAR04413,Generic Human Biomass Reaction,Artificial reactions,0.941,0.0,0.0,,,0.040877,0.129534,0.3156,37,60,97,Am,,0.505626 alanine[c] + 0.35926 arginine[c] + 0.279425 asparagine[c] + 0.352607 aspartate[c] + 20.7045 ATP[c] + 0.020401 cholesterol[c] + 0.011658 CL pool[c] + 0.039036 CTP[c] + 0.046571 cysteine[c] + 0.013183 dATP[n] + 0.009442 dCTP[n] + 0.009898 dGTP[n] + 0.013091 dTTP[n] + 0.275194 glucose-6-phosphate[c] + 0.385872 glutamate[c] + 0.325996 glutamine[c] + 0.538891 glycine[c] + 0.036117 GTP[c] + 20.6508 H2O[c] + 0.126406 histidine[c] + 0.286078 isoleucine[c] + 0.545544 leucine[c] + 0.592114 lysine[c] + 0.153018 methionine[c] + 0.154463 PC-LD pool[c] + 0.055374 PE-LD pool[c] + 0.259466 phenylalanine[c] + 0.023315 PI pool[c] + 0.412484 proline[c] + 0.005829 PS-LD pool[c] + 0.392525 serine[c] + 0.017486 SM pool[c] + 0.31269 threonine[c] + 0.013306 tryptophan[c] + 0.159671 tyrosine[c] + 0.053446 UTP[c] + 0.352607 valine[c] + 0.002914 PG-CL pool[c] => 20.6508 ADP[c] + 20.6508 H+[c] + 20.6508 Pi[c] + biomass[c],,,,,,0.016218,0.057096
L4m vs Am,L4m,Am,MAR04882,Uracil transport via facilated diffusion,Extracellular transport,0.805,0.0,0.0,,,0.903999,2.637423,0.3428,48,49,97,Am,,uracil[c] <=> uracil[e],,,,,,0.203999,1.107998
L4m vs Am,L4m,Am,MAR09437,Urea exchange,Exchange/demand reactions,0.805,0.0,0.0,,,0.903999,2.637423,0.3428,48,50,98,Am,,uracil[e] <=> ,,,,,,0.203999,1.107998
L4m vs Am,L4m,Am,MAR08619,Ascorbic acid oxidase,Ascorbate and aldarate metabolism,0.79,1.7393873592851e-310,4.60615541440317e-310,,,0.594184,2.285822,0.2599,52,61,113,Am,,ascorbate[c] + 2 H+[c] + 2 O2-[c] => dehydroascorbic acid[c] + 2 H2O2[c],,,,,,0.093845,0.68803
L4m vs Am,L4m,Am,MAR03959,Superoxide anion transport via diffusion (extracellular),Extracellular transport,0.79,1.7393873592851e-310,4.60615541440317e-310,,,-1.188369,4.571644,0.2599,52,62,114,L4m,,O2-[c] <=> O2-[e],,,,,,-0.18769,-1.376059
L4m vs Am,L4m,Am,MAR09383,Octadecanoate (n-C18:0) exchange,Exchange/demand reactions,0.79,1.7393873592851e-310,4.60615541440317e-310,,,-1.188369,4.571644,0.2599,52,63,115,L4m,,O2-[e] <=> ,,,,,,-0.18769,-1.376059
L4m vs Am,L4m,Am,MAR03802,L-glutamate:NAD+ oxidoreductase (deaminating),"Alanine, aspartate and glutamate metabolism",0.751,6.8157616963550574e-276,1.680437797549609e-275,,,-0.044138,0.139525,0.3163,58,59,117,L4m,,AKG[m] + 2 H+[m] + NADH[m] + NH3[m] <=> glutamate[m] + H2O[m] + NAD+[m],,,,,,0.068507,0.024368
L4m vs Am,L4m,Am,MAR04710,"2-deoxy-D-ribose 1-phosphate 1,5-phosphomutase",Pentose phosphate pathway,0.815,0.0,0.0,,,-0.735681,3.051293,0.2411,44,80,124,L4m,,2-deoxy-D-ribose-1-phosphate[c] <=> 2-deoxy-D-ribose-5-phosphate[c],,,,,,0.282613,-0.453068
L4m vs Am,L4m,Am,MAR09242,Type IIIAb exchange,Exchange/demand reactions,0.815,0.0,0.0,,,-0.735681,3.051293,0.2411,44,81,125,L4m,,acetaldehyde[e] <=> ,,,,,,0.282613,-0.453068
L4m vs Am,L4m,Am,MAR04398,2-deoxy-D-ribose-5-phosphate acetaldehyde-lyase (D-glyceraldehyde-3-phosphate-forming),Pentose phosphate pathway,0.815,0.0,0.0,,,-0.735681,3.051293,0.2411,44,82,126,L4m,,2-deoxy-D-ribose-5-phosphate[c] <=> acetaldehyde[c] + D-glyceraldehyde 3-phosphate[c],,,,,,0.282613,-0.453068
L4m vs Am,L4m,Am,MAR09440,L-Valine exchange,Exchange/demand reactions,0.603,1.482037203950835e-169,2.903168769383142e-169,,,-0.213001,0.66456,0.3205,72,54,126,L4m,,UTP[e] <=> ,,,,,,-0.206747,-0.419748
L4m vs Am,L4m,Am,MAR04948,Acetaldehyde reversible transport,Extracellular transport,0.815,0.0,0.0,,,-0.735681,3.051293,0.2411,44,83,127,L4m,,acetaldehyde[c] <=> acetaldehyde[e],,,,,,0.282613,-0.453068
L4m vs Am,L4m,Am,MAR04947,,Extracellular transport,0.603,1.482037203950835e-169,2.903168769383142e-169,,,-0.213001,0.66456,0.3205,72,55,127,L4m,,UTP[c] <=> UTP[e],,,,,,-0.206747,-0.419748
L4m vs Am,L4m,Am,MAR04579,uridine:phosphate alpha-D-ribosyltransferase,Pyrimidine metabolism,0.597,6.036709295933908e-166,1.166553282862904e-165,,,0.210005,0.66042,0.318,74,56,130,Am,,Pi[c] + uridine[c] <=> ribose-1-phosphate[c] + uracil[c],,,,,,0.203999,0.414004
L4m vs Am,L4m,Am,MAR06383,L-homoserine via sodium symport,Extracellular transport,0.867,0.0,0.0,,,-0.216829,1.324881,0.1637,39,97,136,L4m,,H+[c] + homoserine[e] + Na+[e] => H+[e] + homoserine[c] + Na+[c],,,,,,0.252531,0.035702
L4m vs Am,L4m,Am,MAR03980,hydrogen-peroxide:hydrogen-peroxide oxidoreductase,ROS detoxification,0.752,9.6867846026964e-277,2.4301933301501493e-276,,,0.201164,0.970986,0.2072,57,89,146,Am,,2 H2O2[c] => 2 H2O[c] + O2[c],,,,,,0.358888,0.560051
L4m vs Am,L4m,Am,MAR04603,Deoxyguanosine:orthophosphate ribosyltransferase,Purine metabolism,0.633,2.3619474016900617e-188,5.041171320025057e-188,,,0.401278,1.794642,0.2236,67,84,151,Am,,2-deoxy-D-ribose-1-phosphate[c] + guanine[c] <=> deoxyguanosine[c] + Pi[c],,,,,,-0.282613,0.118665
L4m vs Am,L4m,Am,MAR04985,Guanine transport,Extracellular transport,0.633,2.3619474016900617e-188,4.895050412198243e-188,,,-0.401278,1.794642,0.2236,67,85,152,L4m,,guanine[c] <=> guanine[e],,,,,,0.282613,-0.118665
L4m vs Am,L4m,Am,MAR06366,Deoyguanosine transport via diffusion,Extracellular transport,0.633,2.3619474016900617e-188,4.895050412198243e-188,,,0.401278,1.794642,0.2236,67,86,153,Am,,deoxyguanosine[c] <=> deoxyguanosine[e],,,,,,-0.282613,0.118665
L4m vs Am,L4m,Am,MAR02351,Facilitated diffusion of phosphate (c to e),Extracellular transport,0.567,1.2967034492352598e-148,2.2892418918597796e-148,,,0.742283,2.988237,0.2484,81,73,154,Am,,Pi[c] => Pi[e],,,,,,0.27234,1.014623
L4m vs Am,L4m,Am,MAR09300,Digalactosylceramidesulfate exchange,Exchange/demand reactions,0.633,2.3619474016900617e-188,4.757161668192659e-188,,,0.401278,1.794642,0.2236,67,87,154,Am,,deoxyguanosine[e] <=> ,,,,,,-0.282613,0.118665
L4m vs Am,L4m,Am,MAR09353,Hydrogen peroxide exchange,Exchange/demand reactions,0.633,2.3619474016900617e-188,4.757161668192659e-188,,,-0.401278,1.794642,0.2236,67,88,155,L4m,,guanine[e] <=> ,,,,,,0.282613,-0.118665
L4m vs Am,L4m,Am,MAR06916,ATP phosphohydrolase,Oxidative phosphorylation,0.558,1.2169340874898888e-143,2.122214323305538e-143,,,0.093862,0.38379,0.2446,82,74,156,Am,,ADP[m] + Pi[m] + 3 H+[i] => ATP[m] + 2 H+[m] + H2O[m],,,,,,0.090748,0.18461
L4m vs Am,L4m,Am,MAR10197,Exchange of Acetyl-Lysine,Exchange/demand reactions,0.513,2.782389899475868e-120,4.5213835866482856e-120,,,-0.03264,0.133723,0.2441,84,75,159,L4m,,Acetyl-L-Lysine[e] <=> ,,,,,,0.124609,0.091968
L4m vs Am,L4m,Am,MAR03789,"Transport of Methylmalonate, Mitochondrial",Mitochondrial transport,0.495,1.2921449704726964e-111,1.7766993343999573e-111,,,-0.023445,0.093663,0.2503,96,64,160,L4m,,methylmalonate[c] <=> methylmalonate[m],,,,,,0.047243,0.023798
L4m vs Am,L4m,Am,MAR09996,"Transport of Acetyl-Lysine, Extracellular",Extracellular transport,0.513,2.782389899475868e-120,4.5213835866482856e-120,,,-0.03264,0.133723,0.2441,84,76,160,L4m,,Acetyl-L-Lysine[c] <=> Acetyl-L-Lysine[e],,,,,,0.124609,0.091968
L4m vs Am,L4m,Am,MAR10243,Exchange of Methylmalonate,Exchange/demand reactions,0.495,1.2921449704726964e-111,1.7939488425009282e-111,,,0.023445,0.093663,0.2503,96,65,161,Am,,methylmalonate[e] <=> ,,,,,,-0.047243,-0.023798
L4m vs Am,L4m,Am,MAR00061,Acetate Mitochondrial Transport via Proton Symport,Mitochondrial transport,0.513,2.782389899475868e-120,4.6809618308829304e-120,,,0.03264,0.133723,0.2441,84,77,161,Am,,acetate[c] + H+[c] <=> acetate[m] + H+[m],,,,,,-0.124609,-0.091968
L4m vs Am,L4m,Am,MAR09952,Hydrolysis of Acetyl-Lysine,Lysine metabolism,0.513,2.782389899475868e-120,4.5213835866482856e-120,,,0.03264,0.133723,0.2441,84,78,162,Am,,H2O[c] + Acetyl-L-Lysine[c] <=> acetate[c] + lysine[c],,,,,,-0.124609,-0.091968
L4m vs Am,L4m,Am,MAR04652,succinate:quinone oxidoreductase,Tricarboxylic acid cycle and glyoxylate/dicarboxylate metabolism,0.495,1.2921449704726964e-111,1.7939488425009282e-111,,,0.023445,0.093663,0.2503,96,66,162,Am,,fumarate[m] + ubiquinol[m] <=> succinate[m] + ubiquinone[m],,,,,,-0.047243,-0.023798
L4m vs Am,L4m,Am,ASCTm,Acetate:succinate CoA-transferase,,0.513,2.782389899475868e-120,4.73668756696487e-120,,,-0.03264,0.133723,0.2441,84,79,163,L4m,,succinate[m] + acetyl-CoA[m] => succinyl-CoA[m] + acetate[m],,,,,,0.124609,0.091968
L4m vs Am,L4m,Am,MAR04852,"Dicarboxylate/tricarboxylate carrier (mal:akg), mitochondrial",Mitochondrial transport,0.495,1.2921449704726964e-111,1.7766993343999573e-111,,,-0.023445,0.093663,0.2503,96,67,163,L4m,,AKG[c] + malate[m] <=> AKG[m] + malate[c],,,,,,0.047243,0.023798
L4m vs Am,L4m,Am,MAR05126,L proline transport  mitochondrial,Mitochondrial transport,0.495,1.2921449704726964e-111,1.7766993343999573e-111,,,-0.023445,0.093663,0.2503,96,68,164,L4m,,proline[m] + H+[i] => H+[m] + proline[c],,,,,,0.047243,0.023798
L4m vs Am,L4m,Am,MAR03763,(S)-Methylmalonyl-CoA hydrolase,"Valine, leucine, and isoleucine metabolism",0.495,1.2921449704726964e-111,1.7766993343999573e-111,,,-0.023445,0.093663,0.2503,96,69,165,L4m,,CoA[m] + H+[m] + methylmalonate[m] => (R)-methylmalonyl-CoA[m] + H2O[m],,,,,,0.047243,0.023798
L4m vs Am,L4m,Am,MAR09828,Transport of Fumarate,Extracellular transport,0.495,1.2921449704726964e-111,1.7766993343999573e-111,,,0.023445,0.093663,0.2503,96,70,166,Am,,fumarate[e] <=> fumarate[c],,,,,,-0.047243,-0.023798
L4m vs Am,L4m,Am,MAR11400,Exchange of Fumarate,Exchange/demand reactions,0.495,1.2921449704726964e-111,1.7766993343999573e-111,,,-0.023445,0.093663,0.2503,96,71,167,L4m,,fumarate[e] <=> ,,,,,,0.047243,0.023798
L4m vs Am,L4m,Am,MAR03215,(R)-Methylmalonyl-CoA CoA-carbonylmutase,"Valine, leucine, and isoleucine metabolism",0.495,1.2921449704726964e-111,1.7766993343999573e-111,,,-0.023445,0.093663,0.2503,96,72,168,L4m,,(R)-methylmalonyl-CoA[m] <=> succinyl-CoA[m],,,,,,0.047243,0.023798
L4m vs Am,L4m,Am,MAR04368,ATP:3-phospho-D-glycerate 1-phosphotransferase,Glycolysis / Gluconeogenesis,0.595,9.403763044852646e-165,1.7464131369012058e-164,,,0.412107,2.407549,0.1712,75,93,168,Am,,"1,3-bisphospho-D-glycerate[c] + ADP[c] <=> 3-phospho-D-glycerate[c] + ATP[c]",,,,,,0.282613,0.69472
L4m vs Am,L4m,Am,MAR09862,Exchange of 3-Phospho-D-Glycerate,Exchange/demand reactions,0.595,9.403763044852646e-165,1.7240232248896515e-164,,,0.412107,2.407549,0.1712,75,94,169,Am,,3-phospho-D-glycerate[e] <=> ,,,,,,0.282613,0.69472
L4m vs Am,L4m,Am,MAR04373,D-glyceraldehyde-3-phosphate:NAD+ oxidoreductase (phosphorylating),Glycolysis / Gluconeogenesis,0.595,9.403763044852646e-165,1.7464131369012058e-164,,,-0.412107,2.407549,0.1712,75,95,170,L4m,,"1,3-bisphospho-D-glycerate[c] + H+[c] + NADH[c] <=> D-glyceraldehyde 3-phosphate[c] + NAD+[c] + Pi[c]",,,,,,-0.282613,-0.69472
L4m vs Am,L4m,Am,MAR09836,Transport of 3-Phospho-D-Glycerate,Extracellular transport,0.595,9.403763044852646e-165,1.7464131369012058e-164,,,-0.412107,2.407549,0.1712,75,96,171,L4m,,3-phospho-D-glycerate[e] <=> 3-phospho-D-glycerate[c],,,,,,-0.282613,-0.69472
L4m vs Am,L4m,Am,MAR09354,EX hco3 LPAREN e RPAREN ,Exchange/demand reactions,0.584,2.7323854739240687e-158,4.884139034639272e-158,,,0.736769,5.522256,0.1334,79,99,178,Am,,H2O2[e] <=> ,,,,,,-0.49375,0.24302
L4m vs Am,L4m,Am,MAR06911,Complex II reaction for respiratory chain,Oxidative phosphorylation,0.51,8.22523681091035e-119,1.3215829932136854e-118,,,0.012723,0.061613,0.2065,89,90,179,Am,,FADH2[m] + ubiquinone[m] <=> FAD[m] + ubiquinol[m],,,,,,0.032008,0.044731
L4m vs Am,L4m,Am,MAR08408,Hydrogen peroxide transport via diffusion,Extracellular transport,0.584,2.7323854739240687e-158,4.9459635793815416e-158,,,0.736769,5.522256,0.1334,79,100,179,Am,,H2O2[c] <=> H2O2[e],,,,,,-0.49375,0.24302
L4m vs Am,L4m,Am,MAR04919,CO2 transporter via diffusion,Extracellular transport,0.502,6.103857836584651e-115,9.187912322437948e-115,,,0.098779,0.499977,0.1976,95,92,187,Am,,CO2[c] <=> CO2[e],,,,,,0.174321,0.2731
L4m vs Am,L4m,Am,MAR09072,Phosphate exchange,Exchange/demand reactions,0.399,1.7223838690805776e-71,2.323593332816251e-71,,,1.566877,7.612837,0.2058,106,91,197,Am,,Pi[e] <=> ,,,,,,0.768283,2.33516
L4m vs Am,L4m,Am,MAR04008,ATP:UMP phosphotransferase,Pyrimidine metabolism,0.548,3.0940781182944927e-138,5.3307610953748495e-138,,,70.413834,1990.179076,0.0354,83,120,203,Am,,ADP[c] + UDP[c] <=> ATP[c] + UMP[c],,,,,,0.203034,70.616868
L4m vs Am,L4m,Am,MAR04010,adenosine 5'-monophosphate phosphohydrolase,Purine metabolism,0.396,2.146349786144595e-70,2.8684861627913745e-70,,,0.057715,0.372761,0.1548,107,98,205,Am,,AMP[c] + H2O[c] => adenosine[c] + Pi[c],,,,,,0.084607,0.142322
L4m vs Am,L4m,Am,MAR08486,adenosine:phosphate alpha-D-ribosyltransferase,Nucleotide metabolism,0.473,1.5818384838992494e-101,2.1543133637865966e-101,,,0.140037,1.175092,0.1192,105,102,207,Am,,adenosine[c] + Pi[c] <=> adenine[c] + ribose-1-phosphate[c],,,,,,-0.026416,0.113621
L4m vs Am,L4m,Am,MAR06918,ubiquinol:ferricytochrome-c oxidoreductase,Oxidative phosphorylation,0.342,3.101108472869825e-52,4.068426712113623e-52,,,0.018552,0.19817,0.0936,108,104,212,Am,,2 ferricytochrome C[m] + 2 H+[m] + ubiquinol[m] => 2 ferrocytochrome C[m] + ubiquinone[m] + 4 H+[i],,,,,,0.077907,0.096459
L4m vs Am,L4m,Am,MAR06914,ferrocytochrome-c:oxygen oxidoreductase,Oxidative phosphorylation,0.342,3.101108472869825e-52,4.1060973298183794e-52,,,0.009276,0.099085,0.0936,108,105,213,Am,,4 ferrocytochrome C[m] + 8 H+[m] + O2[m] => 4 ferricytochrome C[m] + 2 H2O[m] + 4 H+[i],,,,,,0.038953,0.04823
L4m vs Am,L4m,Am,MAR04898,O2 transport  diffusion ,Mitochondrial transport,0.279,1.147806633258385e-34,1.465503112106688e-34,,,-0.013438,0.128302,0.1047,112,103,215,L4m,,O2[c] <=> O2[m],,,,,,0.063718,0.05028
L4m vs Am,L4m,Am,MAR04847,Adenine transport via diffusion,Extracellular transport,0.329,2.6939327692004903e-48,3.4705620359970285e-48,,,-0.101531,2.119821,0.0479,110,108,218,L4m,,adenine[c] <=> adenine[e],,,,,,-0.026416,-0.127947
L4m vs Am,L4m,Am,MAR09253,ADPribose 2'-phosphate exchange,Exchange/demand reactions,0.329,2.6939327692004903e-48,3.4705620359970285e-48,,,-0.101531,2.119821,0.0479,110,109,219,L4m,,adenine[e] <=> ,,,,,,-0.026416,-0.127947
L4m vs Am,L4m,Am,MAR09079,H+ exchange,Exchange/demand reactions,0.266,1.640515093458319e-31,2.0760500740224744e-31,,,-0.490536,7.537021,0.0651,113,107,220,L4m,,H+[e] <=> ,,,,,,0.31707,-0.173466
L4m vs Am,L4m,Am,MAR04152,Succinate:CoA ligase (ADP-forming),Tricarboxylic acid cycle and glyoxylate/dicarboxylate metabolism,0.242,4.2252283893369713e-26,5.208686721337818e-26,,,-74.780323,1701.240991,0.044,114,111,225,L4m,,ADP[m] + Pi[m] + succinyl-CoA[m] <=> ATP[m] + CoA[m] + succinate[m],,,,,,10.253432,-64.52689
L4m vs Am,L4m,Am,MAR03967,Cytidylate kinase (CMP)(GTP),Nucleotide metabolism,0.509,2.529553479526401e-118,3.931805951872558e-118,,,-10.090425,879.097735,0.0115,90,136,226,L4m,,CDP[c] + GDP[c] <=> CMP[c] + GTP[c],,,,,,10.086815,-0.00361
L4m vs Am,L4m,Am,MAR04147,Succinate:CoA ligase (GDP-forming),Tricarboxylic acid cycle and glyoxylate/dicarboxylate metabolism,0.242,4.2252283893369713e-26,5.208686721337818e-26,,,-74.735495,1701.212008,0.0439,114,112,226,L4m,,CoA[m] + GTP[m] + succinate[m] <=> GDP[m] + Pi[m] + succinyl-CoA[m],,,,,,10.085387,-64.650108
L4m vs Am,L4m,Am,MAR20137,MAR20137,Mitochondrial transport,0.242,4.2252283893369713e-26,5.208686721337818e-26,,,74.734355,1701.212008,0.0439,114,113,227,Am,,CTP[c] + GTP[m] <=> CTP[m] + GTP[c],,,,,,-10.085387,64.648969
L4m vs Am,L4m,Am,MAR04135,ATP:GMP phosphotransferase,Purine metabolism,0.509,2.529553479526401e-118,3.931805951872558e-118,,,-10.088857,879.098183,0.0115,90,137,227,L4m,,ADP[m] + GDP[m] <=> ATP[m] + GMP[m],,,,,,10.085387,-0.00347
L4m vs Am,L4m,Am,MAR20139,MAR20139,Mitochondrial transport,0.509,2.529553479526401e-118,3.931805951872558e-118,,,-10.088857,879.098183,0.0115,90,138,228,L4m,,CTP[c] + GMP[m] <=> CTP[m] + GMP[c],,,,,,10.085387,-0.00347
L4m vs Am,L4m,Am,MAR04963,,Mitochondrial transport,0.194,7.246822006432893e-17,8.096058960311748e-17,,,-0.008257,0.064377,0.1283,128,101,229,L4m,,glutamate[m] + proline[c] => glutamate[c] + proline[m],,,,,,0.032055,0.023798
L4m vs Am,L4m,Am,MAR04512,ATP:dCMP phosphotransferase,Pyrimidine metabolism,0.504,6.683182560861084e-116,1.0276291464549837e-115,,,-4.877864,1985.957487,0.0025,93,142,235,L4m,,ADP[c] + dCDP[c] <=> ATP[c] + dCMP[c],,,,,,0.202966,-4.674898
L4m vs Am,L4m,Am,MAR08456,"Cytidylate kinase (dCMP,CTP),nuclear",Nucleotide metabolism,0.504,6.683182560861084e-116,1.016696921492697e-115,,,4.876004,1985.95728,0.0025,93,143,236,Am,,dCDP[c] + UDP[c] <=> dCMP[c] + UTP[c],,,,,,-0.203925,4.672079
L4m vs Am,L4m,Am,MAR07638,Uncoupling protein,Mitochondrial transport,0.14,5.8227521480225915e-09,6.405027362824849e-09,,,-0.031375,0.400831,0.0783,130,106,236,L4m,,H+[c] => H+[m],,,,,,0.119103,0.087727
L4m vs Am,L4m,Am,MAR04752,Coproporphyrinogen:oxygen oxidoreductase(decarboxylating),Porphyrin metabolism,0.218,3.2027373541576358e-21,3.723507655646683e-21,,,0.005687,0.165299,0.0344,117,121,238,Am,,coproporphyrinogen III[c] + 2 H+[c] + O2[c] => 2 CO2[c] + 2 H2O[c] + protoporphyrinogen IX[c],,,,,,0.082877,0.088564
L4m vs Am,L4m,Am,MAR11316,Protoporphyrinogen Oxidase (Aerobic),Porphyrin metabolism,0.218,3.2027373541576358e-21,3.723507655646683e-21,,,0.005687,0.165299,0.0344,117,122,239,Am,,1.5 O2[c] + protoporphyrinogen IX[c] => 3 H2O[c] + protoporphyrin[c],,,,,,0.082877,0.088564
L4m vs Am,L4m,Am,MAR09076,Fe2+ exchange,Exchange/demand reactions,0.218,3.2027373541576358e-21,3.754028210201163e-21,,,-0.005687,0.165299,0.0344,117,123,240,L4m,,Fe2+[e] <=> ,,,,,,-0.082877,-0.088564
L4m vs Am,L4m,Am,MAR09650,Transport of coproporphyrin III (c to e),Extracellular transport,0.218,3.2027373541576358e-21,3.723507655646683e-21,,,-0.005687,0.165299,0.0344,117,124,241,L4m,,coproporphyrin III[c] <=> coproporphyrin III[e],,,,,,-0.082877,-0.088564
L4m vs Am,L4m,Am,MAR06328,ATP:ADP phosphatransferase,Mitochondrial transport,0.105,3.209982841805882e-05,3.4774814119563725e-05,,,-84.734456,1820.253804,0.0466,132,110,242,L4m,,ADP[c] + ATP[m] <=> ADP[m] + ATP[c],,,,,,20.266657,-64.467799
L4m vs Am,L4m,Am,MAR09702,Exchange of coproporphyrin III,Exchange/demand reactions,0.218,3.2027373541576358e-21,3.754028210201163e-21,,,-0.005687,0.165299,0.0344,117,125,242,L4m,,coproporphyrin III[e] <=> ,,,,,,-0.082877,-0.088564
L4m vs Am,L4m,Am,MAR03970,uridine 5'-monophosphate phosphohydrolase,Pyrimidine metabolism,0.167,1.3746584738471068e-12,1.523846215194855e-12,,,0.027988,0.638271,0.0439,129,114,243,Am,,H2O[c] + UMP[c] => Pi[c] + uridine[c],,,,,,0.203999,0.231987
L4m vs Am,L4m,Am,MAR05987,Iron  II  transport,Extracellular transport,0.218,3.2027373541576358e-21,3.754028210201163e-21,,,0.005687,0.165299,0.0344,117,126,243,Am,,Fe2+[e] + H+[e] => Fe2+[c] + H+[c],,,,,,0.082877,0.088564
L4m vs Am,L4m,Am,MAR04770,,Porphyrin metabolism,0.218,3.2027373541576358e-21,3.723507655646683e-21,,,0.005687,0.165299,0.0344,117,127,244,Am,,coproporphyrin III[c] + 6 H+[c] <=> coproporphyrinogen III[c],,,,,,0.082877,0.088564
L4m vs Am,L4m,Am,MAR08428,Crmp hs transport,Mitochondrial transport,0.101,7.335921717149848e-05,7.71350592317962e-05,,,-0.018049,0.412716,0.0437,134,115,249,L4m,,creatine[c] => creatine[m],,,,,,0.11191,0.093861
L4m vs Am,L4m,Am,MAR08987,"Diphopshate Transporter, Mitochondrial",Mitochondrial transport,0.113,5.577646320340156e-06,6.088575754264445e-06,,,-0.008966,0.230148,0.039,131,119,250,L4m,,PPi[c] <=> PPi[m],,,,,,0.057963,0.048997
L4m vs Am,L4m,Am,MAR08427,ATP Creatine kinase (c),Arginine and proline metabolism,0.101,7.335921717149848e-05,7.770643004092062e-05,,,0.018049,0.412716,0.0437,134,116,250,Am,,ADP[m] + creatine-phosphate[m] + H+[m] <=> ATP[m] + creatine[m],,,,,,-0.11191,-0.093861
L4m vs Am,L4m,Am,MAR04584,,"Glycine, serine and threonine metabolism",0.101,7.335921717149848e-05,7.828632877256927e-05,,,0.018049,0.412716,0.0437,134,117,251,Am,,ATP[c] + creatine[c] <=> ADP[c] + creatine-phosphate[c] + H+[c],,,,,,-0.11191,-0.093861
L4m vs Am,L4m,Am,MAR08430,Phosphocreatine transport to/from mitochondria via diffusion,Mitochondrial transport,0.101,7.335921717149848e-05,7.657202960236702e-05,,,-0.018049,0.412716,0.0437,134,118,252,L4m,,creatine-phosphate[m] => creatine-phosphate[c],,,,,,0.11191,0.093861
L4m vs Am,L4m,Am,MAR09107,Protoheme exchange,Exchange/demand reactions,0.215,1.1979681866777804e-20,1.359598815039068e-20,,,0.005284,0.165299,0.032,124,128,252,Am,,heme[e] <=> ,,,,,,0.082141,0.087425
L4m vs Am,L4m,Am,MAR11406,"Ferrochelatase, Cytosol",Porphyrin metabolism,0.215,1.1979681866777804e-20,1.359598815039068e-20,,,0.005284,0.165299,0.032,124,129,253,Am,,Fe2+[c] + protoporphyrin[c] => 2 H+[c] + heme[c],,,,,,0.082141,0.087425
L4m vs Am,L4m,Am,MAR07735,Heme transport,Extracellular transport,0.215,1.1979681866777804e-20,1.3815278281848595e-20,,,0.005284,0.165299,0.032,124,130,254,Am,,heme[c] <=> heme[e],,,,,,0.082141,0.087425
L4m vs Am,L4m,Am,MAR09058,CO2 exchange,Exchange/demand reactions,0.207,3.6831887568019337e-19,4.1472125371864295e-19,,,0.006224,0.330599,0.0188,127,135,262,Am,,CO2[e] <=> ,,,,,,0.174321,0.180546
L4m vs Am,L4m,Am,MAR06912,diphosphate phosphohydrolase,Oxidative phosphorylation,0.105,3.209982841805882e-05,3.4513349351747454e-05,,,-0.007375,0.231681,0.0318,132,131,263,L4m,,H2O[m] + PPi[m] => H+[m] + 2 Pi[m],,,,,,0.060391,0.053016
L4m vs Am,L4m,Am,MAR05071,LYStiDF,Extracellular transport,0.079,0.0038826726503625,0.0039944042374233,,,0.00317,0.106394,0.0298,138,132,270,Am,,lysine[e] => lysine[c],,,,,,0.144653,0.147823
L4m vs Am,L4m,Am,MAR09041,L-Lysine exchange,Exchange/demand reactions,0.079,0.0038826726503625,0.0039944042374233,,,-0.00317,0.106394,0.0298,138,133,271,L4m,,lysine[e] <=> ,,,,,,-0.144653,-0.147823
L4m vs Am,L4m,Am,MAR09047,H2O exchange,Exchange/demand reactions,0.042,0.3411247511266124,0.3484345672221827,,,-0.110498,4.144422,0.0267,140,134,274,L4m,,H2O[e] <=> ,,,,,,0.023712,-0.086786
L4m vs Am,L4m,Am,MAR02186,"2-Amino-4-Hydroxy-6- (Erythro-1, 2, 3-Trihydroxypropyl) Dihydropteridine Triphosphate Phosphohydrolase (Alkaline Optimum)",Miscellaneous,0.022,0.9690010280430694,0.9690010280430692,,,0.005329,1.332534,0.004,141,139,280,Am,,"3 H2O[e] + 6-[(1S,2R)-1,2-dihydroxy-3-triphosphooxypropyl]-7,8-dihydropterin[e] <=> dihydroneopterin[e] + 2 H+[e] + 3 Pi[e]",,,,,,-0.007904,-0.002575
L4m vs Am,L4m,Am,MAR09108,Exchange of dihydroneopterin,Exchange/demand reactions,0.022,0.9690010280430694,0.9690010280430692,,,0.005329,1.332534,0.004,141,140,281,Am,,dihydroneopterin[e] <=> ,,,,,,-0.007904,-0.002575
L4m vs Am,L4m,Am,MAR01871,"Exchange of 7, 8-Dihydroneopterin 3-Triphosphate",Exchange/demand reactions,0.022,0.9690010280430694,0.9690010280430692,,,-0.005329,1.332534,0.004,141,141,282,L4m,,"6-[(1S,2R)-1,2-dihydroxy-3-triphosphooxypropyl]-7,8-dihydropterin[e] <=> ",,,,,,0.007904,0.002575
Af vs Am,Af,Am,MAR05320,Glycine transport via sodium symport,Extracellular transport,1.0,0.0,0.0,,,-0.045462,0.057506,0.7906,1,1,2,Af,yes,glycine[e] + Na+[e] => glycine[c] + Na+[c],,,,,0.056097,,0.010635
Af vs Am,Af,Am,MAR09067,Glycine exchange,Exchange/demand reactions,1.0,0.0,0.0,,,0.045462,0.057506,0.7906,1,2,3,Am,,glycine[e] <=> ,,,,,-0.056097,,-0.010635
Af vs Am,Af,Am,MAR03955,carbonate hydro-lyase (carbon-dioxide-forming),Miscellaneous,1.0,0.0,0.0,,,-426.980402,633.491838,0.674,1,3,4,Af,,CO2[c] + H2O[c] <=> H+[c] + HCO3-[c],,,,,426.843171,,-0.137231
Af vs Am,Af,Am,MAR02225,Free diffusion of bicarbonate (c to m),Mitochondrial transport,1.0,0.0,0.0,,,-426.884693,633.420831,0.6739,1,4,5,Af,,HCO3-[c] <=> HCO3-[m],,,,,426.843171,,-0.041522
Af vs Am,Af,Am,MAR03956,carbonate hydro-lyase (carbon-dioxide-forming),Arginine and proline metabolism,1.0,0.0,0.0,,,426.884693,633.420831,0.6739,1,5,6,Am,,CO2[m] + H2O[m] <=> H+[m] + HCO3-[m],,,,,-426.843171,,0.041522
Af vs Am,Af,Am,MAR04922,CO2 transport  diffusion   mitochondrial,Mitochondrial transport,1.0,0.0,0.0,,,426.884693,633.420831,0.6739,1,6,7,Am,,CO2[c] <=> CO2[m],,,,,-426.843171,,0.041522
Af vs Am,Af,Am,MAR09259,L-Alanine exchange,Exchange/demand reactions,1.0,0.0,0.0,,,0.063314,0.105647,0.5993,1,7,8,Am,yes,AKG[e] <=> ,,,,,-0.058645,,0.00467
Af vs Am,Af,Am,MAR10243,Exchange of Methylmalonate,Exchange/demand reactions,0.999,0.0,0.0,,,0.37475,0.809465,0.463,13,16,29,Am,,methylmalonate[e] <=> ,,,,,-0.398549,,-0.023798
Af vs Am,Af,Am,MAR09828,Transport of Fumarate,Extracellular transport,0.999,0.0,0.0,,,0.37475,0.809465,0.463,13,17,30,Am,,fumarate[e] <=> fumarate[c],,,,,-0.398549,,-0.023798
Af vs Am,Af,Am,MAR04855,Fumarate/malate antiporter (mitochondrial),Mitochondrial transport,0.999,0.0,0.0,,,0.37475,0.809465,0.463,13,18,31,Am,yes,fumarate[c] + malate[m] <=> fumarate[m] + malate[c],,,,,-0.398549,,-0.023798
Af vs Am,Af,Am,MAR11400,Exchange of Fumarate,Exchange/demand reactions,0.999,0.0,0.0,,,-0.37475,0.809465,0.463,13,19,32,Af,,fumarate[e] <=> ,,,,,0.398549,,0.023798
Af vs Am,Af,Am,MAR04652,succinate:quinone oxidoreductase,Tricarboxylic acid cycle and glyoxylate/dicarboxylate metabolism,0.999,0.0,0.0,,,0.37475,0.809465,0.463,13,20,33,Am,,fumarate[m] + ubiquinol[m] <=> succinate[m] + ubiquinone[m],,,,,-0.398549,,-0.023798
Af vs Am,Af,Am,MAR03789,"Transport of Methylmalonate, Mitochondrial",Mitochondrial transport,0.999,0.0,0.0,,,-0.37475,0.809465,0.463,13,21,34,Af,,methylmalonate[c] <=> methylmalonate[m],,,,,0.398549,,0.023798
Af vs Am,Af,Am,MAR04002,ATP:AMP phosphotransferase,Purine metabolism,1.0,0.0,0.0,,,0.157199,0.393634,0.3994,1,33,34,Am,yes,2 ADP[c] <=> AMP[c] + ATP[c],,,,,-0.388837,,-0.231638
Af vs Am,Af,Am,MAR04852,"Dicarboxylate/tricarboxylate carrier (mal:akg), mitochondrial",Mitochondrial transport,0.999,0.0,0.0,,,-0.37475,0.809465,0.463,13,22,35,Af,,AKG[c] + malate[m] <=> AKG[m] + malate[c],,,,,0.398549,,0.023798
Af vs Am,Af,Am,MAR03763,(S)-Methylmalonyl-CoA hydrolase,"Valine, leucine, and isoleucine metabolism",0.999,0.0,0.0,,,-0.37475,0.809465,0.463,13,23,36,Af,yes,CoA[m] + H+[m] + methylmalonate[m] => (R)-methylmalonyl-CoA[m] + H2O[m],,,,,0.398549,,0.023798
Af vs Am,Af,Am,MAR04914,CoA transporter  mitochondrial   irreversible,Mitochondrial transport,0.993,0.0,0.0,,,-0.032273,0.060948,0.5295,27,10,37,Af,,CoA[c] <=> CoA[m],,,,,-0.016562,,-0.048836
Af vs Am,Af,Am,MAR03215,(R)-Methylmalonyl-CoA CoA-carbonylmutase,"Valine, leucine, and isoleucine metabolism",0.999,0.0,0.0,,,-0.37475,0.809465,0.463,13,24,37,Af,,(R)-methylmalonyl-CoA[m] <=> succinyl-CoA[m],,,,,0.398549,,0.023798
Af vs Am,Af,Am,MAR04874,Transport of NH3 (c to m),Mitochondrial transport,0.973,0.0,0.0,,,-0.034846,0.064377,0.5413,31,8,39,Af,,NH3[c] <=> NH3[m],,,,,0.058645,,0.023798
Af vs Am,Af,Am,MAR03802,L-glutamate:NAD+ oxidoreductase (deaminating),"Alanine, aspartate and glutamate metabolism",0.972,0.0,0.0,,,-0.034276,0.064377,0.5324,32,9,41,Af,,AKG[m] + 2 H+[m] + NADH[m] + NH3[m] <=> glutamate[m] + H2O[m] + NAD+[m],,,,,0.058645,,0.024368
Af vs Am,Af,Am,MAR04344,"5,6-dihydrouracil:NAD+ oxidoreductase",Nucleotide metabolism,0.911,0.0,0.0,,,1.178941,2.429422,0.4853,36,13,49,Am,,"5,6-Dihydrouracil[c] + NAD+[c] <=> H+[c] + NADH[c] + uracil[c]",,,,,-0.508303,,0.670638
Af vs Am,Af,Am,MAR20156,MAR20156,Mitochondrial transport,0.999,0.0,0.0,,,-0.240034,0.655793,0.366,13,37,50,Af,,GDP[c] + UTP[m] <=> GDP[m] + UTP[c],,,,,0.241465,,0.001431
Af vs Am,Af,Am,MAR09983,"Transport of 5, 6-Dihydrouracil, Sodium Symport",Extracellular transport,0.911,0.0,0.0,,,-1.178941,2.429422,0.4853,36,14,50,Af,,"5,6-Dihydrouracil[c] + Na+[c] <=> Na+[e] + 5,6-Dihydrouracil[e]",,,,,0.508303,,-0.670638
Af vs Am,Af,Am,MAR10193,"Exchange of 5, 6-Dihydrouracil",Exchange/demand reactions,0.911,0.0,0.0,,,-1.178941,2.429422,0.4853,36,15,51,Af,,"5,6-Dihydrouracil[e] <=> ",,,,,0.508303,,-0.670638
Af vs Am,Af,Am,MAR20161,MAR20161,Mitochondrial transport,0.999,0.0,0.0,,,0.240034,0.655793,0.366,13,38,51,Am,,dTDP[c] + UTP[m] <=> dTDP[m] + UTP[c],,,,,-0.241465,,-0.001431
Af vs Am,Af,Am,MAR04882,Uracil transport via facilated diffusion,Extracellular transport,0.871,0.0,0.0,,,1.866108,3.628102,0.5143,41,11,52,Am,,uracil[c] <=> uracil[e],,,,,-0.75811,,1.107998
Af vs Am,Af,Am,MAR08274,DTMP Kinase in Mitochondria,Pyrimidine metabolism,0.999,0.0,0.0,,,-0.240034,0.655793,0.366,13,39,52,Af,,ATP[m] + dTMP[m] => ADP[m] + dTDP[m],,,,,0.241465,,0.001431
Af vs Am,Af,Am,MAR05304,Transport of dTMP (c to m),Mitochondrial transport,0.999,0.0,0.0,,,-0.240034,0.655793,0.366,13,40,53,Af,,dTMP[c] <=> dTMP[m],,,,,0.241465,,0.001431
Af vs Am,Af,Am,MAR09437,Urea exchange,Exchange/demand reactions,0.871,0.0,0.0,,,1.866108,3.628102,0.5143,41,12,53,Am,,uracil[e] <=> ,,,,,-0.75811,,1.107998
Af vs Am,Af,Am,MAR04963,,Mitochondrial transport,0.993,0.0,0.0,,,-0.350526,0.786429,0.4457,27,28,55,Af,,glutamate[m] + proline[c] => glutamate[c] + proline[m],,,,,0.374324,,0.023798
Af vs Am,Af,Am,MAR07638,Uncoupling protein,Mitochondrial transport,0.999,0.0,0.0,,,-194.237401,610.767195,0.318,13,43,56,Af,,H+[c] => H+[m],,,,,194.325128,,0.087727
Af vs Am,Af,Am,MAR05126,L proline transport  mitochondrial,Mitochondrial transport,0.993,0.0,0.0,,,-0.350526,0.786429,0.4457,27,29,56,Af,,proline[m] + H+[i] => H+[m] + proline[c],,,,,0.374324,,0.023798
Af vs Am,Af,Am,MAR04898,O2 transport  diffusion ,Mitochondrial transport,0.957,0.0,0.0,,,-0.165961,0.366323,0.453,33,25,58,Af,,O2[c] <=> O2[m],,,,,0.216241,,0.05028
Af vs Am,Af,Am,MAR06918,ubiquinol:ferricytochrome-c oxidoreductase,Oxidative phosphorylation,0.954,0.0,0.0,,,-0.331062,0.731787,0.4524,34,26,60,Af,,2 ferricytochrome C[m] + 2 H+[m] + ubiquinol[m] => 2 ferrocytochrome C[m] + ubiquinone[m] + 4 H+[i],,,,,0.427521,,0.096459
Af vs Am,Af,Am,MAR06725,L-Phenylalanine:2-oxoglutarate aminotransferase,"Phenylalanine, tyrosine and tryptophan biosynthesis",0.987,0.0,0.0,,,0.312364,0.741865,0.4211,30,30,60,Am,,AKG[c] + phenylalanine[c] <=> glutamate[c] + phenylpyruvate[c],,,,,-0.33971,,-0.027346
Af vs Am,Af,Am,MAR08427,ATP Creatine kinase (c),Arginine and proline metabolism,1.0,0.0,0.0,,,165.243631,609.555224,0.2711,1,59,60,Am,,ADP[m] + creatine-phosphate[m] + H+[m] <=> ATP[m] + creatine[m],,,,,-165.337492,,-0.093861
Af vs Am,Af,Am,MAR06914,ferrocytochrome-c:oxygen oxidoreductase,Oxidative phosphorylation,0.954,0.0,0.0,,,-0.165531,0.365893,0.4524,34,27,61,Af,,4 ferrocytochrome C[m] + 8 H+[m] + O2[m] => 4 ferricytochrome C[m] + 2 H2O[m] + 4 H+[i],,,,,0.213761,,0.04823
Af vs Am,Af,Am,MAR08428,Crmp hs transport,Mitochondrial transport,1.0,0.0,0.0,,,-165.243631,609.555224,0.2711,1,60,61,Af,,creatine[c] => creatine[m],,,,,165.337492,,0.093861
Af vs Am,Af,Am,MAR08430,Phosphocreatine transport to/from mitochondria via diffusion,Mitochondrial transport,1.0,0.0,0.0,,,-165.243631,609.555224,0.2711,1,61,62,Af,,creatine-phosphate[m] => creatine-phosphate[c],,,,,165.337492,,0.093861
Af vs Am,Af,Am,MAR04584,,"Glycine, serine and threonine metabolism",1.0,0.0,0.0,,,165.243631,609.555224,0.2711,1,62,63,Am,,ATP[c] + creatine[c] <=> ADP[c] + creatine-phosphate[c] + H+[c],,,,,-165.337492,,-0.093861
Af vs Am,Af,Am,MAR10366,"Transport of Methylmalonate, Antiport with Phsophate",Extracellular transport,0.824,0.0,0.0,,,-0.933734,2.44503,0.3819,44,34,78,Af,,methylmalonate[c] + Pi[e] <=> Pi[c] + methylmalonate[e],,,,,-0.398549,,-1.332283
Af vs Am,Af,Am,MAR09061,L-Alanine exchange,Exchange/demand reactions,0.798,5.34562e-318,1.933523e-317,,,-0.041196,0.112405,0.3665,46,35,81,Af,,alanine[e] <=> ,,,,,-0.032104,,-0.073301
Af vs Am,Af,Am,MAR05305,Alanine-Sodium symporter,Extracellular transport,0.798,5.34562e-318,1.933523e-317,,,0.041196,0.112405,0.3665,46,36,82,Am,,alanine[e] + Na+[e] => alanine[c] + Na+[c],,,,,0.032104,,0.073301
Af vs Am,Af,Am,MAR05034,Thymd transport,Extracellular transport,0.905,0.0,0.0,,,-0.395398,1.292932,0.3058,39,44,83,Af,,thymidine[c] <=> thymidine[e],,,,,0.393967,,-0.001431
Af vs Am,Af,Am,MAR09423,Timnodonic acid exchange,Exchange/demand reactions,0.905,0.0,0.0,,,-0.395398,1.292932,0.3058,39,45,84,Af,,thymidine[e] <=> ,,,,,0.393967,,-0.001431
Af vs Am,Af,Am,MAR06916,ATP phosphohydrolase,Oxidative phosphorylation,0.8,6.7025e-320,2.53204e-319,,,-0.300953,0.897953,0.3352,45,41,86,Af,,ADP[m] + Pi[m] + 3 H+[i] => ATP[m] + 2 H+[m] + H2O[m],,,,,0.485563,,0.18461
Af vs Am,Af,Am,MAR06375,L-serine via sodium symport,Extracellular transport,0.843,0.0,0.0,,,-0.027936,0.091681,0.3047,43,46,89,Af,,Na+[e] + serine[e] => Na+[c] + serine[c],,,,,0.058621,,0.030685
Af vs Am,Af,Am,MAR04579,uridine:phosphate alpha-D-ribosyltransferase,Pyrimidine metabolism,0.716,1.9185316181926918e-247,5.824113840942101e-247,,,0.645354,1.962693,0.3288,54,42,96,Am,,Pi[c] + uridine[c] <=> ribose-1-phosphate[c] + uracil[c],,,,,-0.23135,,0.414004
Af vs Am,Af,Am,MAR05531,,Extracellular transport,0.794,3.183898771e-314,1.12763081483e-313,,,-0.095567,0.351262,0.2721,48,57,105,Af,,homoserine[c] + tryptophan[e] <=> homoserine[e] + tryptophan[c],,,,,0.131269,,0.035702
Af vs Am,Af,Am,MAR06383,L-homoserine via sodium symport,Extracellular transport,0.794,3.183898771e-314,1.10461794104e-313,,,-0.095567,0.351262,0.2721,48,58,106,Af,,H+[c] + homoserine[e] + Na+[e] => H+[e] + homoserine[c] + Na+[c],,,,,0.131269,,0.035702
Af vs Am,Af,Am,MAR09041,L-Lysine exchange,Exchange/demand reactions,0.624,1.39882300461979e-182,2.8650591660887262e-182,,,-0.068312,0.166437,0.4104,77,31,108,Af,,lysine[e] <=> ,,,,,-0.079511,,-0.147823
Af vs Am,Af,Am,MAR05071,LYStiDF,Extracellular transport,0.624,1.39882300461979e-182,2.8650591660887262e-182,,,0.068312,0.166437,0.4104,77,32,109,Am,,lysine[e] => lysine[c],,,,,0.079511,,0.147823
Af vs Am,Af,Am,MAR04350,ATP:D-ribose 5-phosphotransferase,Pentose phosphate pathway,0.675,7.016474642372289e-217,1.8072737715201348e-216,,,0.774422,2.652989,0.2919,64,47,111,Am,,ADP[c] + H+[c] + ribose-5-phosphate[c] <=> ATP[c] + ribose[c],,,,,-0.05541,,0.719012
Af vs Am,Af,Am,MAR04354,"D-Ribose 1,5-phosphomutase",Pentose phosphate pathway,0.675,7.016474642372289e-217,1.8072737715201348e-216,,,0.774422,2.652989,0.2919,64,48,112,Am,,ribose-1-phosphate[c] <=> ribose-5-phosphate[c],,,,,-0.05541,,0.719012
Af vs Am,Af,Am,MAR09070,L-Aspartate exchange,Exchange/demand reactions,0.682,6.694200298676395e-222,1.8063715091666466e-221,,,0.05293,0.181483,0.2917,62,51,113,Am,,aspartate[e] <=> ,,,,,-0.090151,,-0.037221
Af vs Am,Af,Am,MAR09406,R total exchange,Exchange/demand reactions,0.675,7.016474642372289e-217,1.780299536124312e-216,,,0.774422,2.652989,0.2919,64,49,113,Am,,ribose[e] <=> ,,,,,-0.05541,,0.719012
Af vs Am,Af,Am,MAR04958,D-ribose transport via diffusion,Extracellular transport,0.675,7.016474642372289e-217,1.8072737715201348e-216,,,0.774422,2.652989,0.2919,64,50,114,Am,,ribose[c] <=> ribose[e],,,,,-0.05541,,0.719012
Af vs Am,Af,Am,MAR07811,Aspartate Intake by System Asct-1 Transporter,Extracellular transport,0.682,6.694200298676395e-222,1.835506533508044e-221,,,-0.05293,0.181483,0.2917,62,52,114,Af,,aspartate[e] + Na+[e] + proline[c] => aspartate[c] + Na+[c] + proline[e],,,,,0.090151,,0.037221
Af vs Am,Af,Am,MAR09058,CO2 exchange,Exchange/demand reactions,0.702,1.093354957544611e-236,3.097839046376399e-236,,,-0.281526,1.011435,0.2783,60,56,116,Af,,CO2[e] <=> ,,,,,0.462072,,0.180546
Af vs Am,Af,Am,MAR05314,L-valine transport in via sodium symport,Extracellular transport,0.724,9.573740017762756e-254,3.255071606039337e-253,,,-0.085027,0.381315,0.223,50,67,117,Af,,Na+[e] + valine[e] => Na+[c] + valine[c],,,,,0.129084,,0.044057
Af vs Am,Af,Am,MAR04413,Generic Human Biomass Reaction,Artificial reactions,0.72,1.4009782290842566e-250,4.669927430280856e-250,,,0.027154,0.125101,0.2171,51,68,119,Am,,0.505626 alanine[c] + 0.35926 arginine[c] + 0.279425 asparagine[c] + 0.352607 aspartate[c] + 20.7045 ATP[c] + 0.020401 cholesterol[c] + 0.011658 CL pool[c] + 0.039036 CTP[c] + 0.046571 cysteine[c] + 0.013183 dATP[n] + 0.009442 dCTP[n] + 0.009898 dGTP[n] + 0.013091 dTTP[n] + 0.275194 glucose-6-phosphate[c] + 0.385872 glutamate[c] + 0.325996 glutamine[c] + 0.538891 glycine[c] + 0.036117 GTP[c] + 20.6508 H2O[c] + 0.126406 histidine[c] + 0.286078 isoleucine[c] + 0.545544 leucine[c] + 0.592114 lysine[c] + 0.153018 methionine[c] + 0.154463 PC-LD pool[c] + 0.055374 PE-LD pool[c] + 0.259466 phenylalanine[c] + 0.023315 PI pool[c] + 0.412484 proline[c] + 0.005829 PS-LD pool[c] + 0.392525 serine[c] + 0.017486 SM pool[c] + 0.31269 threonine[c] + 0.013306 tryptophan[c] + 0.159671 tyrosine[c] + 0.053446 UTP[c] + 0.352607 valine[c] + 0.002914 PG-CL pool[c] => 20.6508 ADP[c] + 20.6508 H+[c] + 20.6508 Pi[c] + biomass[c],,,,,0.029942,,0.057096
Af vs Am,Af,Am,MAR10023,Transport of biomass (c to e),Extracellular transport,0.718,5.227334381223139e-249,1.6766921600149691e-248,,,0.026915,0.124862,0.2156,52,69,121,Am,,biomass[c] => biomass[e],,,,,0.03132,,0.058235
Af vs Am,Af,Am,MAR10024,Exchange of biomass,Exchange/demand reactions,0.718,5.227334381223139e-249,1.6766921600149691e-248,,,0.026915,0.124862,0.2156,52,70,122,Am,,biomass[e] <=> ,,,,,0.03132,,0.058235
Af vs Am,Af,Am,MAR00656,Exchange of Phosphatidylethanolamine,Exchange/demand reactions,0.716,1.9185316181926918e-247,5.824113840942101e-247,,,-0.001479,0.006902,0.2142,54,71,125,Af,,PE-LD pool[e] <=> ,,,,,-0.001802,,-0.00328
Af vs Am,Af,Am,MAR01601,Phosphatidylethanolamine Transport,Extracellular transport,0.716,1.9185316181926918e-247,5.824113840942101e-247,,,0.001479,0.006902,0.2142,54,72,126,Am,,PE-LD pool[e] <=> PE-LD pool[c],,,,,0.001802,,0.00328
Af vs Am,Af,Am,MAR00632,Acyl-CoA:1-acyl-sn-glycero-3-phosphocholine O-acyltransferase,Glycerophospholipid metabolism,0.708,2.9576959977649988e-241,8.669108958966376e-241,,,0.004428,0.02127,0.2082,57,73,130,Am,,2-lysolecithin pool[c] + acyl-CoA pool[c] => CoA[c] + PC-LD pool[c],,,,,0.00654,,0.010968
Af vs Am,Af,Am,MAR00628,Exchange of Lysophosphatidylcholine,Exchange/demand reactions,0.708,2.9576959977649988e-241,8.669108958966376e-241,,,-0.004428,0.02127,0.2082,57,74,131,Af,,2-lysolecithin pool[e] <=> ,,,,,-0.006541,,-0.010968
Af vs Am,Af,Am,MAR01499,Lysophosphatidylcholine Transport,Extracellular transport,0.708,2.9576959977649988e-241,8.522174908814403e-241,,,0.004428,0.02127,0.2082,57,75,132,Am,,2-lysolecithin pool[e] <=> 2-lysolecithin pool[c],,,,,0.006541,,0.010968
Af vs Am,Af,Am,MAR04032,UTP:ammonia ligase (ADP-forming),Pyrimidine metabolism,0.7,3.5288451775889846e-235,9.834486560493892e-235,,,0.000988,0.004812,0.2054,61,76,137,Am,,ATP[c] + NH3[c] + UTP[c] => ADP[c] + CTP[c] + H+[c] + Pi[c],,,,,0.001582,,0.002571
Af vs Am,Af,Am,MAR09650,Transport of coproporphyrin III (c to e),Extracellular transport,0.527,2.75500835346449e-127,5.203904667655147e-127,,,-0.086126,0.309329,0.2784,88,53,141,Af,,coproporphyrin III[c] <=> coproporphyrin III[e],,,,,-0.002437,,-0.088564
Af vs Am,Af,Am,MAR09702,Exchange of coproporphyrin III,Exchange/demand reactions,0.527,2.75500835346449e-127,5.203904667655147e-127,,,-0.086126,0.309329,0.2784,88,54,142,Af,,coproporphyrin III[e] <=> ,,,,,-0.002437,,-0.088564
Af vs Am,Af,Am,MAR04770,,Porphyrin metabolism,0.527,2.75500835346449e-127,5.203904667655147e-127,,,0.086126,0.309329,0.2784,88,55,143,Am,,coproporphyrin III[c] + 6 H+[c] <=> coproporphyrinogen III[c],,,,,0.002437,,0.088564
Af vs Am,Af,Am,MAR04135,ATP:GMP phosphotransferase,Purine metabolism,0.668,6.144061936918964e-212,1.513754390255397e-211,,,-0.001073,0.00558,0.1923,68,77,145,Af,,ADP[m] + GDP[m] <=> ATP[m] + GMP[m],,,,,-0.002397,,-0.00347
Af vs Am,Af,Am,MAR09834,Transport of XMP,Extracellular transport,0.668,6.144061936918964e-212,1.4711134215158084e-211,,,0.001073,0.00558,0.1923,68,78,146,Am,,xanthosine-5-phosphate[e] <=> xanthosine-5-phosphate[c],,,,,0.002397,,0.00347
Af vs Am,Af,Am,MAR09860,Exchange of Xanthylic Acid,Exchange/demand reactions,0.668,6.144061936918964e-212,1.4711134215158084e-211,,,-0.001073,0.00558,0.1923,68,79,147,Af,,xanthosine-5-phosphate[e] <=> ,,,,,-0.002397,,-0.00347
Af vs Am,Af,Am,MAR20139,MAR20139,Mitochondrial transport,0.668,6.144061936918964e-212,1.4506812906614222e-211,,,-0.001073,0.00558,0.1923,68,80,148,Af,,CTP[c] + GMP[m] <=> CTP[m] + GMP[c],,,,,-0.002397,,-0.00347
Af vs Am,Af,Am,MAR04453,Xanthosine-5'-phosphate:ammonia ligase (AMP-forming),Purine metabolism,0.668,6.144061936918964e-212,1.513754390255397e-211,,,0.001073,0.00558,0.1923,68,81,149,Am,,ATP[c] + NH3[c] + xanthosine-5-phosphate[c] => AMP[c] + GMP[c] + H+[c] + PPi[c],,,,,0.002397,,0.00347
Af vs Am,Af,Am,MAR09062,L-Asparagine exchange,Exchange/demand reactions,0.646,6.723652038451915e-197,1.5657819815572953e-196,,,-0.006155,0.033764,0.1823,73,83,156,Af,,asparagine[e] <=> ,,,,,-0.016634,,-0.02279
Af vs Am,Af,Am,MAR06912,diphosphate phosphohydrolase,Oxidative phosphorylation,0.52,9.362959411907602e-124,1.7491242857409807e-123,,,-0.113433,0.457362,0.248,91,65,156,Af,,H2O[m] + PPi[m] => H+[m] + 2 Pi[m],,,,,0.166449,,0.053016
Af vs Am,Af,Am,MAR09039,L-Isoleucine exchange,Exchange/demand reactions,0.638,1.3055772070024543e-191,2.95930833587223e-191,,,-0.006097,0.034568,0.1764,74,84,158,Af,,isoleucine[e] <=> ,,,,,-0.018212,,-0.024309
Af vs Am,Af,Am,MAR08987,"Diphopshate Transporter, Mitochondrial",Mitochondrial transport,0.518,9.324432038614756e-123,1.7044660715747407e-122,,,-0.112922,0.456852,0.2472,92,66,158,Af,,PPi[c] <=> PPi[m],,,,,0.161918,,0.048997
Af vs Am,Af,Am,MAR09063,L-Glutamine exchange,Exchange/demand reactions,0.638,1.3055772070024543e-191,2.920370068294964e-191,,,-0.006942,0.039392,0.1762,74,85,159,Af,,glutamine[e] <=> ,,,,,-0.020785,,-0.027727
Af vs Am,Af,Am,MAR05308,L-glutamine reversible transport via sodium symport,Extracellular transport,0.638,1.3055772070024543e-191,2.920370068294964e-191,,,0.006942,0.039392,0.1762,74,86,160,Am,,glutamine[e] + Na+[e] => glutamine[c] + Na+[c],,,,,0.020785,,0.027727
Af vs Am,Af,Am,MAR04947,,Extracellular transport,0.412,2.4040842895637437e-76,3.929753165633042e-76,,,-0.176275,0.662581,0.266,103,63,166,Af,,UTP[c] <=> UTP[e],,,,,-0.243473,,-0.419748
Af vs Am,Af,Am,MAR09440,L-Valine exchange,Exchange/demand reactions,0.412,2.4040842895637437e-76,3.929753165633042e-76,,,-0.176275,0.662581,0.266,103,64,167,Af,,UTP[e] <=> ,,,,,-0.243473,,-0.419748
Af vs Am,Af,Am,MAR04919,CO2 transporter via diffusion,Extracellular transport,0.511,2.6673501239881354e-119,4.8239310752976914e-119,,,-0.188971,1.005076,0.188,94,82,176,Af,,CO2[c] <=> CO2[e],,,,,0.462072,,0.2731
Af vs Am,Af,Am,MAR05530,,Extracellular transport,0.605,9.050350483119254e-171,1.7890227699189222e-170,,,-0.005865,0.037784,0.1552,85,93,178,Af,,threonine[c] + tryptophan[e] <=> threonine[e] + tryptophan[c],,,,,-0.02452,,-0.030385
Af vs Am,Af,Am,MAR09044,L-Threonine exchange,Exchange/demand reactions,0.605,9.050350483119254e-171,1.7890227699189222e-170,,,-0.005865,0.037784,0.1552,85,94,179,Af,,threonine[e] <=> ,,,,,-0.02452,,-0.030385
Af vs Am,Af,Am,MAR03980,hydrogen-peroxide:hydrogen-peroxide oxidoreductase,ROS detoxification,0.481,3.9286795575290805e-105,6.6787552477994366e-105,,,0.144294,0.970986,0.1486,100,95,195,Am,,2 H2O2[c] => 2 H2O[c] + O2[c],,,,,0.415757,,0.560051
Af vs Am,Af,Am,MAR09046,L-Valine exchange,Exchange/demand reactions,0.518,9.324432038614756e-123,1.7044660715747407e-122,,,-0.004562,0.042607,0.1071,92,111,203,Af,,valine[e] <=> ,,,,,-0.039495,,-0.044057
Af vs Am,Af,Am,MAR03967,Cytidylate kinase (CMP)(GTP),Nucleotide metabolism,0.615,6.35561979903014e-177,1.2862563878989568e-176,,,-120.125844,1262.643738,0.0951,84,119,203,Af,,CDP[c] + GDP[c] <=> CMP[c] + GTP[c],,,,,120.122234,,-0.00361
Af vs Am,Af,Am,MAR10197,Exchange of Acetyl-Lysine,Exchange/demand reactions,0.624,1.39882300461979e-182,2.8650591660887262e-182,,,-0.009207,0.123226,0.0747,77,132,209,Af,,Acetyl-L-Lysine[e] <=> ,,,,,0.101176,,0.091968
Af vs Am,Af,Am,MAR09952,Hydrolysis of Acetyl-Lysine,Lysine metabolism,0.624,1.39882300461979e-182,2.935801367720547e-182,,,0.009207,0.123226,0.0747,77,133,210,Am,,H2O[c] + Acetyl-L-Lysine[c] <=> acetate[c] + lysine[c],,,,,-0.101176,,-0.091968
Af vs Am,Af,Am,MAR09996,"Transport of Acetyl-Lysine, Extracellular",Extracellular transport,0.624,1.39882300461979e-182,2.8650591660887262e-182,,,-0.009207,0.123226,0.0747,77,134,211,Af,,Acetyl-L-Lysine[c] <=> Acetyl-L-Lysine[e],,,,,0.101176,,0.091968
Af vs Am,Af,Am,MAR09593,,Extracellular transport,0.498,4.9310105744191955e-113,8.641977295373847e-113,,,0.001523,0.015274,0.0997,96,115,211,Am,,chloride[e] + histidine[e] + 2 Na+[e] => chloride[c] + histidine[c] + 2 Na+[c],,,,,0.014809,,0.016331
Af vs Am,Af,Am,MAR00061,Acetate Mitochondrial Transport via Proton Symport,Mitochondrial transport,0.624,1.39882300461979e-182,2.8650591660887262e-182,,,0.009207,0.123226,0.0747,77,135,212,Am,,acetate[c] + H+[c] <=> acetate[m] + H+[m],,,,,-0.101176,,-0.091968
Af vs Am,Af,Am,MAR09038,L-Histidine exchange,Exchange/demand reactions,0.498,4.9310105744191955e-113,8.641977295373847e-113,,,-0.001523,0.015274,0.0997,96,116,212,Af,,histidine[e] <=> ,,,,,-0.014809,,-0.016331
Af vs Am,Af,Am,ASCTm,Acetate:succinate CoA-transferase,,0.624,1.39882300461979e-182,2.8650591660887262e-182,,,-0.009207,0.123226,0.0747,77,136,213,Af,,succinate[m] + acetyl-CoA[m] => succinyl-CoA[m] + acetate[m],,,,,0.101176,,0.091968
Af vs Am,Af,Am,MAR09836,Transport of 3-Phospho-D-Glycerate,Extracellular transport,0.357,5.496865977768336e-57,8.41862356955511e-57,,,0.266954,2.407549,0.1109,109,105,214,Am,,3-phospho-D-glycerate[e] <=> 3-phospho-D-glycerate[c],,,,,-0.961675,,-0.69472
Af vs Am,Af,Am,MAR04373,D-glyceraldehyde-3-phosphate:NAD+ oxidoreductase (phosphorylating),Glycolysis / Gluconeogenesis,0.357,5.496865977768336e-57,8.343457287684082e-57,,,0.266954,2.407549,0.1109,109,106,215,Am,,"1,3-bisphospho-D-glycerate[c] + H+[c] + NADH[c] <=> D-glyceraldehyde 3-phosphate[c] + NAD+[c] + Pi[c]",,,,,-0.961675,,-0.69472
Af vs Am,Af,Am,MAR09862,Exchange of 3-Phospho-D-Glycerate,Exchange/demand reactions,0.357,5.496865977768336e-57,8.343457287684082e-57,,,-0.266954,2.407549,0.1109,109,107,216,Af,,3-phospho-D-glycerate[e] <=> ,,,,,0.961675,,0.69472
Af vs Am,Af,Am,MAR04368,ATP:3-phospho-D-glycerate 1-phosphotransferase,Glycolysis / Gluconeogenesis,0.357,5.496865977768336e-57,8.343457287684082e-57,,,-0.266954,2.407549,0.1109,109,108,217,Af,,"1,3-bisphospho-D-glycerate[c] + ADP[c] <=> 3-phospho-D-glycerate[c] + ATP[c]",,,,,0.961675,,0.69472
Af vs Am,Af,Am,MAR05068,Transport of arginine (e to c),Extracellular transport,0.484,1.6742141653587323e-106,2.904249062356985e-106,,,0.004026,0.043411,0.0927,98,120,218,Am,,arginine[e] => arginine[c],,,,,0.043829,,0.047855
Af vs Am,Af,Am,MAR09066,L-Arginine exchange,Exchange/demand reactions,0.484,1.6742141653587323e-106,2.8749132132422673e-106,,,-0.004026,0.043411,0.0927,98,121,219,Af,,arginine[e] <=> ,,,,,-0.043829,,-0.047855
Af vs Am,Af,Am,MAR08966,Exchange of Ubiquinone,Exchange/demand reactions,0.232,5.2872626555366924e-24,6.6090783194208654e-24,,,0.033978,0.202039,0.1682,134,87,221,Am,,ubiquinone[e] <=> ,,,,,-0.003998,,0.029979
Af vs Am,Af,Am,MAR07819,Transport of Q10,Extracellular transport,0.232,5.2872626555366924e-24,6.6090783194208654e-24,,,-0.033978,0.202039,0.1682,134,88,222,Af,,ubiquinone[e] <=> ubiquinone[c],,,,,0.003998,,-0.029979
Af vs Am,Af,Am,MAR09072,Phosphate exchange,Exchange/demand reactions,0.381,4.6891451899304544e-65,7.381061873038679e-65,,,0.761034,7.583812,0.1003,108,114,222,Am,,Pi[e] <=> ,,,,,1.574126,,2.33516
Af vs Am,Af,Am,MAR08998,Transport of Ubiquinone into Mitochondria,Mitochondrial transport,0.232,5.2872626555366924e-24,6.6090783194208654e-24,,,-0.033978,0.202039,0.1682,134,89,223,Af,,ubiquinone[c] <=> ubiquinone[m],,,,,0.003998,,-0.029979
Af vs Am,Af,Am,MAR03996,L-cysteine:NAD+ oxidoreductase,Cysteine and methionine metabolism,0.272,6.0043394691837704e-33,7.67471962226497e-33,,,0.287127,2.285112,0.1257,128,96,224,Am,,cystine[c] + H+[c] + NADH[c] <=> 2 cysteine[c] + NAD+[c],,,,,0.400902,,0.68803
Af vs Am,Af,Am,MAR08682,L-cysteine/L-glutamine reversible exchanger,Cysteine and methionine metabolism,0.272,6.0043394691837704e-33,7.67471962226497e-33,,,-0.287127,2.285112,0.1257,128,97,225,Af,,cystine[c] + 2 GSH[c] <=> 2 cysteine[c] + GSSG[c],,,,,-0.400902,,-0.68803
Af vs Am,Af,Am,MAR03959,Superoxide anion transport via diffusion (extracellular),Extracellular transport,0.272,6.0043394691837704e-33,7.67471962226497e-33,,,-0.574255,4.570224,0.1257,128,98,226,Af,,O2-[c] <=> O2-[e],,,,,-0.801804,,-1.376059
Af vs Am,Af,Am,MAR05315,L-leucine transport in via sodium symport,Extracellular transport,0.473,1.5818384838992494e-101,2.6625004184442812e-101,,,0.005742,0.065921,0.0871,101,126,227,Am,,leucine[e] + Na+[e] => leucine[c] + Na+[c],,,,,0.068698,,0.074441
Af vs Am,Af,Am,MAR08997,Transport of Ubiquinol into Cytosol,Mitochondrial transport,0.231,8.470621055424192e-24,1.0359752369943256e-23,,,-0.033739,0.201801,0.1672,137,90,227,Af,,ubiquinol[m] <=> ubiquinol[c],,,,,0.00262,,-0.031118
Af vs Am,Af,Am,MAR08619,Ascorbic acid oxidase,Ascorbate and aldarate metabolism,0.272,6.0043394691837704e-33,7.67471962226497e-33,,,0.287127,2.285112,0.1257,128,99,227,Am,,ascorbate[c] + 2 H+[c] + 2 O2-[c] => dehydroascorbic acid[c] + 2 H2O2[c],,,,,0.400902,,0.68803
Af vs Am,Af,Am,MAR07717,uridine 5'-monophosphate phosphohydrolase,Nucleotide metabolism,0.285,3.548788128342609e-36,4.826351854545949e-36,,,-0.077314,0.654363,0.1182,125,102,227,Af,,H2O[m] + UMP[m] => Pi[m] + uridine[m],,,,,0.239749,,0.162434
Af vs Am,Af,Am,MAR09040,L-Leucine exchange,Exchange/demand reactions,0.473,1.5818384838992494e-101,2.6363974731654158e-101,,,-0.005742,0.065921,0.0871,101,127,228,Af,,leucine[e] <=> ,,,,,-0.068698,,-0.074441
Af vs Am,Af,Am,MAR08620,glutathione:dehydroascorbate oxidoreductase,Ascorbate and aldarate metabolism,0.272,6.0043394691837704e-33,7.67471962226497e-33,,,0.287127,2.285112,0.1257,128,100,228,Am,,dehydroascorbic acid[c] + 2 GSH[c] => ascorbate[c] + GSSG[c],,,,,0.400902,,0.68803
Af vs Am,Af,Am,MAR20148,MAR20148,Mitochondrial transport,0.285,3.548788128342609e-36,4.750346313529477e-36,,,0.077314,0.654363,0.1182,125,103,228,Am,,CTP[c] + UMP[m] <=> CTP[m] + UMP[c],,,,,-0.239749,,-0.162434
Af vs Am,Af,Am,MAR08967,Exchange of Ubiquinol,Exchange/demand reactions,0.231,8.470621055424192e-24,1.0359752369943256e-23,,,-0.033739,0.201801,0.1672,137,91,228,Af,,ubiquinol[e] <=> ,,,,,0.00262,,-0.031118
Af vs Am,Af,Am,MAR08991,Transport of Ubiquinol into Lymph,Extracellular transport,0.231,8.470621055424192e-24,1.0359752369943256e-23,,,-0.033739,0.201801,0.1672,137,92,229,Af,,ubiquinol[c] <=> ubiquinol[e],,,,,0.00262,,-0.031118
Af vs Am,Af,Am,MAR07719,Uridine facilated transport in mitochondria,Mitochondrial transport,0.285,3.548788128342609e-36,4.750346313529477e-36,,,0.077314,0.654363,0.1182,125,104,229,Am,,uridine[c] <=> uridine[m],,,,,-0.239749,,-0.162434
Af vs Am,Af,Am,MAR09383,Octadecanoate (n-C18:0) exchange,Exchange/demand reactions,0.272,6.0043394691837704e-33,7.67471962226497e-33,,,-0.574255,4.570224,0.1257,128,101,229,Af,,O2-[e] <=> ,,,,,-0.801804,,-1.376059
Af vs Am,Af,Am,MAR09641,Transport of sphingosine (c to e),Extracellular transport,0.341,6.3151556458138154e-52,9.417337366564461e-52,,,-0.001927,0.023595,0.0817,113,128,241,Af,,sphingosine[c] <=> sphingosine[e],,,,,0.01701,,0.015083
Af vs Am,Af,Am,MAR11947,Exchange of Sphingosine,Exchange/demand reactions,0.341,6.3151556458138154e-52,9.335447476420422e-52,,,-0.001927,0.023595,0.0817,113,129,242,Af,,sphingosine[e] <=> ,,,,,0.01701,,0.015083
Af vs Am,Af,Am,MAR00758,acyl-CoA:sphingosine N-acyltransferase,Sphingolipid metabolism,0.341,6.3151556458138154e-52,9.50067663529512e-52,,,-0.001927,0.023595,0.0817,113,130,243,Af,,ceramide pool[c] + CoA[c] + H+[c] => sphingosine[c] + acyl-CoA pool[c],,,,,0.01701,,0.015083
Af vs Am,Af,Am,MAR04008,ATP:UMP phosphotransferase,Pyrimidine metabolism,0.545,1.2241554841493768e-136,2.392027957533265e-136,,,70.140877,1990.179076,0.0352,87,158,245,Am,,ADP[c] + UDP[c] <=> ATP[c] + UMP[c],,,,,0.47599,,70.616868
Af vs Am,Af,Am,MAR20138,MAR20138,Mitochondrial transport,0.222,5.356249099254043e-22,6.457888984916222e-22,,,-185.124489,1701.213387,0.1088,140,109,249,Af,,CTP[c] + GDP[m] <=> CTP[m] + GDP[c],,,,,120.480273,,-64.644216
Af vs Am,Af,Am,MAR03977,diphosphate phosphohydrolase,Oxidative phosphorylation,0.322,3.0414095020255734e-46,4.3448707171793905e-46,,,0.035938,0.456427,0.0787,119,131,250,Am,,H2O[c] + PPi[c] => H+[c] + 2 Pi[c],,,,,0.295117,,0.331055
Af vs Am,Af,Am,MAR20137,MAR20137,Mitochondrial transport,0.222,5.356249099254043e-22,6.5040167633799095e-22,,,184.768921,1701.212008,0.1086,140,110,250,Am,,CTP[c] + GTP[m] <=> CTP[m] + GTP[c],,,,,-120.119953,,64.648969
Af vs Am,Af,Am,MAR04990,Transport of H2S (c to e),Extracellular transport,0.327,1.0512971130411039e-47,1.5145805865846416e-47,,,0.000406,0.005627,0.0722,116,137,253,Am,,H2S[c] <=> H2S[e],,,,,-0.01104,,-0.010634
Af vs Am,Af,Am,MAR09042,L-Methionine exchange,Exchange/demand reactions,0.407,1.8582877929472538e-74,3.0086564266765063e-74,,,-0.001052,0.01849,0.0569,105,149,254,Af,,methionine[e] <=> ,,,,,-0.022495,,-0.023547
Af vs Am,Af,Am,MAR09103,Exchange of H2S,Exchange/demand reactions,0.327,1.0512971130411039e-47,1.5145805865846416e-47,,,0.000406,0.005627,0.0722,116,138,254,Am,,H2S[e] <=> ,,,,,-0.01104,,-0.010634
Af vs Am,Af,Am,MAR04323,"L-serine hydro-lyase (adding hydrogen sulfide, L-cysteine-forming)",Cysteine and methionine metabolism,0.327,1.0512971130411039e-47,1.5145805865846416e-47,,,-0.000406,0.005627,0.0722,116,139,255,Af,,H+[c] + H2S[c] + serine[c] => cysteine[c] + H2O[c],,,,,0.01104,,0.010634
Af vs Am,Af,Am,MAR09069,L-Serine exchange,Exchange/demand reactions,0.406,4.4017018933952624e-74,7.0593332252565535e-74,,,-0.002906,0.053058,0.0548,106,151,257,Af,,serine[e] <=> ,,,,,-0.058621,,-0.061527
Af vs Am,Af,Am,MAR04384,Exchange of N-Acylsphingosine,Exchange/demand reactions,0.315,3.0782750478628503e-44,4.3248492407990453e-44,,,0.001691,0.025708,0.0658,120,140,260,Am,,ceramide pool[e] <=> ,,,,,-0.018912,,-0.017221
Af vs Am,Af,Am,MAR12040,Ceramide Diffusion,Sphingolipid metabolism,0.315,3.0782750478628503e-44,4.3248492407990453e-44,,,-0.001691,0.025708,0.0658,120,141,261,Af,,ceramide pool[e] <=> ceramide pool[c],,,,,0.018912,,0.017221
Af vs Am,Af,Am,MAR04375,"D-fructose-1,6-bisphosphate D-glyceraldehyde-3-phosphate-lyase (glycerone-phosphate-forming)",Glycolysis / Gluconeogenesis,0.209,1.5839049278876938e-19,1.8569919844200543e-19,,,0.119001,1.303398,0.0913,142,122,264,Am,,"DHAP[c] + D-glyceraldehyde 3-phosphate[c] <=> fructose-1,6-bisphosphate[c]",,,,,-0.755925,,-0.636924
Af vs Am,Af,Am,MAR09064,L-Tyrosine exchange,Exchange/demand reactions,0.384,4.183999797831446e-66,6.647476314311645e-66,,,-0.000755,0.019294,0.0391,107,157,264,Af,,tyrosine[e] <=> ,,,,,-0.025451,,-0.026206
Af vs Am,Af,Am,MAR07865,UMP kinase (UTP),Nucleotide metabolism,0.503,2.0224359298863318e-115,3.6190958745334356e-115,,,-4.773811,1985.595785,0.0024,95,170,265,Af,,2 UDP[c] <=> UMP[c] + UTP[c],,,,,-0.237067,,-5.010878
Af vs Am,Af,Am,MAR11973,Transport to Extracellular Space,Extracellular transport,0.209,1.5839049278876938e-19,1.8698877620896384e-19,,,0.119001,1.303398,0.0913,142,123,265,Am,,"fructose-1,6-bisphosphate[c] <=> fructose-1,6-bisphosphate[e]",,,,,-0.755925,,-0.636924
Af vs Am,Af,Am,MAR05303,,Extracellular transport,0.158,2.6255784492506013e-11,2.898365820601313e-11,,,-0.059149,0.578372,0.1023,153,112,265,Af,,ATP[c] <=> ATP[e],,,,,-0.329101,,-0.38825
Af vs Am,Af,Am,MAR11974,"Exchange of D-Fructose 1,6-Bisphosphate",Exchange/demand reactions,0.209,1.5839049278876938e-19,1.8569919844200543e-19,,,0.119001,1.303398,0.0913,142,124,266,Am,,"fructose-1,6-bisphosphate[e] <=> ",,,,,-0.755925,,-0.636924
Af vs Am,Af,Am,MAR00569,Exchange of ATP,Exchange/demand reactions,0.158,2.6255784492506013e-11,2.898365820601313e-11,,,-0.059149,0.578372,0.1023,153,113,266,Af,,ATP[e] <=> ,,,,,-0.329101,,-0.38825
Af vs Am,Af,Am,MAR04391,D-glyceraldehyde-3-phosphate aldose-ketose-isomerase,Glycolysis / Gluconeogenesis,0.209,1.5839049278876938e-19,1.8569919844200543e-19,,,-0.119001,1.303398,0.0913,142,125,267,Af,,DHAP[c] <=> D-glyceraldehyde 3-phosphate[c],,,,,0.755924,,0.636923
Af vs Am,Af,Am,MAR09255,Adrenic acid exchange,Exchange/demand reactions,0.14,5.8227521480225915e-09,6.304890860916181e-09,,,-0.056314,0.578599,0.0973,156,117,273,Af,,ADP[e] <=> ,,,,,0.260122,,0.203807
Af vs Am,Af,Am,MAR07781,Adp exchange,Extracellular transport,0.14,5.8227521480225915e-09,6.345306827973336e-09,,,-0.056314,0.578599,0.0973,156,118,274,Af,,ADP[c] => ADP[e],,,,,0.260122,,0.203807
Af vs Am,Af,Am,MAR09079,H+ exchange,Exchange/demand reactions,0.29,1.844783660088942e-37,2.529138888831614e-37,,,-0.414216,7.537021,0.055,124,150,274,Af,,H+[e] <=> ,,,,,0.240751,,-0.173466
Af vs Am,Af,Am,MAR04152,Succinate:CoA ligase (ADP-forming),Tricarboxylic acid cycle and glyoxylate/dicarboxylate metabolism,0.309,1.4773569429441138e-42,2.0418754495975557e-42,,,-68.49762,1701.240991,0.0403,122,155,277,Af,,ADP[m] + Pi[m] + succinyl-CoA[m] <=> ATP[m] + CoA[m] + succinate[m],,,,,3.97073,,-64.52689
Af vs Am,Af,Am,MAR04147,Succinate:CoA ligase (GDP-forming),Tricarboxylic acid cycle and glyoxylate/dicarboxylate metabolism,0.309,1.4773569429441138e-42,2.0586121336106505e-42,,,-68.210967,1701.212008,0.0401,122,156,278,Af,,CoA[m] + GTP[m] + succinate[m] <=> GDP[m] + Pi[m] + succinyl-CoA[m],,,,,3.56086,,-64.650108
Af vs Am,Af,Am,MAR09354,EX hco3 LPAREN e RPAREN ,Exchange/demand reactions,0.178,2.980114180184982e-14,3.4231041258881555e-14,,,0.292973,5.522256,0.0531,147,152,299,Am,,H2O2[e] <=> ,,,,,-0.049953,,0.24302
Af vs Am,Af,Am,MAR11406,"Ferrochelatase, Cytosol",Porphyrin metabolism,0.116,2.798513019401821e-06,2.973420083114435e-06,,,0.013426,0.211041,0.0636,158,142,300,Am,,Fe2+[c] + protoporphyrin[c] => 2 H+[c] + heme[c],,,,,0.073999,,0.087425
Af vs Am,Af,Am,MAR08408,Hydrogen peroxide transport via diffusion,Extracellular transport,0.178,2.980114180184982e-14,3.4231041258881555e-14,,,0.292973,5.522256,0.0531,147,153,300,Am,,H2O2[c] <=> H2O2[e],,,,,-0.049953,,0.24302
Af vs Am,Af,Am,MAR09107,Protoheme exchange,Exchange/demand reactions,0.116,2.798513019401821e-06,2.9921208383541484e-06,,,0.013426,0.211041,0.0636,158,143,301,Am,,heme[e] <=> ,,,,,0.073999,,0.087425
Af vs Am,Af,Am,MAR07735,Heme transport,Extracellular transport,0.116,2.798513019401821e-06,3.0110583120146175e-06,,,0.013426,0.211041,0.0636,158,144,302,Am,,heme[c] <=> heme[e],,,,,0.073999,,0.087425
Af vs Am,Af,Am,MAR11316,Protoporphyrinogen Oxidase (Aerobic),Porphyrin metabolism,0.115,3.528972349889754e-06,3.6580810943979153e-06,,,0.013187,0.211128,0.0625,161,145,306,Am,,1.5 O2[c] + protoporphyrinogen IX[c] => 3 H2O[c] + protoporphyrin[c],,,,,0.075377,,0.088564
Af vs Am,Af,Am,MAR04752,Coproporphyrinogen:oxygen oxidoreductase(decarboxylating),Porphyrin metabolism,0.115,3.528972349889754e-06,3.7262440961568822e-06,,,0.013187,0.211128,0.0625,161,146,307,Am,,coproporphyrinogen III[c] + 2 H+[c] + O2[c] => 2 CO2[c] + 2 H2O[c] + protoporphyrinogen IX[c],,,,,0.075377,,0.088564
Af vs Am,Af,Am,MAR11318,Proton Diffusion,Extracellular transport,0.183,4.808958234324042e-15,5.5994719166786786e-15,,,0.139354,5.944298,0.0234,146,161,307,Am,,H+[e] <=> H+[c],,,,,-0.194519,,-0.055165
Af vs Am,Af,Am,MAR09076,Fe2+ exchange,Exchange/demand reactions,0.115,3.528972349889754e-06,3.68052330970097e-06,,,-0.013187,0.211128,0.0625,161,147,308,Af,,Fe2+[e] <=> ,,,,,-0.075377,,-0.088564
Af vs Am,Af,Am,MAR05987,Iron  II  transport,Extracellular transport,0.115,3.528972349889754e-06,3.703242589390482e-06,,,0.013187,0.211128,0.0625,161,148,309,Am,,Fe2+[e] + H+[e] => Fe2+[c] + H+[c],,,,,0.075377,,0.088564
Af vs Am,Af,Am,MAR09242,Type IIIAb exchange,Exchange/demand reactions,0.169,6.977595468924533e-13,7.80388966919191e-13,,,-0.059101,3.051293,0.0194,149,162,311,Af,,acetaldehyde[e] <=> ,,,,,-0.393967,,-0.453068
Af vs Am,Af,Am,MAR04948,Acetaldehyde reversible transport,Extracellular transport,0.169,6.977595468924533e-13,7.80388966919191e-13,,,-0.059101,3.051293,0.0194,149,163,312,Af,,acetaldehyde[c] <=> acetaldehyde[e],,,,,-0.393967,,-0.453068
Af vs Am,Af,Am,MAR04710,"2-deoxy-D-ribose 1-phosphate 1,5-phosphomutase",Pentose phosphate pathway,0.169,6.977595468924533e-13,7.80388966919191e-13,,,-0.059101,3.051293,0.0194,149,164,313,Af,,2-deoxy-D-ribose-1-phosphate[c] <=> 2-deoxy-D-ribose-5-phosphate[c],,,,,-0.393967,,-0.453068
Af vs Am,Af,Am,MAR04398,2-deoxy-D-ribose-5-phosphate acetaldehyde-lyase (D-glyceraldehyde-3-phosphate-forming),Pentose phosphate pathway,0.169,6.977595468924533e-13,7.80388966919191e-13,,,-0.059101,3.051293,0.0194,149,165,314,Af,,2-deoxy-D-ribose-5-phosphate[c] <=> acetaldehyde[c] + D-glyceraldehyde 3-phosphate[c],,,,,-0.393967,,-0.453068
Af vs Am,Af,Am,MAR02351,Facilitated diffusion of phosphate (c to e),Extracellular transport,0.113,5.577646320340156e-06,5.746665905805009e-06,,,-0.162777,3.14383,0.0518,165,154,319,Af,,Pi[c] => Pi[e],,,,,1.1774,,1.014623
Af vs Am,Af,Am,MAR06328,ATP:ADP phosphatransferase,Mitochondrial transport,0.141,4.38875271454814e-09,4.813470719181831e-09,,,10.632641,1701.162885,0.0063,155,169,324,Am,,ADP[c] + ATP[m] <=> ADP[m] + ATP[c],,,,,-75.10044,,-64.467799
Af vs Am,Af,Am,MAR09362,"Keratan sulfate I, degradation product 1 exchange",Exchange/demand reactions,0.053,0.1205152606606559,0.1226802054629431,,,0.02018,0.844436,0.0239,166,159,325,Am,,inosine[e] <=> ,,,,,-0.174783,,-0.154603
Af vs Am,Af,Am,MAR05042,Inosine transport (diffusion),Extracellular transport,0.053,0.1205152606606559,0.1226802054629431,,,0.02018,0.844436,0.0239,166,160,326,Am,,inosine[c] <=> inosine[e],,,,,-0.174783,,-0.154603
Af vs Am,Af,Am,MAR04574,inosine:phosphate alpha-D-ribosyltransferase,Purine metabolism,0.038,0.4659595288557257,0.4715066661040082,,,0.013439,0.841873,0.016,168,166,334,Am,,inosine[c] + Pi[c] <=> hypoxanthine[c] + ribose-1-phosphate[c],,,,,0.174783,,0.188222
Af vs Am,Af,Am,MAR04848,Hypoxanthine transport,Extracellular transport,0.038,0.4659595288557257,0.4659595288557257,,,0.013439,0.841873,0.016,168,167,335,Am,,hypoxanthine[c] <=> hypoxanthine[e],,,,,0.174783,,0.188222
Af vs Am,Af,Am,MAR09358,L-Isoleucine exchange,Exchange/demand reactions,0.038,0.4659595288557257,0.4659595288557257,,,0.013439,0.841873,0.016,168,168,336,Am,,hypoxanthine[e] <=> ,,,,,0.174783,,0.188222
